date_id;date;year
1;01.01.1904;1904
2;02.01.1904;1904
3;03.01.1904;1904
4;04.01.1904;1904
5;05.01.1904;1904
6;06.01.1904;1904
7;07.01.1904;1904
8;08.01.1904;1904
9;09.01.1904;1904
10;10.01.1904;1904
11;11.01.1904;1904
12;12.01.1904;1904
13;13.01.1904;1904
14;14.01.1904;1904
15;15.01.1904;1904
16;16.01.1904;1904
17;17.01.1904;1904
18;18.01.1904;1904
19;19.01.1904;1904
20;20.01.1904;1904
21;21.01.1904;1904
22;22.01.1904;1904
23;23.01.1904;1904
24;24.01.1904;1904
25;25.01.1904;1904
26;26.01.1904;1904
27;27.01.1904;1904
28;28.01.1904;1904
29;29.01.1904;1904
30;30.01.1904;1904
31;31.01.1904;1904
32;01.02.1904;1904
33;02.02.1904;1904
34;03.02.1904;1904
35;04.02.1904;1904
36;05.02.1904;1904
37;06.02.1904;1904
38;07.02.1904;1904
39;08.02.1904;1904
40;09.02.1904;1904
41;10.02.1904;1904
42;11.02.1904;1904
43;12.02.1904;1904
44;13.02.1904;1904
45;14.02.1904;1904
46;15.02.1904;1904
47;16.02.1904;1904
48;17.02.1904;1904
49;18.02.1904;1904
50;19.02.1904;1904
51;20.02.1904;1904
52;21.02.1904;1904
53;22.02.1904;1904
54;23.02.1904;1904
55;24.02.1904;1904
56;25.02.1904;1904
57;26.02.1904;1904
58;27.02.1904;1904
59;28.02.1904;1904
60;29.02.1904;1904
61;01.03.1904;1904
62;02.03.1904;1904
63;03.03.1904;1904
64;04.03.1904;1904
65;05.03.1904;1904
66;06.03.1904;1904
67;07.03.1904;1904
68;08.03.1904;1904
69;09.03.1904;1904
70;10.03.1904;1904
71;11.03.1904;1904
72;12.03.1904;1904
73;13.03.1904;1904
74;14.03.1904;1904
75;15.03.1904;1904
76;16.03.1904;1904
77;17.03.1904;1904
78;18.03.1904;1904
79;19.03.1904;1904
80;20.03.1904;1904
81;21.03.1904;1904
82;22.03.1904;1904
83;23.03.1904;1904
84;24.03.1904;1904
85;25.03.1904;1904
86;26.03.1904;1904
87;27.03.1904;1904
88;28.03.1904;1904
89;29.03.1904;1904
90;30.03.1904;1904
91;31.03.1904;1904
92;01.04.1904;1904
93;02.04.1904;1904
94;03.04.1904;1904
95;04.04.1904;1904
96;05.04.1904;1904
97;06.04.1904;1904
98;07.04.1904;1904
99;08.04.1904;1904
100;09.04.1904;1904
101;10.04.1904;1904
102;11.04.1904;1904
103;12.04.1904;1904
104;13.04.1904;1904
105;14.04.1904;1904
106;15.04.1904;1904
107;16.04.1904;1904
108;17.04.1904;1904
109;18.04.1904;1904
110;19.04.1904;1904
111;20.04.1904;1904
112;21.04.1904;1904
113;22.04.1904;1904
114;23.04.1904;1904
115;24.04.1904;1904
116;25.04.1904;1904
117;26.04.1904;1904
118;27.04.1904;1904
119;28.04.1904;1904
120;29.04.1904;1904
121;30.04.1904;1904
122;01.05.1904;1904
123;02.05.1904;1904
124;03.05.1904;1904
125;04.05.1904;1904
126;05.05.1904;1904
127;06.05.1904;1904
128;07.05.1904;1904
129;08.05.1904;1904
130;09.05.1904;1904
131;10.05.1904;1904
132;11.05.1904;1904
133;12.05.1904;1904
134;13.05.1904;1904
135;14.05.1904;1904
136;15.05.1904;1904
137;16.05.1904;1904
138;17.05.1904;1904
139;18.05.1904;1904
140;19.05.1904;1904
141;20.05.1904;1904
142;21.05.1904;1904
143;22.05.1904;1904
144;23.05.1904;1904
145;24.05.1904;1904
146;25.05.1904;1904
147;26.05.1904;1904
148;27.05.1904;1904
149;28.05.1904;1904
150;29.05.1904;1904
151;30.05.1904;1904
152;31.05.1904;1904
153;01.06.1904;1904
154;02.06.1904;1904
155;03.06.1904;1904
156;04.06.1904;1904
157;05.06.1904;1904
158;06.06.1904;1904
159;07.06.1904;1904
160;08.06.1904;1904
161;09.06.1904;1904
162;10.06.1904;1904
163;11.06.1904;1904
164;12.06.1904;1904
165;13.06.1904;1904
166;14.06.1904;1904
167;15.06.1904;1904
168;16.06.1904;1904
169;17.06.1904;1904
170;18.06.1904;1904
171;19.06.1904;1904
172;20.06.1904;1904
173;21.06.1904;1904
174;22.06.1904;1904
175;23.06.1904;1904
176;24.06.1904;1904
177;25.06.1904;1904
178;26.06.1904;1904
179;27.06.1904;1904
180;28.06.1904;1904
181;29.06.1904;1904
182;30.06.1904;1904
183;01.07.1904;1904
184;02.07.1904;1904
185;03.07.1904;1904
186;04.07.1904;1904
187;05.07.1904;1904
188;06.07.1904;1904
189;07.07.1904;1904
190;08.07.1904;1904
191;09.07.1904;1904
192;10.07.1904;1904
193;11.07.1904;1904
194;12.07.1904;1904
195;13.07.1904;1904
196;14.07.1904;1904
197;15.07.1904;1904
198;16.07.1904;1904
199;17.07.1904;1904
200;18.07.1904;1904
201;19.07.1904;1904
202;20.07.1904;1904
203;21.07.1904;1904
204;22.07.1904;1904
205;23.07.1904;1904
206;24.07.1904;1904
207;25.07.1904;1904
208;26.07.1904;1904
209;27.07.1904;1904
210;28.07.1904;1904
211;29.07.1904;1904
212;30.07.1904;1904
213;31.07.1904;1904
214;01.08.1904;1904
215;02.08.1904;1904
216;03.08.1904;1904
217;04.08.1904;1904
218;05.08.1904;1904
219;06.08.1904;1904
220;07.08.1904;1904
221;08.08.1904;1904
222;09.08.1904;1904
223;10.08.1904;1904
224;11.08.1904;1904
225;12.08.1904;1904
226;13.08.1904;1904
227;14.08.1904;1904
228;15.08.1904;1904
229;16.08.1904;1904
230;17.08.1904;1904
231;18.08.1904;1904
232;19.08.1904;1904
233;20.08.1904;1904
234;21.08.1904;1904
235;22.08.1904;1904
236;23.08.1904;1904
237;24.08.1904;1904
238;25.08.1904;1904
239;26.08.1904;1904
240;27.08.1904;1904
241;28.08.1904;1904
242;29.08.1904;1904
243;30.08.1904;1904
244;31.08.1904;1904
245;01.09.1904;1904
246;02.09.1904;1904
247;03.09.1904;1904
248;04.09.1904;1904
249;05.09.1904;1904
250;06.09.1904;1904
251;07.09.1904;1904
252;08.09.1904;1904
253;09.09.1904;1904
254;10.09.1904;1904
255;11.09.1904;1904
256;12.09.1904;1904
257;13.09.1904;1904
258;14.09.1904;1904
259;15.09.1904;1904
260;16.09.1904;1904
261;17.09.1904;1904
262;18.09.1904;1904
263;19.09.1904;1904
264;20.09.1904;1904
265;21.09.1904;1904
266;22.09.1904;1904
267;23.09.1904;1904
268;24.09.1904;1904
269;25.09.1904;1904
270;26.09.1904;1904
271;27.09.1904;1904
272;28.09.1904;1904
273;29.09.1904;1904
274;30.09.1904;1904
275;01.10.1904;1904
276;02.10.1904;1904
277;03.10.1904;1904
278;04.10.1904;1904
279;05.10.1904;1904
280;06.10.1904;1904
281;07.10.1904;1904
282;08.10.1904;1904
283;09.10.1904;1904
284;10.10.1904;1904
285;11.10.1904;1904
286;12.10.1904;1904
287;13.10.1904;1904
288;14.10.1904;1904
289;15.10.1904;1904
290;16.10.1904;1904
291;17.10.1904;1904
292;18.10.1904;1904
293;19.10.1904;1904
294;20.10.1904;1904
295;21.10.1904;1904
296;22.10.1904;1904
297;23.10.1904;1904
298;24.10.1904;1904
299;25.10.1904;1904
300;26.10.1904;1904
301;27.10.1904;1904
302;28.10.1904;1904
303;29.10.1904;1904
304;30.10.1904;1904
305;31.10.1904;1904
306;01.11.1904;1904
307;02.11.1904;1904
308;03.11.1904;1904
309;04.11.1904;1904
310;05.11.1904;1904
311;06.11.1904;1904
312;07.11.1904;1904
313;08.11.1904;1904
314;09.11.1904;1904
315;10.11.1904;1904
316;11.11.1904;1904
317;12.11.1904;1904
318;13.11.1904;1904
319;14.11.1904;1904
320;15.11.1904;1904
321;16.11.1904;1904
322;17.11.1904;1904
323;18.11.1904;1904
324;19.11.1904;1904
325;20.11.1904;1904
326;21.11.1904;1904
327;22.11.1904;1904
328;23.11.1904;1904
329;24.11.1904;1904
330;25.11.1904;1904
331;26.11.1904;1904
332;27.11.1904;1904
333;28.11.1904;1904
334;29.11.1904;1904
335;30.11.1904;1904
336;01.12.1904;1904
337;02.12.1904;1904
338;03.12.1904;1904
339;04.12.1904;1904
340;05.12.1904;1904
341;06.12.1904;1904
342;07.12.1904;1904
343;08.12.1904;1904
344;09.12.1904;1904
345;10.12.1904;1904
346;11.12.1904;1904
347;12.12.1904;1904
348;13.12.1904;1904
349;14.12.1904;1904
350;15.12.1904;1904
351;16.12.1904;1904
352;17.12.1904;1904
353;18.12.1904;1904
354;19.12.1904;1904
355;20.12.1904;1904
356;21.12.1904;1904
357;22.12.1904;1904
358;23.12.1904;1904
359;24.12.1904;1904
360;25.12.1904;1904
361;26.12.1904;1904
362;27.12.1904;1904
363;28.12.1904;1904
364;29.12.1904;1904
365;30.12.1904;1904
366;31.12.1904;1904
1462;01.01.1908;1908
1463;02.01.1908;1908
1464;03.01.1908;1908
1465;04.01.1908;1908
1466;05.01.1908;1908
1467;06.01.1908;1908
1468;07.01.1908;1908
1469;08.01.1908;1908
1470;09.01.1908;1908
1471;10.01.1908;1908
1472;11.01.1908;1908
1473;12.01.1908;1908
1474;13.01.1908;1908
1475;14.01.1908;1908
1476;15.01.1908;1908
1477;16.01.1908;1908
1478;17.01.1908;1908
1479;18.01.1908;1908
1480;19.01.1908;1908
1481;20.01.1908;1908
1482;21.01.1908;1908
1483;22.01.1908;1908
1484;23.01.1908;1908
1485;24.01.1908;1908
1486;25.01.1908;1908
1487;26.01.1908;1908
1488;27.01.1908;1908
1489;28.01.1908;1908
1490;29.01.1908;1908
1491;30.01.1908;1908
1492;31.01.1908;1908
1493;01.02.1908;1908
1494;02.02.1908;1908
1495;03.02.1908;1908
1496;04.02.1908;1908
1497;05.02.1908;1908
1498;06.02.1908;1908
1499;07.02.1908;1908
1500;08.02.1908;1908
1501;09.02.1908;1908
1502;10.02.1908;1908
1503;11.02.1908;1908
1504;12.02.1908;1908
1505;13.02.1908;1908
1506;14.02.1908;1908
1507;15.02.1908;1908
1508;16.02.1908;1908
1509;17.02.1908;1908
1510;18.02.1908;1908
1511;19.02.1908;1908
1512;20.02.1908;1908
1513;21.02.1908;1908
1514;22.02.1908;1908
1515;23.02.1908;1908
1516;24.02.1908;1908
1517;25.02.1908;1908
1518;26.02.1908;1908
1519;27.02.1908;1908
1520;28.02.1908;1908
1521;29.02.1908;1908
1522;01.03.1908;1908
1523;02.03.1908;1908
1524;03.03.1908;1908
1525;04.03.1908;1908
1526;05.03.1908;1908
1527;06.03.1908;1908
1528;07.03.1908;1908
1529;08.03.1908;1908
1530;09.03.1908;1908
1531;10.03.1908;1908
1532;11.03.1908;1908
1533;12.03.1908;1908
1534;13.03.1908;1908
1535;14.03.1908;1908
1536;15.03.1908;1908
1537;16.03.1908;1908
1538;17.03.1908;1908
1539;18.03.1908;1908
1540;19.03.1908;1908
1541;20.03.1908;1908
1542;21.03.1908;1908
1543;22.03.1908;1908
1544;23.03.1908;1908
1545;24.03.1908;1908
1546;25.03.1908;1908
1547;26.03.1908;1908
1548;27.03.1908;1908
1549;28.03.1908;1908
1550;29.03.1908;1908
1551;30.03.1908;1908
1552;31.03.1908;1908
1553;01.04.1908;1908
1554;02.04.1908;1908
1555;03.04.1908;1908
1556;04.04.1908;1908
1557;05.04.1908;1908
1558;06.04.1908;1908
1559;07.04.1908;1908
1560;08.04.1908;1908
1561;09.04.1908;1908
1562;10.04.1908;1908
1563;11.04.1908;1908
1564;12.04.1908;1908
1565;13.04.1908;1908
1566;14.04.1908;1908
1567;15.04.1908;1908
1568;16.04.1908;1908
1569;17.04.1908;1908
1570;18.04.1908;1908
1571;19.04.1908;1908
1572;20.04.1908;1908
1573;21.04.1908;1908
1574;22.04.1908;1908
1575;23.04.1908;1908
1576;24.04.1908;1908
1577;25.04.1908;1908
1578;26.04.1908;1908
1579;27.04.1908;1908
1580;28.04.1908;1908
1581;29.04.1908;1908
1582;30.04.1908;1908
1583;01.05.1908;1908
1584;02.05.1908;1908
1585;03.05.1908;1908
1586;04.05.1908;1908
1587;05.05.1908;1908
1588;06.05.1908;1908
1589;07.05.1908;1908
1590;08.05.1908;1908
1591;09.05.1908;1908
1592;10.05.1908;1908
1593;11.05.1908;1908
1594;12.05.1908;1908
1595;13.05.1908;1908
1596;14.05.1908;1908
1597;15.05.1908;1908
1598;16.05.1908;1908
1599;17.05.1908;1908
1600;18.05.1908;1908
1601;19.05.1908;1908
1602;20.05.1908;1908
1603;21.05.1908;1908
1604;22.05.1908;1908
1605;23.05.1908;1908
1606;24.05.1908;1908
1607;25.05.1908;1908
1608;26.05.1908;1908
1609;27.05.1908;1908
1610;28.05.1908;1908
1611;29.05.1908;1908
1612;30.05.1908;1908
1613;31.05.1908;1908
1614;01.06.1908;1908
1615;02.06.1908;1908
1616;03.06.1908;1908
1617;04.06.1908;1908
1618;05.06.1908;1908
1619;06.06.1908;1908
1620;07.06.1908;1908
1621;08.06.1908;1908
1622;09.06.1908;1908
1623;10.06.1908;1908
1624;11.06.1908;1908
1625;12.06.1908;1908
1626;13.06.1908;1908
1627;14.06.1908;1908
1628;15.06.1908;1908
1629;16.06.1908;1908
1630;17.06.1908;1908
1631;18.06.1908;1908
1632;19.06.1908;1908
1633;20.06.1908;1908
1634;21.06.1908;1908
1635;22.06.1908;1908
1636;23.06.1908;1908
1637;24.06.1908;1908
1638;25.06.1908;1908
1639;26.06.1908;1908
1640;27.06.1908;1908
1641;28.06.1908;1908
1642;29.06.1908;1908
1643;30.06.1908;1908
1644;01.07.1908;1908
1645;02.07.1908;1908
1646;03.07.1908;1908
1647;04.07.1908;1908
1648;05.07.1908;1908
1649;06.07.1908;1908
1650;07.07.1908;1908
1651;08.07.1908;1908
1652;09.07.1908;1908
1653;10.07.1908;1908
1654;11.07.1908;1908
1655;12.07.1908;1908
1656;13.07.1908;1908
1657;14.07.1908;1908
1658;15.07.1908;1908
1659;16.07.1908;1908
1660;17.07.1908;1908
1661;18.07.1908;1908
1662;19.07.1908;1908
1663;20.07.1908;1908
1664;21.07.1908;1908
1665;22.07.1908;1908
1666;23.07.1908;1908
1667;24.07.1908;1908
1668;25.07.1908;1908
1669;26.07.1908;1908
1670;27.07.1908;1908
1671;28.07.1908;1908
1672;29.07.1908;1908
1673;30.07.1908;1908
1674;31.07.1908;1908
1675;01.08.1908;1908
1676;02.08.1908;1908
1677;03.08.1908;1908
1678;04.08.1908;1908
1679;05.08.1908;1908
1680;06.08.1908;1908
1681;07.08.1908;1908
1682;08.08.1908;1908
1683;09.08.1908;1908
1684;10.08.1908;1908
1685;11.08.1908;1908
1686;12.08.1908;1908
1687;13.08.1908;1908
1688;14.08.1908;1908
1689;15.08.1908;1908
1690;16.08.1908;1908
1691;17.08.1908;1908
1692;18.08.1908;1908
1693;19.08.1908;1908
1694;20.08.1908;1908
1695;21.08.1908;1908
1696;22.08.1908;1908
1697;23.08.1908;1908
1698;24.08.1908;1908
1699;25.08.1908;1908
1700;26.08.1908;1908
1701;27.08.1908;1908
1702;28.08.1908;1908
1703;29.08.1908;1908
1704;30.08.1908;1908
1705;31.08.1908;1908
1706;01.09.1908;1908
1707;02.09.1908;1908
1708;03.09.1908;1908
1709;04.09.1908;1908
1710;05.09.1908;1908
1711;06.09.1908;1908
1712;07.09.1908;1908
1713;08.09.1908;1908
1714;09.09.1908;1908
1715;10.09.1908;1908
1716;11.09.1908;1908
1717;12.09.1908;1908
1718;13.09.1908;1908
1719;14.09.1908;1908
1720;15.09.1908;1908
1721;16.09.1908;1908
1722;17.09.1908;1908
1723;18.09.1908;1908
1724;19.09.1908;1908
1725;20.09.1908;1908
1726;21.09.1908;1908
1727;22.09.1908;1908
1728;23.09.1908;1908
1729;24.09.1908;1908
1730;25.09.1908;1908
1731;26.09.1908;1908
1732;27.09.1908;1908
1733;28.09.1908;1908
1734;29.09.1908;1908
1735;30.09.1908;1908
1736;01.10.1908;1908
1737;02.10.1908;1908
1738;03.10.1908;1908
1739;04.10.1908;1908
1740;05.10.1908;1908
1741;06.10.1908;1908
1742;07.10.1908;1908
1743;08.10.1908;1908
1744;09.10.1908;1908
1745;10.10.1908;1908
1746;11.10.1908;1908
1747;12.10.1908;1908
1748;13.10.1908;1908
1749;14.10.1908;1908
1750;15.10.1908;1908
1751;16.10.1908;1908
1752;17.10.1908;1908
1753;18.10.1908;1908
1754;19.10.1908;1908
1755;20.10.1908;1908
1756;21.10.1908;1908
1757;22.10.1908;1908
1758;23.10.1908;1908
1759;24.10.1908;1908
1760;25.10.1908;1908
1761;26.10.1908;1908
1762;27.10.1908;1908
1763;28.10.1908;1908
1764;29.10.1908;1908
1765;30.10.1908;1908
1766;31.10.1908;1908
1767;01.11.1908;1908
1768;02.11.1908;1908
1769;03.11.1908;1908
1770;04.11.1908;1908
1771;05.11.1908;1908
1772;06.11.1908;1908
1773;07.11.1908;1908
1774;08.11.1908;1908
1775;09.11.1908;1908
1776;10.11.1908;1908
1777;11.11.1908;1908
1778;12.11.1908;1908
1779;13.11.1908;1908
1780;14.11.1908;1908
1781;15.11.1908;1908
1782;16.11.1908;1908
1783;17.11.1908;1908
1784;18.11.1908;1908
1785;19.11.1908;1908
1786;20.11.1908;1908
1787;21.11.1908;1908
1788;22.11.1908;1908
1789;23.11.1908;1908
1790;24.11.1908;1908
1791;25.11.1908;1908
1792;26.11.1908;1908
1793;27.11.1908;1908
1794;28.11.1908;1908
1795;29.11.1908;1908
1796;30.11.1908;1908
1797;01.12.1908;1908
1798;02.12.1908;1908
1799;03.12.1908;1908
1800;04.12.1908;1908
1801;05.12.1908;1908
1802;06.12.1908;1908
1803;07.12.1908;1908
1804;08.12.1908;1908
1805;09.12.1908;1908
1806;10.12.1908;1908
1807;11.12.1908;1908
1808;12.12.1908;1908
1809;13.12.1908;1908
1810;14.12.1908;1908
1811;15.12.1908;1908
1812;16.12.1908;1908
1813;17.12.1908;1908
1814;18.12.1908;1908
1815;19.12.1908;1908
1816;20.12.1908;1908
1817;21.12.1908;1908
1818;22.12.1908;1908
1819;23.12.1908;1908
1820;24.12.1908;1908
1821;25.12.1908;1908
1822;26.12.1908;1908
1823;27.12.1908;1908
1824;28.12.1908;1908
1825;29.12.1908;1908
1826;30.12.1908;1908
1827;31.12.1908;1908
2923;01.01.1912;1912
2924;02.01.1912;1912
2925;03.01.1912;1912
2926;04.01.1912;1912
2927;05.01.1912;1912
2928;06.01.1912;1912
2929;07.01.1912;1912
2930;08.01.1912;1912
2931;09.01.1912;1912
2932;10.01.1912;1912
2933;11.01.1912;1912
2934;12.01.1912;1912
2935;13.01.1912;1912
2936;14.01.1912;1912
2937;15.01.1912;1912
2938;16.01.1912;1912
2939;17.01.1912;1912
2940;18.01.1912;1912
2941;19.01.1912;1912
2942;20.01.1912;1912
2943;21.01.1912;1912
2944;22.01.1912;1912
2945;23.01.1912;1912
2946;24.01.1912;1912
2947;25.01.1912;1912
2948;26.01.1912;1912
2949;27.01.1912;1912
2950;28.01.1912;1912
2951;29.01.1912;1912
2952;30.01.1912;1912
2953;31.01.1912;1912
2954;01.02.1912;1912
2955;02.02.1912;1912
2956;03.02.1912;1912
2957;04.02.1912;1912
2958;05.02.1912;1912
2959;06.02.1912;1912
2960;07.02.1912;1912
2961;08.02.1912;1912
2962;09.02.1912;1912
2963;10.02.1912;1912
2964;11.02.1912;1912
2965;12.02.1912;1912
2966;13.02.1912;1912
2967;14.02.1912;1912
2968;15.02.1912;1912
2969;16.02.1912;1912
2970;17.02.1912;1912
2971;18.02.1912;1912
2972;19.02.1912;1912
2973;20.02.1912;1912
2974;21.02.1912;1912
2975;22.02.1912;1912
2976;23.02.1912;1912
2977;24.02.1912;1912
2978;25.02.1912;1912
2979;26.02.1912;1912
2980;27.02.1912;1912
2981;28.02.1912;1912
2982;29.02.1912;1912
2983;01.03.1912;1912
2984;02.03.1912;1912
2985;03.03.1912;1912
2986;04.03.1912;1912
2987;05.03.1912;1912
2988;06.03.1912;1912
2989;07.03.1912;1912
2990;08.03.1912;1912
2991;09.03.1912;1912
2992;10.03.1912;1912
2993;11.03.1912;1912
2994;12.03.1912;1912
2995;13.03.1912;1912
2996;14.03.1912;1912
2997;15.03.1912;1912
2998;16.03.1912;1912
2999;17.03.1912;1912
3000;18.03.1912;1912
3001;19.03.1912;1912
3002;20.03.1912;1912
3003;21.03.1912;1912
3004;22.03.1912;1912
3005;23.03.1912;1912
3006;24.03.1912;1912
3007;25.03.1912;1912
3008;26.03.1912;1912
3009;27.03.1912;1912
3010;28.03.1912;1912
3011;29.03.1912;1912
3012;30.03.1912;1912
3013;31.03.1912;1912
3014;01.04.1912;1912
3015;02.04.1912;1912
3016;03.04.1912;1912
3017;04.04.1912;1912
3018;05.04.1912;1912
3019;06.04.1912;1912
3020;07.04.1912;1912
3021;08.04.1912;1912
3022;09.04.1912;1912
3023;10.04.1912;1912
3024;11.04.1912;1912
3025;12.04.1912;1912
3026;13.04.1912;1912
3027;14.04.1912;1912
3028;15.04.1912;1912
3029;16.04.1912;1912
3030;17.04.1912;1912
3031;18.04.1912;1912
3032;19.04.1912;1912
3033;20.04.1912;1912
3034;21.04.1912;1912
3035;22.04.1912;1912
3036;23.04.1912;1912
3037;24.04.1912;1912
3038;25.04.1912;1912
3039;26.04.1912;1912
3040;27.04.1912;1912
3041;28.04.1912;1912
3042;29.04.1912;1912
3043;30.04.1912;1912
3044;01.05.1912;1912
3045;02.05.1912;1912
3046;03.05.1912;1912
3047;04.05.1912;1912
3048;05.05.1912;1912
3049;06.05.1912;1912
3050;07.05.1912;1912
3051;08.05.1912;1912
3052;09.05.1912;1912
3053;10.05.1912;1912
3054;11.05.1912;1912
3055;12.05.1912;1912
3056;13.05.1912;1912
3057;14.05.1912;1912
3058;15.05.1912;1912
3059;16.05.1912;1912
3060;17.05.1912;1912
3061;18.05.1912;1912
3062;19.05.1912;1912
3063;20.05.1912;1912
3064;21.05.1912;1912
3065;22.05.1912;1912
3066;23.05.1912;1912
3067;24.05.1912;1912
3068;25.05.1912;1912
3069;26.05.1912;1912
3070;27.05.1912;1912
3071;28.05.1912;1912
3072;29.05.1912;1912
3073;30.05.1912;1912
3074;31.05.1912;1912
3075;01.06.1912;1912
3076;02.06.1912;1912
3077;03.06.1912;1912
3078;04.06.1912;1912
3079;05.06.1912;1912
3080;06.06.1912;1912
3081;07.06.1912;1912
3082;08.06.1912;1912
3083;09.06.1912;1912
3084;10.06.1912;1912
3085;11.06.1912;1912
3086;12.06.1912;1912
3087;13.06.1912;1912
3088;14.06.1912;1912
3089;15.06.1912;1912
3090;16.06.1912;1912
3091;17.06.1912;1912
3092;18.06.1912;1912
3093;19.06.1912;1912
3094;20.06.1912;1912
3095;21.06.1912;1912
3096;22.06.1912;1912
3097;23.06.1912;1912
3098;24.06.1912;1912
3099;25.06.1912;1912
3100;26.06.1912;1912
3101;27.06.1912;1912
3102;28.06.1912;1912
3103;29.06.1912;1912
3104;30.06.1912;1912
3105;01.07.1912;1912
3106;02.07.1912;1912
3107;03.07.1912;1912
3108;04.07.1912;1912
3109;05.07.1912;1912
3110;06.07.1912;1912
3111;07.07.1912;1912
3112;08.07.1912;1912
3113;09.07.1912;1912
3114;10.07.1912;1912
3115;11.07.1912;1912
3116;12.07.1912;1912
3117;13.07.1912;1912
3118;14.07.1912;1912
3119;15.07.1912;1912
3120;16.07.1912;1912
3121;17.07.1912;1912
3122;18.07.1912;1912
3123;19.07.1912;1912
3124;20.07.1912;1912
3125;21.07.1912;1912
3126;22.07.1912;1912
3127;23.07.1912;1912
3128;24.07.1912;1912
3129;25.07.1912;1912
3130;26.07.1912;1912
3131;27.07.1912;1912
3132;28.07.1912;1912
3133;29.07.1912;1912
3134;30.07.1912;1912
3135;31.07.1912;1912
3136;01.08.1912;1912
3137;02.08.1912;1912
3138;03.08.1912;1912
3139;04.08.1912;1912
3140;05.08.1912;1912
3141;06.08.1912;1912
3142;07.08.1912;1912
3143;08.08.1912;1912
3144;09.08.1912;1912
3145;10.08.1912;1912
3146;11.08.1912;1912
3147;12.08.1912;1912
3148;13.08.1912;1912
3149;14.08.1912;1912
3150;15.08.1912;1912
3151;16.08.1912;1912
3152;17.08.1912;1912
3153;18.08.1912;1912
3154;19.08.1912;1912
3155;20.08.1912;1912
3156;21.08.1912;1912
3157;22.08.1912;1912
3158;23.08.1912;1912
3159;24.08.1912;1912
3160;25.08.1912;1912
3161;26.08.1912;1912
3162;27.08.1912;1912
3163;28.08.1912;1912
3164;29.08.1912;1912
3165;30.08.1912;1912
3166;31.08.1912;1912
3167;01.09.1912;1912
3168;02.09.1912;1912
3169;03.09.1912;1912
3170;04.09.1912;1912
3171;05.09.1912;1912
3172;06.09.1912;1912
3173;07.09.1912;1912
3174;08.09.1912;1912
3175;09.09.1912;1912
3176;10.09.1912;1912
3177;11.09.1912;1912
3178;12.09.1912;1912
3179;13.09.1912;1912
3180;14.09.1912;1912
3181;15.09.1912;1912
3182;16.09.1912;1912
3183;17.09.1912;1912
3184;18.09.1912;1912
3185;19.09.1912;1912
3186;20.09.1912;1912
3187;21.09.1912;1912
3188;22.09.1912;1912
3189;23.09.1912;1912
3190;24.09.1912;1912
3191;25.09.1912;1912
3192;26.09.1912;1912
3193;27.09.1912;1912
3194;28.09.1912;1912
3195;29.09.1912;1912
3196;30.09.1912;1912
3197;01.10.1912;1912
3198;02.10.1912;1912
3199;03.10.1912;1912
3200;04.10.1912;1912
3201;05.10.1912;1912
3202;06.10.1912;1912
3203;07.10.1912;1912
3204;08.10.1912;1912
3205;09.10.1912;1912
3206;10.10.1912;1912
3207;11.10.1912;1912
3208;12.10.1912;1912
3209;13.10.1912;1912
3210;14.10.1912;1912
3211;15.10.1912;1912
3212;16.10.1912;1912
3213;17.10.1912;1912
3214;18.10.1912;1912
3215;19.10.1912;1912
3216;20.10.1912;1912
3217;21.10.1912;1912
3218;22.10.1912;1912
3219;23.10.1912;1912
3220;24.10.1912;1912
3221;25.10.1912;1912
3222;26.10.1912;1912
3223;27.10.1912;1912
3224;28.10.1912;1912
3225;29.10.1912;1912
3226;30.10.1912;1912
3227;31.10.1912;1912
3228;01.11.1912;1912
3229;02.11.1912;1912
3230;03.11.1912;1912
3231;04.11.1912;1912
3232;05.11.1912;1912
3233;06.11.1912;1912
3234;07.11.1912;1912
3235;08.11.1912;1912
3236;09.11.1912;1912
3237;10.11.1912;1912
3238;11.11.1912;1912
3239;12.11.1912;1912
3240;13.11.1912;1912
3241;14.11.1912;1912
3242;15.11.1912;1912
3243;16.11.1912;1912
3244;17.11.1912;1912
3245;18.11.1912;1912
3246;19.11.1912;1912
3247;20.11.1912;1912
3248;21.11.1912;1912
3249;22.11.1912;1912
3250;23.11.1912;1912
3251;24.11.1912;1912
3252;25.11.1912;1912
3253;26.11.1912;1912
3254;27.11.1912;1912
3255;28.11.1912;1912
3256;29.11.1912;1912
3257;30.11.1912;1912
3258;01.12.1912;1912
3259;02.12.1912;1912
3260;03.12.1912;1912
3261;04.12.1912;1912
3262;05.12.1912;1912
3263;06.12.1912;1912
3264;07.12.1912;1912
3265;08.12.1912;1912
3266;09.12.1912;1912
3267;10.12.1912;1912
3268;11.12.1912;1912
3269;12.12.1912;1912
3270;13.12.1912;1912
3271;14.12.1912;1912
3272;15.12.1912;1912
3273;16.12.1912;1912
3274;17.12.1912;1912
3275;18.12.1912;1912
3276;19.12.1912;1912
3277;20.12.1912;1912
3278;21.12.1912;1912
3279;22.12.1912;1912
3280;23.12.1912;1912
3281;24.12.1912;1912
3282;25.12.1912;1912
3283;26.12.1912;1912
3284;27.12.1912;1912
3285;28.12.1912;1912
3286;29.12.1912;1912
3287;30.12.1912;1912
3288;31.12.1912;1912
367;01.01.1905;1905
368;02.01.1905;1905
369;03.01.1905;1905
370;04.01.1905;1905
371;05.01.1905;1905
372;06.01.1905;1905
373;07.01.1905;1905
374;08.01.1905;1905
375;09.01.1905;1905
376;10.01.1905;1905
377;11.01.1905;1905
378;12.01.1905;1905
379;13.01.1905;1905
380;14.01.1905;1905
381;15.01.1905;1905
382;16.01.1905;1905
383;17.01.1905;1905
384;18.01.1905;1905
385;19.01.1905;1905
386;20.01.1905;1905
387;21.01.1905;1905
388;22.01.1905;1905
389;23.01.1905;1905
390;24.01.1905;1905
391;25.01.1905;1905
392;26.01.1905;1905
393;27.01.1905;1905
394;28.01.1905;1905
395;29.01.1905;1905
396;30.01.1905;1905
397;31.01.1905;1905
398;01.02.1905;1905
399;02.02.1905;1905
400;03.02.1905;1905
401;04.02.1905;1905
402;05.02.1905;1905
403;06.02.1905;1905
404;07.02.1905;1905
405;08.02.1905;1905
406;09.02.1905;1905
407;10.02.1905;1905
408;11.02.1905;1905
409;12.02.1905;1905
410;13.02.1905;1905
411;14.02.1905;1905
412;15.02.1905;1905
413;16.02.1905;1905
414;17.02.1905;1905
415;18.02.1905;1905
416;19.02.1905;1905
417;20.02.1905;1905
418;21.02.1905;1905
419;22.02.1905;1905
420;23.02.1905;1905
421;24.02.1905;1905
422;25.02.1905;1905
423;26.02.1905;1905
424;27.02.1905;1905
425;28.02.1905;1905
426;01.03.1905;1905
427;02.03.1905;1905
428;03.03.1905;1905
429;04.03.1905;1905
430;05.03.1905;1905
431;06.03.1905;1905
432;07.03.1905;1905
433;08.03.1905;1905
434;09.03.1905;1905
435;10.03.1905;1905
436;11.03.1905;1905
437;12.03.1905;1905
438;13.03.1905;1905
439;14.03.1905;1905
440;15.03.1905;1905
441;16.03.1905;1905
442;17.03.1905;1905
443;18.03.1905;1905
444;19.03.1905;1905
445;20.03.1905;1905
446;21.03.1905;1905
447;22.03.1905;1905
448;23.03.1905;1905
449;24.03.1905;1905
450;25.03.1905;1905
451;26.03.1905;1905
452;27.03.1905;1905
453;28.03.1905;1905
454;29.03.1905;1905
455;30.03.1905;1905
456;31.03.1905;1905
457;01.04.1905;1905
458;02.04.1905;1905
459;03.04.1905;1905
460;04.04.1905;1905
461;05.04.1905;1905
462;06.04.1905;1905
463;07.04.1905;1905
464;08.04.1905;1905
465;09.04.1905;1905
466;10.04.1905;1905
467;11.04.1905;1905
468;12.04.1905;1905
469;13.04.1905;1905
470;14.04.1905;1905
471;15.04.1905;1905
472;16.04.1905;1905
473;17.04.1905;1905
474;18.04.1905;1905
475;19.04.1905;1905
476;20.04.1905;1905
477;21.04.1905;1905
478;22.04.1905;1905
479;23.04.1905;1905
480;24.04.1905;1905
481;25.04.1905;1905
482;26.04.1905;1905
483;27.04.1905;1905
484;28.04.1905;1905
485;29.04.1905;1905
486;30.04.1905;1905
487;01.05.1905;1905
488;02.05.1905;1905
489;03.05.1905;1905
490;04.05.1905;1905
491;05.05.1905;1905
492;06.05.1905;1905
493;07.05.1905;1905
494;08.05.1905;1905
495;09.05.1905;1905
496;10.05.1905;1905
497;11.05.1905;1905
498;12.05.1905;1905
499;13.05.1905;1905
500;14.05.1905;1905
501;15.05.1905;1905
502;16.05.1905;1905
503;17.05.1905;1905
504;18.05.1905;1905
505;19.05.1905;1905
506;20.05.1905;1905
507;21.05.1905;1905
508;22.05.1905;1905
509;23.05.1905;1905
510;24.05.1905;1905
511;25.05.1905;1905
512;26.05.1905;1905
513;27.05.1905;1905
514;28.05.1905;1905
515;29.05.1905;1905
516;30.05.1905;1905
517;31.05.1905;1905
518;01.06.1905;1905
519;02.06.1905;1905
520;03.06.1905;1905
521;04.06.1905;1905
522;05.06.1905;1905
523;06.06.1905;1905
524;07.06.1905;1905
525;08.06.1905;1905
526;09.06.1905;1905
527;10.06.1905;1905
528;11.06.1905;1905
529;12.06.1905;1905
530;13.06.1905;1905
531;14.06.1905;1905
532;15.06.1905;1905
533;16.06.1905;1905
534;17.06.1905;1905
535;18.06.1905;1905
536;19.06.1905;1905
537;20.06.1905;1905
538;21.06.1905;1905
539;22.06.1905;1905
540;23.06.1905;1905
541;24.06.1905;1905
542;25.06.1905;1905
543;26.06.1905;1905
544;27.06.1905;1905
545;28.06.1905;1905
546;29.06.1905;1905
547;30.06.1905;1905
548;01.07.1905;1905
549;02.07.1905;1905
550;03.07.1905;1905
551;04.07.1905;1905
552;05.07.1905;1905
553;06.07.1905;1905
554;07.07.1905;1905
555;08.07.1905;1905
556;09.07.1905;1905
557;10.07.1905;1905
558;11.07.1905;1905
559;12.07.1905;1905
560;13.07.1905;1905
561;14.07.1905;1905
562;15.07.1905;1905
563;16.07.1905;1905
564;17.07.1905;1905
565;18.07.1905;1905
566;19.07.1905;1905
567;20.07.1905;1905
568;21.07.1905;1905
569;22.07.1905;1905
570;23.07.1905;1905
571;24.07.1905;1905
572;25.07.1905;1905
573;26.07.1905;1905
574;27.07.1905;1905
575;28.07.1905;1905
576;29.07.1905;1905
577;30.07.1905;1905
578;31.07.1905;1905
579;01.08.1905;1905
580;02.08.1905;1905
581;03.08.1905;1905
582;04.08.1905;1905
583;05.08.1905;1905
584;06.08.1905;1905
585;07.08.1905;1905
586;08.08.1905;1905
587;09.08.1905;1905
588;10.08.1905;1905
589;11.08.1905;1905
590;12.08.1905;1905
591;13.08.1905;1905
592;14.08.1905;1905
593;15.08.1905;1905
594;16.08.1905;1905
595;17.08.1905;1905
596;18.08.1905;1905
597;19.08.1905;1905
598;20.08.1905;1905
599;21.08.1905;1905
600;22.08.1905;1905
601;23.08.1905;1905
602;24.08.1905;1905
603;25.08.1905;1905
604;26.08.1905;1905
605;27.08.1905;1905
606;28.08.1905;1905
607;29.08.1905;1905
608;30.08.1905;1905
609;31.08.1905;1905
610;01.09.1905;1905
611;02.09.1905;1905
612;03.09.1905;1905
613;04.09.1905;1905
614;05.09.1905;1905
615;06.09.1905;1905
616;07.09.1905;1905
617;08.09.1905;1905
618;09.09.1905;1905
619;10.09.1905;1905
620;11.09.1905;1905
621;12.09.1905;1905
622;13.09.1905;1905
623;14.09.1905;1905
624;15.09.1905;1905
625;16.09.1905;1905
626;17.09.1905;1905
627;18.09.1905;1905
628;19.09.1905;1905
629;20.09.1905;1905
630;21.09.1905;1905
631;22.09.1905;1905
632;23.09.1905;1905
633;24.09.1905;1905
634;25.09.1905;1905
635;26.09.1905;1905
636;27.09.1905;1905
637;28.09.1905;1905
638;29.09.1905;1905
639;30.09.1905;1905
640;01.10.1905;1905
641;02.10.1905;1905
642;03.10.1905;1905
643;04.10.1905;1905
644;05.10.1905;1905
645;06.10.1905;1905
646;07.10.1905;1905
647;08.10.1905;1905
648;09.10.1905;1905
649;10.10.1905;1905
650;11.10.1905;1905
651;12.10.1905;1905
652;13.10.1905;1905
653;14.10.1905;1905
654;15.10.1905;1905
655;16.10.1905;1905
656;17.10.1905;1905
657;18.10.1905;1905
658;19.10.1905;1905
659;20.10.1905;1905
660;21.10.1905;1905
661;22.10.1905;1905
662;23.10.1905;1905
663;24.10.1905;1905
664;25.10.1905;1905
665;26.10.1905;1905
666;27.10.1905;1905
667;28.10.1905;1905
668;29.10.1905;1905
669;30.10.1905;1905
670;31.10.1905;1905
671;01.11.1905;1905
672;02.11.1905;1905
673;03.11.1905;1905
674;04.11.1905;1905
675;05.11.1905;1905
676;06.11.1905;1905
677;07.11.1905;1905
678;08.11.1905;1905
679;09.11.1905;1905
680;10.11.1905;1905
681;11.11.1905;1905
682;12.11.1905;1905
683;13.11.1905;1905
684;14.11.1905;1905
685;15.11.1905;1905
686;16.11.1905;1905
687;17.11.1905;1905
688;18.11.1905;1905
689;19.11.1905;1905
690;20.11.1905;1905
691;21.11.1905;1905
692;22.11.1905;1905
693;23.11.1905;1905
694;24.11.1905;1905
695;25.11.1905;1905
696;26.11.1905;1905
697;27.11.1905;1905
698;28.11.1905;1905
699;29.11.1905;1905
700;30.11.1905;1905
701;01.12.1905;1905
702;02.12.1905;1905
703;03.12.1905;1905
704;04.12.1905;1905
705;05.12.1905;1905
706;06.12.1905;1905
707;07.12.1905;1905
708;08.12.1905;1905
709;09.12.1905;1905
710;10.12.1905;1905
711;11.12.1905;1905
712;12.12.1905;1905
713;13.12.1905;1905
714;14.12.1905;1905
715;15.12.1905;1905
716;16.12.1905;1905
717;17.12.1905;1905
718;18.12.1905;1905
719;19.12.1905;1905
720;20.12.1905;1905
721;21.12.1905;1905
722;22.12.1905;1905
723;23.12.1905;1905
724;24.12.1905;1905
725;25.12.1905;1905
726;26.12.1905;1905
727;27.12.1905;1905
728;28.12.1905;1905
729;29.12.1905;1905
730;30.12.1905;1905
731;31.12.1905;1905
732;01.01.1906;1906
733;02.01.1906;1906
734;03.01.1906;1906
735;04.01.1906;1906
736;05.01.1906;1906
737;06.01.1906;1906
738;07.01.1906;1906
739;08.01.1906;1906
740;09.01.1906;1906
741;10.01.1906;1906
742;11.01.1906;1906
743;12.01.1906;1906
744;13.01.1906;1906
745;14.01.1906;1906
746;15.01.1906;1906
747;16.01.1906;1906
748;17.01.1906;1906
749;18.01.1906;1906
750;19.01.1906;1906
751;20.01.1906;1906
752;21.01.1906;1906
753;22.01.1906;1906
754;23.01.1906;1906
755;24.01.1906;1906
756;25.01.1906;1906
757;26.01.1906;1906
758;27.01.1906;1906
759;28.01.1906;1906
760;29.01.1906;1906
761;30.01.1906;1906
762;31.01.1906;1906
763;01.02.1906;1906
764;02.02.1906;1906
765;03.02.1906;1906
766;04.02.1906;1906
767;05.02.1906;1906
768;06.02.1906;1906
769;07.02.1906;1906
770;08.02.1906;1906
771;09.02.1906;1906
772;10.02.1906;1906
773;11.02.1906;1906
774;12.02.1906;1906
775;13.02.1906;1906
776;14.02.1906;1906
777;15.02.1906;1906
778;16.02.1906;1906
779;17.02.1906;1906
780;18.02.1906;1906
781;19.02.1906;1906
782;20.02.1906;1906
783;21.02.1906;1906
784;22.02.1906;1906
785;23.02.1906;1906
786;24.02.1906;1906
787;25.02.1906;1906
788;26.02.1906;1906
789;27.02.1906;1906
790;28.02.1906;1906
791;01.03.1906;1906
792;02.03.1906;1906
793;03.03.1906;1906
794;04.03.1906;1906
795;05.03.1906;1906
796;06.03.1906;1906
797;07.03.1906;1906
798;08.03.1906;1906
799;09.03.1906;1906
800;10.03.1906;1906
801;11.03.1906;1906
802;12.03.1906;1906
803;13.03.1906;1906
804;14.03.1906;1906
805;15.03.1906;1906
806;16.03.1906;1906
807;17.03.1906;1906
808;18.03.1906;1906
809;19.03.1906;1906
810;20.03.1906;1906
811;21.03.1906;1906
812;22.03.1906;1906
813;23.03.1906;1906
814;24.03.1906;1906
815;25.03.1906;1906
816;26.03.1906;1906
817;27.03.1906;1906
818;28.03.1906;1906
819;29.03.1906;1906
820;30.03.1906;1906
821;31.03.1906;1906
822;01.04.1906;1906
823;02.04.1906;1906
824;03.04.1906;1906
825;04.04.1906;1906
826;05.04.1906;1906
827;06.04.1906;1906
828;07.04.1906;1906
829;08.04.1906;1906
830;09.04.1906;1906
831;10.04.1906;1906
832;11.04.1906;1906
833;12.04.1906;1906
834;13.04.1906;1906
835;14.04.1906;1906
836;15.04.1906;1906
837;16.04.1906;1906
838;17.04.1906;1906
839;18.04.1906;1906
840;19.04.1906;1906
841;20.04.1906;1906
842;21.04.1906;1906
843;22.04.1906;1906
844;23.04.1906;1906
845;24.04.1906;1906
846;25.04.1906;1906
847;26.04.1906;1906
848;27.04.1906;1906
849;28.04.1906;1906
850;29.04.1906;1906
851;30.04.1906;1906
852;01.05.1906;1906
853;02.05.1906;1906
854;03.05.1906;1906
855;04.05.1906;1906
856;05.05.1906;1906
857;06.05.1906;1906
858;07.05.1906;1906
859;08.05.1906;1906
860;09.05.1906;1906
861;10.05.1906;1906
862;11.05.1906;1906
863;12.05.1906;1906
864;13.05.1906;1906
865;14.05.1906;1906
866;15.05.1906;1906
867;16.05.1906;1906
868;17.05.1906;1906
869;18.05.1906;1906
870;19.05.1906;1906
871;20.05.1906;1906
872;21.05.1906;1906
873;22.05.1906;1906
874;23.05.1906;1906
875;24.05.1906;1906
876;25.05.1906;1906
877;26.05.1906;1906
878;27.05.1906;1906
879;28.05.1906;1906
880;29.05.1906;1906
881;30.05.1906;1906
882;31.05.1906;1906
883;01.06.1906;1906
884;02.06.1906;1906
885;03.06.1906;1906
886;04.06.1906;1906
887;05.06.1906;1906
888;06.06.1906;1906
889;07.06.1906;1906
890;08.06.1906;1906
891;09.06.1906;1906
892;10.06.1906;1906
893;11.06.1906;1906
894;12.06.1906;1906
895;13.06.1906;1906
896;14.06.1906;1906
897;15.06.1906;1906
898;16.06.1906;1906
899;17.06.1906;1906
900;18.06.1906;1906
901;19.06.1906;1906
902;20.06.1906;1906
903;21.06.1906;1906
904;22.06.1906;1906
905;23.06.1906;1906
906;24.06.1906;1906
907;25.06.1906;1906
908;26.06.1906;1906
909;27.06.1906;1906
910;28.06.1906;1906
911;29.06.1906;1906
912;30.06.1906;1906
913;01.07.1906;1906
914;02.07.1906;1906
915;03.07.1906;1906
916;04.07.1906;1906
917;05.07.1906;1906
918;06.07.1906;1906
919;07.07.1906;1906
920;08.07.1906;1906
921;09.07.1906;1906
922;10.07.1906;1906
923;11.07.1906;1906
924;12.07.1906;1906
925;13.07.1906;1906
926;14.07.1906;1906
927;15.07.1906;1906
928;16.07.1906;1906
929;17.07.1906;1906
930;18.07.1906;1906
931;19.07.1906;1906
932;20.07.1906;1906
933;21.07.1906;1906
934;22.07.1906;1906
935;23.07.1906;1906
936;24.07.1906;1906
937;25.07.1906;1906
938;26.07.1906;1906
939;27.07.1906;1906
940;28.07.1906;1906
941;29.07.1906;1906
942;30.07.1906;1906
943;31.07.1906;1906
944;01.08.1906;1906
945;02.08.1906;1906
946;03.08.1906;1906
947;04.08.1906;1906
948;05.08.1906;1906
949;06.08.1906;1906
950;07.08.1906;1906
951;08.08.1906;1906
952;09.08.1906;1906
953;10.08.1906;1906
954;11.08.1906;1906
955;12.08.1906;1906
956;13.08.1906;1906
957;14.08.1906;1906
958;15.08.1906;1906
959;16.08.1906;1906
960;17.08.1906;1906
961;18.08.1906;1906
962;19.08.1906;1906
963;20.08.1906;1906
964;21.08.1906;1906
965;22.08.1906;1906
966;23.08.1906;1906
967;24.08.1906;1906
968;25.08.1906;1906
969;26.08.1906;1906
970;27.08.1906;1906
971;28.08.1906;1906
972;29.08.1906;1906
973;30.08.1906;1906
974;31.08.1906;1906
975;01.09.1906;1906
976;02.09.1906;1906
977;03.09.1906;1906
978;04.09.1906;1906
979;05.09.1906;1906
980;06.09.1906;1906
981;07.09.1906;1906
982;08.09.1906;1906
983;09.09.1906;1906
984;10.09.1906;1906
985;11.09.1906;1906
986;12.09.1906;1906
987;13.09.1906;1906
988;14.09.1906;1906
989;15.09.1906;1906
990;16.09.1906;1906
991;17.09.1906;1906
992;18.09.1906;1906
993;19.09.1906;1906
994;20.09.1906;1906
995;21.09.1906;1906
996;22.09.1906;1906
997;23.09.1906;1906
998;24.09.1906;1906
999;25.09.1906;1906
1000;26.09.1906;1906
1001;27.09.1906;1906
1002;28.09.1906;1906
1003;29.09.1906;1906
1004;30.09.1906;1906
1005;01.10.1906;1906
1006;02.10.1906;1906
1007;03.10.1906;1906
1008;04.10.1906;1906
1009;05.10.1906;1906
1010;06.10.1906;1906
1011;07.10.1906;1906
1012;08.10.1906;1906
1013;09.10.1906;1906
1014;10.10.1906;1906
1015;11.10.1906;1906
1016;12.10.1906;1906
1017;13.10.1906;1906
1018;14.10.1906;1906
1019;15.10.1906;1906
1020;16.10.1906;1906
1021;17.10.1906;1906
1022;18.10.1906;1906
1023;19.10.1906;1906
1024;20.10.1906;1906
1025;21.10.1906;1906
1026;22.10.1906;1906
1027;23.10.1906;1906
1028;24.10.1906;1906
1029;25.10.1906;1906
1030;26.10.1906;1906
1031;27.10.1906;1906
1032;28.10.1906;1906
1033;29.10.1906;1906
1034;30.10.1906;1906
1035;31.10.1906;1906
1036;01.11.1906;1906
1037;02.11.1906;1906
1038;03.11.1906;1906
1039;04.11.1906;1906
1040;05.11.1906;1906
1041;06.11.1906;1906
1042;07.11.1906;1906
1043;08.11.1906;1906
1044;09.11.1906;1906
1045;10.11.1906;1906
1046;11.11.1906;1906
1047;12.11.1906;1906
1048;13.11.1906;1906
1049;14.11.1906;1906
1050;15.11.1906;1906
1051;16.11.1906;1906
1052;17.11.1906;1906
1053;18.11.1906;1906
1054;19.11.1906;1906
1055;20.11.1906;1906
1056;21.11.1906;1906
1057;22.11.1906;1906
1058;23.11.1906;1906
1059;24.11.1906;1906
1060;25.11.1906;1906
1061;26.11.1906;1906
1062;27.11.1906;1906
1063;28.11.1906;1906
1064;29.11.1906;1906
1065;30.11.1906;1906
1066;01.12.1906;1906
1067;02.12.1906;1906
1068;03.12.1906;1906
1069;04.12.1906;1906
1070;05.12.1906;1906
1071;06.12.1906;1906
1072;07.12.1906;1906
1073;08.12.1906;1906
1074;09.12.1906;1906
1075;10.12.1906;1906
1076;11.12.1906;1906
1077;12.12.1906;1906
1078;13.12.1906;1906
1079;14.12.1906;1906
1080;15.12.1906;1906
1081;16.12.1906;1906
1082;17.12.1906;1906
1083;18.12.1906;1906
1084;19.12.1906;1906
1085;20.12.1906;1906
1086;21.12.1906;1906
1087;22.12.1906;1906
1088;23.12.1906;1906
1089;24.12.1906;1906
1090;25.12.1906;1906
1091;26.12.1906;1906
1092;27.12.1906;1906
1093;28.12.1906;1906
1094;29.12.1906;1906
1095;30.12.1906;1906
1096;31.12.1906;1906
1097;01.01.1907;1907
1098;02.01.1907;1907
1099;03.01.1907;1907
1100;04.01.1907;1907
1101;05.01.1907;1907
1102;06.01.1907;1907
1103;07.01.1907;1907
1104;08.01.1907;1907
1105;09.01.1907;1907
1106;10.01.1907;1907
1107;11.01.1907;1907
1108;12.01.1907;1907
1109;13.01.1907;1907
1110;14.01.1907;1907
1111;15.01.1907;1907
1112;16.01.1907;1907
1113;17.01.1907;1907
1114;18.01.1907;1907
1115;19.01.1907;1907
1116;20.01.1907;1907
1117;21.01.1907;1907
1118;22.01.1907;1907
1119;23.01.1907;1907
1120;24.01.1907;1907
1121;25.01.1907;1907
1122;26.01.1907;1907
1123;27.01.1907;1907
1124;28.01.1907;1907
1125;29.01.1907;1907
1126;30.01.1907;1907
1127;31.01.1907;1907
1128;01.02.1907;1907
1129;02.02.1907;1907
1130;03.02.1907;1907
1131;04.02.1907;1907
1132;05.02.1907;1907
1133;06.02.1907;1907
1134;07.02.1907;1907
1135;08.02.1907;1907
1136;09.02.1907;1907
1137;10.02.1907;1907
1138;11.02.1907;1907
1139;12.02.1907;1907
1140;13.02.1907;1907
1141;14.02.1907;1907
1142;15.02.1907;1907
1143;16.02.1907;1907
1144;17.02.1907;1907
1145;18.02.1907;1907
1146;19.02.1907;1907
1147;20.02.1907;1907
1148;21.02.1907;1907
1149;22.02.1907;1907
1150;23.02.1907;1907
1151;24.02.1907;1907
1152;25.02.1907;1907
1153;26.02.1907;1907
1154;27.02.1907;1907
1155;28.02.1907;1907
1156;01.03.1907;1907
1157;02.03.1907;1907
1158;03.03.1907;1907
1159;04.03.1907;1907
1160;05.03.1907;1907
1161;06.03.1907;1907
1162;07.03.1907;1907
1163;08.03.1907;1907
1164;09.03.1907;1907
1165;10.03.1907;1907
1166;11.03.1907;1907
1167;12.03.1907;1907
1168;13.03.1907;1907
1169;14.03.1907;1907
1170;15.03.1907;1907
1171;16.03.1907;1907
1172;17.03.1907;1907
1173;18.03.1907;1907
1174;19.03.1907;1907
1175;20.03.1907;1907
1176;21.03.1907;1907
1177;22.03.1907;1907
1178;23.03.1907;1907
1179;24.03.1907;1907
1180;25.03.1907;1907
1181;26.03.1907;1907
1182;27.03.1907;1907
1183;28.03.1907;1907
1184;29.03.1907;1907
1185;30.03.1907;1907
1186;31.03.1907;1907
1187;01.04.1907;1907
1188;02.04.1907;1907
1189;03.04.1907;1907
1190;04.04.1907;1907
1191;05.04.1907;1907
1192;06.04.1907;1907
1193;07.04.1907;1907
1194;08.04.1907;1907
1195;09.04.1907;1907
1196;10.04.1907;1907
1197;11.04.1907;1907
1198;12.04.1907;1907
1199;13.04.1907;1907
1200;14.04.1907;1907
1201;15.04.1907;1907
1202;16.04.1907;1907
1203;17.04.1907;1907
1204;18.04.1907;1907
1205;19.04.1907;1907
1206;20.04.1907;1907
1207;21.04.1907;1907
1208;22.04.1907;1907
1209;23.04.1907;1907
1210;24.04.1907;1907
1211;25.04.1907;1907
1212;26.04.1907;1907
1213;27.04.1907;1907
1214;28.04.1907;1907
1215;29.04.1907;1907
1216;30.04.1907;1907
1217;01.05.1907;1907
1218;02.05.1907;1907
1219;03.05.1907;1907
1220;04.05.1907;1907
1221;05.05.1907;1907
1222;06.05.1907;1907
1223;07.05.1907;1907
1224;08.05.1907;1907
1225;09.05.1907;1907
1226;10.05.1907;1907
1227;11.05.1907;1907
1228;12.05.1907;1907
1229;13.05.1907;1907
1230;14.05.1907;1907
1231;15.05.1907;1907
1232;16.05.1907;1907
1233;17.05.1907;1907
1234;18.05.1907;1907
1235;19.05.1907;1907
1236;20.05.1907;1907
1237;21.05.1907;1907
1238;22.05.1907;1907
1239;23.05.1907;1907
1240;24.05.1907;1907
1241;25.05.1907;1907
1242;26.05.1907;1907
1243;27.05.1907;1907
1244;28.05.1907;1907
1245;29.05.1907;1907
1246;30.05.1907;1907
1247;31.05.1907;1907
1248;01.06.1907;1907
1249;02.06.1907;1907
1250;03.06.1907;1907
1251;04.06.1907;1907
1252;05.06.1907;1907
1253;06.06.1907;1907
1254;07.06.1907;1907
1255;08.06.1907;1907
1256;09.06.1907;1907
1257;10.06.1907;1907
1258;11.06.1907;1907
1259;12.06.1907;1907
1260;13.06.1907;1907
1261;14.06.1907;1907
1262;15.06.1907;1907
1263;16.06.1907;1907
1264;17.06.1907;1907
1265;18.06.1907;1907
1266;19.06.1907;1907
1267;20.06.1907;1907
1268;21.06.1907;1907
1269;22.06.1907;1907
1270;23.06.1907;1907
1271;24.06.1907;1907
1272;25.06.1907;1907
1273;26.06.1907;1907
1274;27.06.1907;1907
1275;28.06.1907;1907
1276;29.06.1907;1907
1277;30.06.1907;1907
1278;01.07.1907;1907
1279;02.07.1907;1907
1280;03.07.1907;1907
1281;04.07.1907;1907
1282;05.07.1907;1907
1283;06.07.1907;1907
1284;07.07.1907;1907
1285;08.07.1907;1907
1286;09.07.1907;1907
1287;10.07.1907;1907
1288;11.07.1907;1907
1289;12.07.1907;1907
1290;13.07.1907;1907
1291;14.07.1907;1907
1292;15.07.1907;1907
1293;16.07.1907;1907
1294;17.07.1907;1907
1295;18.07.1907;1907
1296;19.07.1907;1907
1297;20.07.1907;1907
1298;21.07.1907;1907
1299;22.07.1907;1907
1300;23.07.1907;1907
1301;24.07.1907;1907
1302;25.07.1907;1907
1303;26.07.1907;1907
1304;27.07.1907;1907
1305;28.07.1907;1907
1306;29.07.1907;1907
1307;30.07.1907;1907
1308;31.07.1907;1907
1309;01.08.1907;1907
1310;02.08.1907;1907
1311;03.08.1907;1907
1312;04.08.1907;1907
1313;05.08.1907;1907
1314;06.08.1907;1907
1315;07.08.1907;1907
1316;08.08.1907;1907
1317;09.08.1907;1907
1318;10.08.1907;1907
1319;11.08.1907;1907
1320;12.08.1907;1907
1321;13.08.1907;1907
1322;14.08.1907;1907
1323;15.08.1907;1907
1324;16.08.1907;1907
1325;17.08.1907;1907
1326;18.08.1907;1907
1327;19.08.1907;1907
1328;20.08.1907;1907
1329;21.08.1907;1907
1330;22.08.1907;1907
1331;23.08.1907;1907
1332;24.08.1907;1907
1333;25.08.1907;1907
1334;26.08.1907;1907
1335;27.08.1907;1907
1336;28.08.1907;1907
1337;29.08.1907;1907
1338;30.08.1907;1907
1339;31.08.1907;1907
1340;01.09.1907;1907
1341;02.09.1907;1907
1342;03.09.1907;1907
1343;04.09.1907;1907
1344;05.09.1907;1907
1345;06.09.1907;1907
1346;07.09.1907;1907
1347;08.09.1907;1907
1348;09.09.1907;1907
1349;10.09.1907;1907
1350;11.09.1907;1907
1351;12.09.1907;1907
1352;13.09.1907;1907
1353;14.09.1907;1907
1354;15.09.1907;1907
1355;16.09.1907;1907
1356;17.09.1907;1907
1357;18.09.1907;1907
1358;19.09.1907;1907
1359;20.09.1907;1907
1360;21.09.1907;1907
1361;22.09.1907;1907
1362;23.09.1907;1907
1363;24.09.1907;1907
1364;25.09.1907;1907
1365;26.09.1907;1907
1366;27.09.1907;1907
1367;28.09.1907;1907
1368;29.09.1907;1907
1369;30.09.1907;1907
1370;01.10.1907;1907
1371;02.10.1907;1907
1372;03.10.1907;1907
1373;04.10.1907;1907
1374;05.10.1907;1907
1375;06.10.1907;1907
1376;07.10.1907;1907
1377;08.10.1907;1907
1378;09.10.1907;1907
1379;10.10.1907;1907
1380;11.10.1907;1907
1381;12.10.1907;1907
1382;13.10.1907;1907
1383;14.10.1907;1907
1384;15.10.1907;1907
1385;16.10.1907;1907
1386;17.10.1907;1907
1387;18.10.1907;1907
1388;19.10.1907;1907
1389;20.10.1907;1907
1390;21.10.1907;1907
1391;22.10.1907;1907
1392;23.10.1907;1907
1393;24.10.1907;1907
1394;25.10.1907;1907
1395;26.10.1907;1907
1396;27.10.1907;1907
1397;28.10.1907;1907
1398;29.10.1907;1907
1399;30.10.1907;1907
1400;31.10.1907;1907
1401;01.11.1907;1907
1402;02.11.1907;1907
1403;03.11.1907;1907
1404;04.11.1907;1907
1405;05.11.1907;1907
1406;06.11.1907;1907
1407;07.11.1907;1907
1408;08.11.1907;1907
1409;09.11.1907;1907
1410;10.11.1907;1907
1411;11.11.1907;1907
1412;12.11.1907;1907
1413;13.11.1907;1907
1414;14.11.1907;1907
1415;15.11.1907;1907
1416;16.11.1907;1907
1417;17.11.1907;1907
1418;18.11.1907;1907
1419;19.11.1907;1907
1420;20.11.1907;1907
1421;21.11.1907;1907
1422;22.11.1907;1907
1423;23.11.1907;1907
1424;24.11.1907;1907
1425;25.11.1907;1907
1426;26.11.1907;1907
1427;27.11.1907;1907
1428;28.11.1907;1907
1429;29.11.1907;1907
1430;30.11.1907;1907
1431;01.12.1907;1907
1432;02.12.1907;1907
1433;03.12.1907;1907
1434;04.12.1907;1907
1435;05.12.1907;1907
1436;06.12.1907;1907
1437;07.12.1907;1907
1438;08.12.1907;1907
1439;09.12.1907;1907
1440;10.12.1907;1907
1441;11.12.1907;1907
1442;12.12.1907;1907
1443;13.12.1907;1907
1444;14.12.1907;1907
1445;15.12.1907;1907
1446;16.12.1907;1907
1447;17.12.1907;1907
1448;18.12.1907;1907
1449;19.12.1907;1907
1450;20.12.1907;1907
1451;21.12.1907;1907
1452;22.12.1907;1907
1453;23.12.1907;1907
1454;24.12.1907;1907
1455;25.12.1907;1907
1456;26.12.1907;1907
1457;27.12.1907;1907
1458;28.12.1907;1907
1459;29.12.1907;1907
1460;30.12.1907;1907
1461;31.12.1907;1907
1828;01.01.1909;1909
1829;02.01.1909;1909
1830;03.01.1909;1909
1831;04.01.1909;1909
1832;05.01.1909;1909
1833;06.01.1909;1909
1834;07.01.1909;1909
1835;08.01.1909;1909
1836;09.01.1909;1909
1837;10.01.1909;1909
1838;11.01.1909;1909
1839;12.01.1909;1909
1840;13.01.1909;1909
1841;14.01.1909;1909
1842;15.01.1909;1909
1843;16.01.1909;1909
1844;17.01.1909;1909
1845;18.01.1909;1909
1846;19.01.1909;1909
1847;20.01.1909;1909
1848;21.01.1909;1909
1849;22.01.1909;1909
1850;23.01.1909;1909
1851;24.01.1909;1909
1852;25.01.1909;1909
1853;26.01.1909;1909
1854;27.01.1909;1909
1855;28.01.1909;1909
1856;29.01.1909;1909
1857;30.01.1909;1909
1858;31.01.1909;1909
1859;01.02.1909;1909
1860;02.02.1909;1909
1861;03.02.1909;1909
1862;04.02.1909;1909
1863;05.02.1909;1909
1864;06.02.1909;1909
1865;07.02.1909;1909
1866;08.02.1909;1909
1867;09.02.1909;1909
1868;10.02.1909;1909
1869;11.02.1909;1909
1870;12.02.1909;1909
1871;13.02.1909;1909
1872;14.02.1909;1909
1873;15.02.1909;1909
1874;16.02.1909;1909
1875;17.02.1909;1909
1876;18.02.1909;1909
1877;19.02.1909;1909
1878;20.02.1909;1909
1879;21.02.1909;1909
1880;22.02.1909;1909
1881;23.02.1909;1909
1882;24.02.1909;1909
1883;25.02.1909;1909
1884;26.02.1909;1909
1885;27.02.1909;1909
1886;28.02.1909;1909
1887;01.03.1909;1909
1888;02.03.1909;1909
1889;03.03.1909;1909
1890;04.03.1909;1909
1891;05.03.1909;1909
1892;06.03.1909;1909
1893;07.03.1909;1909
1894;08.03.1909;1909
1895;09.03.1909;1909
1896;10.03.1909;1909
1897;11.03.1909;1909
1898;12.03.1909;1909
1899;13.03.1909;1909
1900;14.03.1909;1909
1901;15.03.1909;1909
1902;16.03.1909;1909
1903;17.03.1909;1909
1904;18.03.1909;1909
1905;19.03.1909;1909
1906;20.03.1909;1909
1907;21.03.1909;1909
1908;22.03.1909;1909
1909;23.03.1909;1909
1910;24.03.1909;1909
1911;25.03.1909;1909
1912;26.03.1909;1909
1913;27.03.1909;1909
1914;28.03.1909;1909
1915;29.03.1909;1909
1916;30.03.1909;1909
1917;31.03.1909;1909
1918;01.04.1909;1909
1919;02.04.1909;1909
1920;03.04.1909;1909
1921;04.04.1909;1909
1922;05.04.1909;1909
1923;06.04.1909;1909
1924;07.04.1909;1909
1925;08.04.1909;1909
1926;09.04.1909;1909
1927;10.04.1909;1909
1928;11.04.1909;1909
1929;12.04.1909;1909
1930;13.04.1909;1909
1931;14.04.1909;1909
1932;15.04.1909;1909
1933;16.04.1909;1909
1934;17.04.1909;1909
1935;18.04.1909;1909
1936;19.04.1909;1909
1937;20.04.1909;1909
1938;21.04.1909;1909
1939;22.04.1909;1909
1940;23.04.1909;1909
1941;24.04.1909;1909
1942;25.04.1909;1909
1943;26.04.1909;1909
1944;27.04.1909;1909
1945;28.04.1909;1909
1946;29.04.1909;1909
1947;30.04.1909;1909
1948;01.05.1909;1909
1949;02.05.1909;1909
1950;03.05.1909;1909
1951;04.05.1909;1909
1952;05.05.1909;1909
1953;06.05.1909;1909
1954;07.05.1909;1909
1955;08.05.1909;1909
1956;09.05.1909;1909
1957;10.05.1909;1909
1958;11.05.1909;1909
1959;12.05.1909;1909
1960;13.05.1909;1909
1961;14.05.1909;1909
1962;15.05.1909;1909
1963;16.05.1909;1909
1964;17.05.1909;1909
1965;18.05.1909;1909
1966;19.05.1909;1909
1967;20.05.1909;1909
1968;21.05.1909;1909
1969;22.05.1909;1909
1970;23.05.1909;1909
1971;24.05.1909;1909
1972;25.05.1909;1909
1973;26.05.1909;1909
1974;27.05.1909;1909
1975;28.05.1909;1909
1976;29.05.1909;1909
1977;30.05.1909;1909
1978;31.05.1909;1909
1979;01.06.1909;1909
1980;02.06.1909;1909
1981;03.06.1909;1909
1982;04.06.1909;1909
1983;05.06.1909;1909
1984;06.06.1909;1909
1985;07.06.1909;1909
1986;08.06.1909;1909
1987;09.06.1909;1909
1988;10.06.1909;1909
1989;11.06.1909;1909
1990;12.06.1909;1909
1991;13.06.1909;1909
1992;14.06.1909;1909
1993;15.06.1909;1909
1994;16.06.1909;1909
1995;17.06.1909;1909
1996;18.06.1909;1909
1997;19.06.1909;1909
1998;20.06.1909;1909
1999;21.06.1909;1909
2000;22.06.1909;1909
2001;23.06.1909;1909
2002;24.06.1909;1909
2003;25.06.1909;1909
2004;26.06.1909;1909
2005;27.06.1909;1909
2006;28.06.1909;1909
2007;29.06.1909;1909
2008;30.06.1909;1909
2009;01.07.1909;1909
2010;02.07.1909;1909
2011;03.07.1909;1909
2012;04.07.1909;1909
2013;05.07.1909;1909
2014;06.07.1909;1909
2015;07.07.1909;1909
2016;08.07.1909;1909
2017;09.07.1909;1909
2018;10.07.1909;1909
2019;11.07.1909;1909
2020;12.07.1909;1909
2021;13.07.1909;1909
2022;14.07.1909;1909
2023;15.07.1909;1909
2024;16.07.1909;1909
2025;17.07.1909;1909
2026;18.07.1909;1909
2027;19.07.1909;1909
2028;20.07.1909;1909
2029;21.07.1909;1909
2030;22.07.1909;1909
2031;23.07.1909;1909
2032;24.07.1909;1909
2033;25.07.1909;1909
2034;26.07.1909;1909
2035;27.07.1909;1909
2036;28.07.1909;1909
2037;29.07.1909;1909
2038;30.07.1909;1909
2039;31.07.1909;1909
2040;01.08.1909;1909
2041;02.08.1909;1909
2042;03.08.1909;1909
2043;04.08.1909;1909
2044;05.08.1909;1909
2045;06.08.1909;1909
2046;07.08.1909;1909
2047;08.08.1909;1909
2048;09.08.1909;1909
2049;10.08.1909;1909
2050;11.08.1909;1909
2051;12.08.1909;1909
2052;13.08.1909;1909
2053;14.08.1909;1909
2054;15.08.1909;1909
2055;16.08.1909;1909
2056;17.08.1909;1909
2057;18.08.1909;1909
2058;19.08.1909;1909
2059;20.08.1909;1909
2060;21.08.1909;1909
2061;22.08.1909;1909
2062;23.08.1909;1909
2063;24.08.1909;1909
2064;25.08.1909;1909
2065;26.08.1909;1909
2066;27.08.1909;1909
2067;28.08.1909;1909
2068;29.08.1909;1909
2069;30.08.1909;1909
2070;31.08.1909;1909
2071;01.09.1909;1909
2072;02.09.1909;1909
2073;03.09.1909;1909
2074;04.09.1909;1909
2075;05.09.1909;1909
2076;06.09.1909;1909
2077;07.09.1909;1909
2078;08.09.1909;1909
2079;09.09.1909;1909
2080;10.09.1909;1909
2081;11.09.1909;1909
2082;12.09.1909;1909
2083;13.09.1909;1909
2084;14.09.1909;1909
2085;15.09.1909;1909
2086;16.09.1909;1909
2087;17.09.1909;1909
2088;18.09.1909;1909
2089;19.09.1909;1909
2090;20.09.1909;1909
2091;21.09.1909;1909
2092;22.09.1909;1909
2093;23.09.1909;1909
2094;24.09.1909;1909
2095;25.09.1909;1909
2096;26.09.1909;1909
2097;27.09.1909;1909
2098;28.09.1909;1909
2099;29.09.1909;1909
2100;30.09.1909;1909
2101;01.10.1909;1909
2102;02.10.1909;1909
2103;03.10.1909;1909
2104;04.10.1909;1909
2105;05.10.1909;1909
2106;06.10.1909;1909
2107;07.10.1909;1909
2108;08.10.1909;1909
2109;09.10.1909;1909
2110;10.10.1909;1909
2111;11.10.1909;1909
2112;12.10.1909;1909
2113;13.10.1909;1909
2114;14.10.1909;1909
2115;15.10.1909;1909
2116;16.10.1909;1909
2117;17.10.1909;1909
2118;18.10.1909;1909
2119;19.10.1909;1909
2120;20.10.1909;1909
2121;21.10.1909;1909
2122;22.10.1909;1909
2123;23.10.1909;1909
2124;24.10.1909;1909
2125;25.10.1909;1909
2126;26.10.1909;1909
2127;27.10.1909;1909
2128;28.10.1909;1909
2129;29.10.1909;1909
2130;30.10.1909;1909
2131;31.10.1909;1909
2132;01.11.1909;1909
2133;02.11.1909;1909
2134;03.11.1909;1909
2135;04.11.1909;1909
2136;05.11.1909;1909
2137;06.11.1909;1909
2138;07.11.1909;1909
2139;08.11.1909;1909
2140;09.11.1909;1909
2141;10.11.1909;1909
2142;11.11.1909;1909
2143;12.11.1909;1909
2144;13.11.1909;1909
2145;14.11.1909;1909
2146;15.11.1909;1909
2147;16.11.1909;1909
2148;17.11.1909;1909
2149;18.11.1909;1909
2150;19.11.1909;1909
2151;20.11.1909;1909
2152;21.11.1909;1909
2153;22.11.1909;1909
2154;23.11.1909;1909
2155;24.11.1909;1909
2156;25.11.1909;1909
2157;26.11.1909;1909
2158;27.11.1909;1909
2159;28.11.1909;1909
2160;29.11.1909;1909
2161;30.11.1909;1909
2162;01.12.1909;1909
2163;02.12.1909;1909
2164;03.12.1909;1909
2165;04.12.1909;1909
2166;05.12.1909;1909
2167;06.12.1909;1909
2168;07.12.1909;1909
2169;08.12.1909;1909
2170;09.12.1909;1909
2171;10.12.1909;1909
2172;11.12.1909;1909
2173;12.12.1909;1909
2174;13.12.1909;1909
2175;14.12.1909;1909
2176;15.12.1909;1909
2177;16.12.1909;1909
2178;17.12.1909;1909
2179;18.12.1909;1909
2180;19.12.1909;1909
2181;20.12.1909;1909
2182;21.12.1909;1909
2183;22.12.1909;1909
2184;23.12.1909;1909
2185;24.12.1909;1909
2186;25.12.1909;1909
2187;26.12.1909;1909
2188;27.12.1909;1909
2189;28.12.1909;1909
2190;29.12.1909;1909
2191;30.12.1909;1909
2192;31.12.1909;1909
2193;01.01.1910;1910
2194;02.01.1910;1910
2195;03.01.1910;1910
2196;04.01.1910;1910
2197;05.01.1910;1910
2198;06.01.1910;1910
2199;07.01.1910;1910
2200;08.01.1910;1910
2201;09.01.1910;1910
2202;10.01.1910;1910
2203;11.01.1910;1910
2204;12.01.1910;1910
2205;13.01.1910;1910
2206;14.01.1910;1910
2207;15.01.1910;1910
2208;16.01.1910;1910
2209;17.01.1910;1910
2210;18.01.1910;1910
2211;19.01.1910;1910
2212;20.01.1910;1910
2213;21.01.1910;1910
2214;22.01.1910;1910
2215;23.01.1910;1910
2216;24.01.1910;1910
2217;25.01.1910;1910
2218;26.01.1910;1910
2219;27.01.1910;1910
2220;28.01.1910;1910
2221;29.01.1910;1910
2222;30.01.1910;1910
2223;31.01.1910;1910
2224;01.02.1910;1910
2225;02.02.1910;1910
2226;03.02.1910;1910
2227;04.02.1910;1910
2228;05.02.1910;1910
2229;06.02.1910;1910
2230;07.02.1910;1910
2231;08.02.1910;1910
2232;09.02.1910;1910
2233;10.02.1910;1910
2234;11.02.1910;1910
2235;12.02.1910;1910
2236;13.02.1910;1910
2237;14.02.1910;1910
2238;15.02.1910;1910
2239;16.02.1910;1910
2240;17.02.1910;1910
2241;18.02.1910;1910
2242;19.02.1910;1910
2243;20.02.1910;1910
2244;21.02.1910;1910
2245;22.02.1910;1910
2246;23.02.1910;1910
2247;24.02.1910;1910
2248;25.02.1910;1910
2249;26.02.1910;1910
2250;27.02.1910;1910
2251;28.02.1910;1910
2252;01.03.1910;1910
2253;02.03.1910;1910
2254;03.03.1910;1910
2255;04.03.1910;1910
2256;05.03.1910;1910
2257;06.03.1910;1910
2258;07.03.1910;1910
2259;08.03.1910;1910
2260;09.03.1910;1910
2261;10.03.1910;1910
2262;11.03.1910;1910
2263;12.03.1910;1910
2264;13.03.1910;1910
2265;14.03.1910;1910
2266;15.03.1910;1910
2267;16.03.1910;1910
2268;17.03.1910;1910
2269;18.03.1910;1910
2270;19.03.1910;1910
2271;20.03.1910;1910
2272;21.03.1910;1910
2273;22.03.1910;1910
2274;23.03.1910;1910
2275;24.03.1910;1910
2276;25.03.1910;1910
2277;26.03.1910;1910
2278;27.03.1910;1910
2279;28.03.1910;1910
2280;29.03.1910;1910
2281;30.03.1910;1910
2282;31.03.1910;1910
2283;01.04.1910;1910
2284;02.04.1910;1910
2285;03.04.1910;1910
2286;04.04.1910;1910
2287;05.04.1910;1910
2288;06.04.1910;1910
2289;07.04.1910;1910
2290;08.04.1910;1910
2291;09.04.1910;1910
2292;10.04.1910;1910
2293;11.04.1910;1910
2294;12.04.1910;1910
2295;13.04.1910;1910
2296;14.04.1910;1910
2297;15.04.1910;1910
2298;16.04.1910;1910
2299;17.04.1910;1910
2300;18.04.1910;1910
2301;19.04.1910;1910
2302;20.04.1910;1910
2303;21.04.1910;1910
2304;22.04.1910;1910
2305;23.04.1910;1910
2306;24.04.1910;1910
2307;25.04.1910;1910
2308;26.04.1910;1910
2309;27.04.1910;1910
2310;28.04.1910;1910
2311;29.04.1910;1910
2312;30.04.1910;1910
2313;01.05.1910;1910
2314;02.05.1910;1910
2315;03.05.1910;1910
2316;04.05.1910;1910
2317;05.05.1910;1910
2318;06.05.1910;1910
2319;07.05.1910;1910
2320;08.05.1910;1910
2321;09.05.1910;1910
2322;10.05.1910;1910
2323;11.05.1910;1910
2324;12.05.1910;1910
2325;13.05.1910;1910
2326;14.05.1910;1910
2327;15.05.1910;1910
2328;16.05.1910;1910
2329;17.05.1910;1910
2330;18.05.1910;1910
2331;19.05.1910;1910
2332;20.05.1910;1910
2333;21.05.1910;1910
2334;22.05.1910;1910
2335;23.05.1910;1910
2336;24.05.1910;1910
2337;25.05.1910;1910
2338;26.05.1910;1910
2339;27.05.1910;1910
2340;28.05.1910;1910
2341;29.05.1910;1910
2342;30.05.1910;1910
2343;31.05.1910;1910
2344;01.06.1910;1910
2345;02.06.1910;1910
2346;03.06.1910;1910
2347;04.06.1910;1910
2348;05.06.1910;1910
2349;06.06.1910;1910
2350;07.06.1910;1910
2351;08.06.1910;1910
2352;09.06.1910;1910
2353;10.06.1910;1910
2354;11.06.1910;1910
2355;12.06.1910;1910
2356;13.06.1910;1910
2357;14.06.1910;1910
2358;15.06.1910;1910
2359;16.06.1910;1910
2360;17.06.1910;1910
2361;18.06.1910;1910
2362;19.06.1910;1910
2363;20.06.1910;1910
2364;21.06.1910;1910
2365;22.06.1910;1910
2366;23.06.1910;1910
2367;24.06.1910;1910
2368;25.06.1910;1910
2369;26.06.1910;1910
2370;27.06.1910;1910
2371;28.06.1910;1910
2372;29.06.1910;1910
2373;30.06.1910;1910
2374;01.07.1910;1910
2375;02.07.1910;1910
2376;03.07.1910;1910
2377;04.07.1910;1910
2378;05.07.1910;1910
2379;06.07.1910;1910
2380;07.07.1910;1910
2381;08.07.1910;1910
2382;09.07.1910;1910
2383;10.07.1910;1910
2384;11.07.1910;1910
2385;12.07.1910;1910
2386;13.07.1910;1910
2387;14.07.1910;1910
2388;15.07.1910;1910
2389;16.07.1910;1910
2390;17.07.1910;1910
2391;18.07.1910;1910
2392;19.07.1910;1910
2393;20.07.1910;1910
2394;21.07.1910;1910
2395;22.07.1910;1910
2396;23.07.1910;1910
2397;24.07.1910;1910
2398;25.07.1910;1910
2399;26.07.1910;1910
2400;27.07.1910;1910
2401;28.07.1910;1910
2402;29.07.1910;1910
2403;30.07.1910;1910
2404;31.07.1910;1910
2405;01.08.1910;1910
2406;02.08.1910;1910
2407;03.08.1910;1910
2408;04.08.1910;1910
2409;05.08.1910;1910
2410;06.08.1910;1910
2411;07.08.1910;1910
2412;08.08.1910;1910
2413;09.08.1910;1910
2414;10.08.1910;1910
2415;11.08.1910;1910
2416;12.08.1910;1910
2417;13.08.1910;1910
2418;14.08.1910;1910
2419;15.08.1910;1910
2420;16.08.1910;1910
2421;17.08.1910;1910
2422;18.08.1910;1910
2423;19.08.1910;1910
2424;20.08.1910;1910
2425;21.08.1910;1910
2426;22.08.1910;1910
2427;23.08.1910;1910
2428;24.08.1910;1910
2429;25.08.1910;1910
2430;26.08.1910;1910
2431;27.08.1910;1910
2432;28.08.1910;1910
2433;29.08.1910;1910
2434;30.08.1910;1910
2435;31.08.1910;1910
2436;01.09.1910;1910
2437;02.09.1910;1910
2438;03.09.1910;1910
2439;04.09.1910;1910
2440;05.09.1910;1910
2441;06.09.1910;1910
2442;07.09.1910;1910
2443;08.09.1910;1910
2444;09.09.1910;1910
2445;10.09.1910;1910
2446;11.09.1910;1910
2447;12.09.1910;1910
2448;13.09.1910;1910
2449;14.09.1910;1910
2450;15.09.1910;1910
2451;16.09.1910;1910
2452;17.09.1910;1910
2453;18.09.1910;1910
2454;19.09.1910;1910
2455;20.09.1910;1910
2456;21.09.1910;1910
2457;22.09.1910;1910
2458;23.09.1910;1910
2459;24.09.1910;1910
2460;25.09.1910;1910
2461;26.09.1910;1910
2462;27.09.1910;1910
2463;28.09.1910;1910
2464;29.09.1910;1910
2465;30.09.1910;1910
2466;01.10.1910;1910
2467;02.10.1910;1910
2468;03.10.1910;1910
2469;04.10.1910;1910
2470;05.10.1910;1910
2471;06.10.1910;1910
2472;07.10.1910;1910
2473;08.10.1910;1910
2474;09.10.1910;1910
2475;10.10.1910;1910
2476;11.10.1910;1910
2477;12.10.1910;1910
2478;13.10.1910;1910
2479;14.10.1910;1910
2480;15.10.1910;1910
2481;16.10.1910;1910
2482;17.10.1910;1910
2483;18.10.1910;1910
2484;19.10.1910;1910
2485;20.10.1910;1910
2486;21.10.1910;1910
2487;22.10.1910;1910
2488;23.10.1910;1910
2489;24.10.1910;1910
2490;25.10.1910;1910
2491;26.10.1910;1910
2492;27.10.1910;1910
2493;28.10.1910;1910
2494;29.10.1910;1910
2495;30.10.1910;1910
2496;31.10.1910;1910
2497;01.11.1910;1910
2498;02.11.1910;1910
2499;03.11.1910;1910
2500;04.11.1910;1910
2501;05.11.1910;1910
2502;06.11.1910;1910
2503;07.11.1910;1910
2504;08.11.1910;1910
2505;09.11.1910;1910
2506;10.11.1910;1910
2507;11.11.1910;1910
2508;12.11.1910;1910
2509;13.11.1910;1910
2510;14.11.1910;1910
2511;15.11.1910;1910
2512;16.11.1910;1910
2513;17.11.1910;1910
2514;18.11.1910;1910
2515;19.11.1910;1910
2516;20.11.1910;1910
2517;21.11.1910;1910
2518;22.11.1910;1910
2519;23.11.1910;1910
2520;24.11.1910;1910
2521;25.11.1910;1910
2522;26.11.1910;1910
2523;27.11.1910;1910
2524;28.11.1910;1910
2525;29.11.1910;1910
2526;30.11.1910;1910
2527;01.12.1910;1910
2528;02.12.1910;1910
2529;03.12.1910;1910
2530;04.12.1910;1910
2531;05.12.1910;1910
2532;06.12.1910;1910
2533;07.12.1910;1910
2534;08.12.1910;1910
2535;09.12.1910;1910
2536;10.12.1910;1910
2537;11.12.1910;1910
2538;12.12.1910;1910
2539;13.12.1910;1910
2540;14.12.1910;1910
2541;15.12.1910;1910
2542;16.12.1910;1910
2543;17.12.1910;1910
2544;18.12.1910;1910
2545;19.12.1910;1910
2546;20.12.1910;1910
2547;21.12.1910;1910
2548;22.12.1910;1910
2549;23.12.1910;1910
2550;24.12.1910;1910
2551;25.12.1910;1910
2552;26.12.1910;1910
2553;27.12.1910;1910
2554;28.12.1910;1910
2555;29.12.1910;1910
2556;30.12.1910;1910
2557;31.12.1910;1910
2558;01.01.1911;1911
2559;02.01.1911;1911
2560;03.01.1911;1911
2561;04.01.1911;1911
2562;05.01.1911;1911
2563;06.01.1911;1911
2564;07.01.1911;1911
2565;08.01.1911;1911
2566;09.01.1911;1911
2567;10.01.1911;1911
2568;11.01.1911;1911
2569;12.01.1911;1911
2570;13.01.1911;1911
2571;14.01.1911;1911
2572;15.01.1911;1911
2573;16.01.1911;1911
2574;17.01.1911;1911
2575;18.01.1911;1911
2576;19.01.1911;1911
2577;20.01.1911;1911
2578;21.01.1911;1911
2579;22.01.1911;1911
2580;23.01.1911;1911
2581;24.01.1911;1911
2582;25.01.1911;1911
2583;26.01.1911;1911
2584;27.01.1911;1911
2585;28.01.1911;1911
2586;29.01.1911;1911
2587;30.01.1911;1911
2588;31.01.1911;1911
2589;01.02.1911;1911
2590;02.02.1911;1911
2591;03.02.1911;1911
2592;04.02.1911;1911
2593;05.02.1911;1911
2594;06.02.1911;1911
2595;07.02.1911;1911
2596;08.02.1911;1911
2597;09.02.1911;1911
2598;10.02.1911;1911
2599;11.02.1911;1911
2600;12.02.1911;1911
2601;13.02.1911;1911
2602;14.02.1911;1911
2603;15.02.1911;1911
2604;16.02.1911;1911
2605;17.02.1911;1911
2606;18.02.1911;1911
2607;19.02.1911;1911
2608;20.02.1911;1911
2609;21.02.1911;1911
2610;22.02.1911;1911
2611;23.02.1911;1911
2612;24.02.1911;1911
2613;25.02.1911;1911
2614;26.02.1911;1911
2615;27.02.1911;1911
2616;28.02.1911;1911
2617;01.03.1911;1911
2618;02.03.1911;1911
2619;03.03.1911;1911
2620;04.03.1911;1911
2621;05.03.1911;1911
2622;06.03.1911;1911
2623;07.03.1911;1911
2624;08.03.1911;1911
2625;09.03.1911;1911
2626;10.03.1911;1911
2627;11.03.1911;1911
2628;12.03.1911;1911
2629;13.03.1911;1911
2630;14.03.1911;1911
2631;15.03.1911;1911
2632;16.03.1911;1911
2633;17.03.1911;1911
2634;18.03.1911;1911
2635;19.03.1911;1911
2636;20.03.1911;1911
2637;21.03.1911;1911
2638;22.03.1911;1911
2639;23.03.1911;1911
2640;24.03.1911;1911
2641;25.03.1911;1911
2642;26.03.1911;1911
2643;27.03.1911;1911
2644;28.03.1911;1911
2645;29.03.1911;1911
2646;30.03.1911;1911
2647;31.03.1911;1911
2648;01.04.1911;1911
2649;02.04.1911;1911
2650;03.04.1911;1911
2651;04.04.1911;1911
2652;05.04.1911;1911
2653;06.04.1911;1911
2654;07.04.1911;1911
2655;08.04.1911;1911
2656;09.04.1911;1911
2657;10.04.1911;1911
2658;11.04.1911;1911
2659;12.04.1911;1911
2660;13.04.1911;1911
2661;14.04.1911;1911
2662;15.04.1911;1911
2663;16.04.1911;1911
2664;17.04.1911;1911
2665;18.04.1911;1911
2666;19.04.1911;1911
2667;20.04.1911;1911
2668;21.04.1911;1911
2669;22.04.1911;1911
2670;23.04.1911;1911
2671;24.04.1911;1911
2672;25.04.1911;1911
2673;26.04.1911;1911
2674;27.04.1911;1911
2675;28.04.1911;1911
2676;29.04.1911;1911
2677;30.04.1911;1911
2678;01.05.1911;1911
2679;02.05.1911;1911
2680;03.05.1911;1911
2681;04.05.1911;1911
2682;05.05.1911;1911
2683;06.05.1911;1911
2684;07.05.1911;1911
2685;08.05.1911;1911
2686;09.05.1911;1911
2687;10.05.1911;1911
2688;11.05.1911;1911
2689;12.05.1911;1911
2690;13.05.1911;1911
2691;14.05.1911;1911
2692;15.05.1911;1911
2693;16.05.1911;1911
2694;17.05.1911;1911
2695;18.05.1911;1911
2696;19.05.1911;1911
2697;20.05.1911;1911
2698;21.05.1911;1911
2699;22.05.1911;1911
2700;23.05.1911;1911
2701;24.05.1911;1911
2702;25.05.1911;1911
2703;26.05.1911;1911
2704;27.05.1911;1911
2705;28.05.1911;1911
2706;29.05.1911;1911
2707;30.05.1911;1911
2708;31.05.1911;1911
2709;01.06.1911;1911
2710;02.06.1911;1911
2711;03.06.1911;1911
2712;04.06.1911;1911
2713;05.06.1911;1911
2714;06.06.1911;1911
2715;07.06.1911;1911
2716;08.06.1911;1911
2717;09.06.1911;1911
2718;10.06.1911;1911
2719;11.06.1911;1911
2720;12.06.1911;1911
2721;13.06.1911;1911
2722;14.06.1911;1911
2723;15.06.1911;1911
2724;16.06.1911;1911
2725;17.06.1911;1911
2726;18.06.1911;1911
2727;19.06.1911;1911
2728;20.06.1911;1911
2729;21.06.1911;1911
2730;22.06.1911;1911
2731;23.06.1911;1911
2732;24.06.1911;1911
2733;25.06.1911;1911
2734;26.06.1911;1911
2735;27.06.1911;1911
2736;28.06.1911;1911
2737;29.06.1911;1911
2738;30.06.1911;1911
2739;01.07.1911;1911
2740;02.07.1911;1911
2741;03.07.1911;1911
2742;04.07.1911;1911
2743;05.07.1911;1911
2744;06.07.1911;1911
2745;07.07.1911;1911
2746;08.07.1911;1911
2747;09.07.1911;1911
2748;10.07.1911;1911
2749;11.07.1911;1911
2750;12.07.1911;1911
2751;13.07.1911;1911
2752;14.07.1911;1911
2753;15.07.1911;1911
2754;16.07.1911;1911
2755;17.07.1911;1911
2756;18.07.1911;1911
2757;19.07.1911;1911
2758;20.07.1911;1911
2759;21.07.1911;1911
2760;22.07.1911;1911
2761;23.07.1911;1911
2762;24.07.1911;1911
2763;25.07.1911;1911
2764;26.07.1911;1911
2765;27.07.1911;1911
2766;28.07.1911;1911
2767;29.07.1911;1911
2768;30.07.1911;1911
2769;31.07.1911;1911
2770;01.08.1911;1911
2771;02.08.1911;1911
2772;03.08.1911;1911
2773;04.08.1911;1911
2774;05.08.1911;1911
2775;06.08.1911;1911
2776;07.08.1911;1911
2777;08.08.1911;1911
2778;09.08.1911;1911
2779;10.08.1911;1911
2780;11.08.1911;1911
2781;12.08.1911;1911
2782;13.08.1911;1911
2783;14.08.1911;1911
2784;15.08.1911;1911
2785;16.08.1911;1911
2786;17.08.1911;1911
2787;18.08.1911;1911
2788;19.08.1911;1911
2789;20.08.1911;1911
2790;21.08.1911;1911
2791;22.08.1911;1911
2792;23.08.1911;1911
2793;24.08.1911;1911
2794;25.08.1911;1911
2795;26.08.1911;1911
2796;27.08.1911;1911
2797;28.08.1911;1911
2798;29.08.1911;1911
2799;30.08.1911;1911
2800;31.08.1911;1911
2801;01.09.1911;1911
2802;02.09.1911;1911
2803;03.09.1911;1911
2804;04.09.1911;1911
2805;05.09.1911;1911
2806;06.09.1911;1911
2807;07.09.1911;1911
2808;08.09.1911;1911
2809;09.09.1911;1911
2810;10.09.1911;1911
2811;11.09.1911;1911
2812;12.09.1911;1911
2813;13.09.1911;1911
2814;14.09.1911;1911
2815;15.09.1911;1911
2816;16.09.1911;1911
2817;17.09.1911;1911
2818;18.09.1911;1911
2819;19.09.1911;1911
2820;20.09.1911;1911
2821;21.09.1911;1911
2822;22.09.1911;1911
2823;23.09.1911;1911
2824;24.09.1911;1911
2825;25.09.1911;1911
2826;26.09.1911;1911
2827;27.09.1911;1911
2828;28.09.1911;1911
2829;29.09.1911;1911
2830;30.09.1911;1911
2831;01.10.1911;1911
2832;02.10.1911;1911
2833;03.10.1911;1911
2834;04.10.1911;1911
2835;05.10.1911;1911
2836;06.10.1911;1911
2837;07.10.1911;1911
2838;08.10.1911;1911
2839;09.10.1911;1911
2840;10.10.1911;1911
2841;11.10.1911;1911
2842;12.10.1911;1911
2843;13.10.1911;1911
2844;14.10.1911;1911
2845;15.10.1911;1911
2846;16.10.1911;1911
2847;17.10.1911;1911
2848;18.10.1911;1911
2849;19.10.1911;1911
2850;20.10.1911;1911
2851;21.10.1911;1911
2852;22.10.1911;1911
2853;23.10.1911;1911
2854;24.10.1911;1911
2855;25.10.1911;1911
2856;26.10.1911;1911
2857;27.10.1911;1911
2858;28.10.1911;1911
2859;29.10.1911;1911
2860;30.10.1911;1911
2861;31.10.1911;1911
2862;01.11.1911;1911
2863;02.11.1911;1911
2864;03.11.1911;1911
2865;04.11.1911;1911
2866;05.11.1911;1911
2867;06.11.1911;1911
2868;07.11.1911;1911
2869;08.11.1911;1911
2870;09.11.1911;1911
2871;10.11.1911;1911
2872;11.11.1911;1911
2873;12.11.1911;1911
2874;13.11.1911;1911
2875;14.11.1911;1911
2876;15.11.1911;1911
2877;16.11.1911;1911
2878;17.11.1911;1911
2879;18.11.1911;1911
2880;19.11.1911;1911
2881;20.11.1911;1911
2882;21.11.1911;1911
2883;22.11.1911;1911
2884;23.11.1911;1911
2885;24.11.1911;1911
2886;25.11.1911;1911
2887;26.11.1911;1911
2888;27.11.1911;1911
2889;28.11.1911;1911
2890;29.11.1911;1911
2891;30.11.1911;1911
2892;01.12.1911;1911
2893;02.12.1911;1911
2894;03.12.1911;1911
2895;04.12.1911;1911
2896;05.12.1911;1911
2897;06.12.1911;1911
2898;07.12.1911;1911
2899;08.12.1911;1911
2900;09.12.1911;1911
2901;10.12.1911;1911
2902;11.12.1911;1911
2903;12.12.1911;1911
2904;13.12.1911;1911
2905;14.12.1911;1911
2906;15.12.1911;1911
2907;16.12.1911;1911
2908;17.12.1911;1911
2909;18.12.1911;1911
2910;19.12.1911;1911
2911;20.12.1911;1911
2912;21.12.1911;1911
2913;22.12.1911;1911
2914;23.12.1911;1911
2915;24.12.1911;1911
2916;25.12.1911;1911
2917;26.12.1911;1911
2918;27.12.1911;1911
2919;28.12.1911;1911
2920;29.12.1911;1911
2921;30.12.1911;1911
2922;31.12.1911;1911
3289;01.01.1913;1913
3290;02.01.1913;1913
3291;03.01.1913;1913
3292;04.01.1913;1913
3293;05.01.1913;1913
3294;06.01.1913;1913
3295;07.01.1913;1913
3296;08.01.1913;1913
3297;09.01.1913;1913
3298;10.01.1913;1913
3299;11.01.1913;1913
3300;12.01.1913;1913
3301;13.01.1913;1913
3302;14.01.1913;1913
3303;15.01.1913;1913
3304;16.01.1913;1913
3305;17.01.1913;1913
3306;18.01.1913;1913
3307;19.01.1913;1913
3308;20.01.1913;1913
3309;21.01.1913;1913
3310;22.01.1913;1913
3311;23.01.1913;1913
3312;24.01.1913;1913
3313;25.01.1913;1913
3314;26.01.1913;1913
3315;27.01.1913;1913
3316;28.01.1913;1913
3317;29.01.1913;1913
3318;30.01.1913;1913
3319;31.01.1913;1913
3320;01.02.1913;1913
3321;02.02.1913;1913
3322;03.02.1913;1913
3323;04.02.1913;1913
3324;05.02.1913;1913
3325;06.02.1913;1913
3326;07.02.1913;1913
3327;08.02.1913;1913
3328;09.02.1913;1913
3329;10.02.1913;1913
3330;11.02.1913;1913
3331;12.02.1913;1913
3332;13.02.1913;1913
3333;14.02.1913;1913
3334;15.02.1913;1913
3335;16.02.1913;1913
3336;17.02.1913;1913
3337;18.02.1913;1913
3338;19.02.1913;1913
3339;20.02.1913;1913
3340;21.02.1913;1913
3341;22.02.1913;1913
3342;23.02.1913;1913
3343;24.02.1913;1913
3344;25.02.1913;1913
3345;26.02.1913;1913
3346;27.02.1913;1913
3347;28.02.1913;1913
3348;01.03.1913;1913
3349;02.03.1913;1913
3350;03.03.1913;1913
3351;04.03.1913;1913
3352;05.03.1913;1913
3353;06.03.1913;1913
3354;07.03.1913;1913
3355;08.03.1913;1913
3356;09.03.1913;1913
3357;10.03.1913;1913
3358;11.03.1913;1913
3359;12.03.1913;1913
3360;13.03.1913;1913
3361;14.03.1913;1913
3362;15.03.1913;1913
3363;16.03.1913;1913
3364;17.03.1913;1913
3365;18.03.1913;1913
3366;19.03.1913;1913
3367;20.03.1913;1913
3368;21.03.1913;1913
3369;22.03.1913;1913
3370;23.03.1913;1913
3371;24.03.1913;1913
3372;25.03.1913;1913
3373;26.03.1913;1913
3374;27.03.1913;1913
3375;28.03.1913;1913
3376;29.03.1913;1913
3377;30.03.1913;1913
3378;31.03.1913;1913
3379;01.04.1913;1913
3380;02.04.1913;1913
3381;03.04.1913;1913
3382;04.04.1913;1913
3383;05.04.1913;1913
3384;06.04.1913;1913
3385;07.04.1913;1913
3386;08.04.1913;1913
3387;09.04.1913;1913
3388;10.04.1913;1913
3389;11.04.1913;1913
3390;12.04.1913;1913
3391;13.04.1913;1913
3392;14.04.1913;1913
3393;15.04.1913;1913
3394;16.04.1913;1913
3395;17.04.1913;1913
3396;18.04.1913;1913
3397;19.04.1913;1913
3398;20.04.1913;1913
3399;21.04.1913;1913
3400;22.04.1913;1913
3401;23.04.1913;1913
3402;24.04.1913;1913
3403;25.04.1913;1913
3404;26.04.1913;1913
3405;27.04.1913;1913
3406;28.04.1913;1913
3407;29.04.1913;1913
3408;30.04.1913;1913
3409;01.05.1913;1913
3410;02.05.1913;1913
3411;03.05.1913;1913
3412;04.05.1913;1913
3413;05.05.1913;1913
3414;06.05.1913;1913
3415;07.05.1913;1913
3416;08.05.1913;1913
3417;09.05.1913;1913
3418;10.05.1913;1913
3419;11.05.1913;1913
3420;12.05.1913;1913
3421;13.05.1913;1913
3422;14.05.1913;1913
3423;15.05.1913;1913
3424;16.05.1913;1913
3425;17.05.1913;1913
3426;18.05.1913;1913
3427;19.05.1913;1913
3428;20.05.1913;1913
3429;21.05.1913;1913
3430;22.05.1913;1913
3431;23.05.1913;1913
3432;24.05.1913;1913
3433;25.05.1913;1913
3434;26.05.1913;1913
3435;27.05.1913;1913
3436;28.05.1913;1913
3437;29.05.1913;1913
3438;30.05.1913;1913
3439;31.05.1913;1913
3440;01.06.1913;1913
3441;02.06.1913;1913
3442;03.06.1913;1913
3443;04.06.1913;1913
3444;05.06.1913;1913
3445;06.06.1913;1913
3446;07.06.1913;1913
3447;08.06.1913;1913
3448;09.06.1913;1913
3449;10.06.1913;1913
3450;11.06.1913;1913
3451;12.06.1913;1913
3452;13.06.1913;1913
3453;14.06.1913;1913
3454;15.06.1913;1913
3455;16.06.1913;1913
3456;17.06.1913;1913
3457;18.06.1913;1913
3458;19.06.1913;1913
3459;20.06.1913;1913
3460;21.06.1913;1913
3461;22.06.1913;1913
3462;23.06.1913;1913
3463;24.06.1913;1913
3464;25.06.1913;1913
3465;26.06.1913;1913
3466;27.06.1913;1913
3467;28.06.1913;1913
3468;29.06.1913;1913
3469;30.06.1913;1913
3470;01.07.1913;1913
3471;02.07.1913;1913
3472;03.07.1913;1913
3473;04.07.1913;1913
3474;05.07.1913;1913
3475;06.07.1913;1913
3476;07.07.1913;1913
3477;08.07.1913;1913
3478;09.07.1913;1913
3479;10.07.1913;1913
3480;11.07.1913;1913
3481;12.07.1913;1913
3482;13.07.1913;1913
3483;14.07.1913;1913
3484;15.07.1913;1913
3485;16.07.1913;1913
3486;17.07.1913;1913
3487;18.07.1913;1913
3488;19.07.1913;1913
3489;20.07.1913;1913
3490;21.07.1913;1913
3491;22.07.1913;1913
3492;23.07.1913;1913
3493;24.07.1913;1913
3494;25.07.1913;1913
3495;26.07.1913;1913
3496;27.07.1913;1913
3497;28.07.1913;1913
3498;29.07.1913;1913
3499;30.07.1913;1913
3500;31.07.1913;1913
3501;01.08.1913;1913
3502;02.08.1913;1913
3503;03.08.1913;1913
3504;04.08.1913;1913
3505;05.08.1913;1913
3506;06.08.1913;1913
3507;07.08.1913;1913
3508;08.08.1913;1913
3509;09.08.1913;1913
3510;10.08.1913;1913
3511;11.08.1913;1913
3512;12.08.1913;1913
3513;13.08.1913;1913
3514;14.08.1913;1913
3515;15.08.1913;1913
3516;16.08.1913;1913
3517;17.08.1913;1913
3518;18.08.1913;1913
3519;19.08.1913;1913
3520;20.08.1913;1913
3521;21.08.1913;1913
3522;22.08.1913;1913
3523;23.08.1913;1913
3524;24.08.1913;1913
3525;25.08.1913;1913
3526;26.08.1913;1913
3527;27.08.1913;1913
3528;28.08.1913;1913
3529;29.08.1913;1913
3530;30.08.1913;1913
3531;31.08.1913;1913
3532;01.09.1913;1913
3533;02.09.1913;1913
3534;03.09.1913;1913
3535;04.09.1913;1913
3536;05.09.1913;1913
3537;06.09.1913;1913
3538;07.09.1913;1913
3539;08.09.1913;1913
3540;09.09.1913;1913
3541;10.09.1913;1913
3542;11.09.1913;1913
3543;12.09.1913;1913
3544;13.09.1913;1913
3545;14.09.1913;1913
3546;15.09.1913;1913
3547;16.09.1913;1913
3548;17.09.1913;1913
3549;18.09.1913;1913
3550;19.09.1913;1913
3551;20.09.1913;1913
3552;21.09.1913;1913
3553;22.09.1913;1913
3554;23.09.1913;1913
3555;24.09.1913;1913
3556;25.09.1913;1913
3557;26.09.1913;1913
3558;27.09.1913;1913
3559;28.09.1913;1913
3560;29.09.1913;1913
3561;30.09.1913;1913
3562;01.10.1913;1913
3563;02.10.1913;1913
3564;03.10.1913;1913
3565;04.10.1913;1913
3566;05.10.1913;1913
3567;06.10.1913;1913
3568;07.10.1913;1913
3569;08.10.1913;1913
3570;09.10.1913;1913
3571;10.10.1913;1913
3572;11.10.1913;1913
3573;12.10.1913;1913
3574;13.10.1913;1913
3575;14.10.1913;1913
3576;15.10.1913;1913
3577;16.10.1913;1913
3578;17.10.1913;1913
3579;18.10.1913;1913
3580;19.10.1913;1913
3581;20.10.1913;1913
3582;21.10.1913;1913
3583;22.10.1913;1913
3584;23.10.1913;1913
3585;24.10.1913;1913
3586;25.10.1913;1913
3587;26.10.1913;1913
3588;27.10.1913;1913
3589;28.10.1913;1913
3590;29.10.1913;1913
3591;30.10.1913;1913
3592;31.10.1913;1913
3593;01.11.1913;1913
3594;02.11.1913;1913
3595;03.11.1913;1913
3596;04.11.1913;1913
3597;05.11.1913;1913
3598;06.11.1913;1913
3599;07.11.1913;1913
3600;08.11.1913;1913
3601;09.11.1913;1913
3602;10.11.1913;1913
3603;11.11.1913;1913
3604;12.11.1913;1913
3605;13.11.1913;1913
3606;14.11.1913;1913
3607;15.11.1913;1913
3608;16.11.1913;1913
3609;17.11.1913;1913
3610;18.11.1913;1913
3611;19.11.1913;1913
3612;20.11.1913;1913
3613;21.11.1913;1913
3614;22.11.1913;1913
3615;23.11.1913;1913
3616;24.11.1913;1913
3617;25.11.1913;1913
3618;26.11.1913;1913
3619;27.11.1913;1913
3620;28.11.1913;1913
3621;29.11.1913;1913
3622;30.11.1913;1913
3623;01.12.1913;1913
3624;02.12.1913;1913
3625;03.12.1913;1913
3626;04.12.1913;1913
3627;05.12.1913;1913
3628;06.12.1913;1913
3629;07.12.1913;1913
3630;08.12.1913;1913
3631;09.12.1913;1913
3632;10.12.1913;1913
3633;11.12.1913;1913
3634;12.12.1913;1913
3635;13.12.1913;1913
3636;14.12.1913;1913
3637;15.12.1913;1913
3638;16.12.1913;1913
3639;17.12.1913;1913
3640;18.12.1913;1913
3641;19.12.1913;1913
3642;20.12.1913;1913
3643;21.12.1913;1913
3644;22.12.1913;1913
3645;23.12.1913;1913
3646;24.12.1913;1913
3647;25.12.1913;1913
3648;26.12.1913;1913
3649;27.12.1913;1913
3650;28.12.1913;1913
3651;29.12.1913;1913
3652;30.12.1913;1913
3653;31.12.1913;1913
3654;01.01.1914;1914
3655;02.01.1914;1914
3656;03.01.1914;1914
3657;04.01.1914;1914
3658;05.01.1914;1914
3659;06.01.1914;1914
3660;07.01.1914;1914
3661;08.01.1914;1914
3662;09.01.1914;1914
3663;10.01.1914;1914
3664;11.01.1914;1914
3665;12.01.1914;1914
3666;13.01.1914;1914
3667;14.01.1914;1914
3668;15.01.1914;1914
3669;16.01.1914;1914
3670;17.01.1914;1914
3671;18.01.1914;1914
3672;19.01.1914;1914
3673;20.01.1914;1914
3674;21.01.1914;1914
3675;22.01.1914;1914
3676;23.01.1914;1914
3677;24.01.1914;1914
3678;25.01.1914;1914
3679;26.01.1914;1914
3680;27.01.1914;1914
3681;28.01.1914;1914
3682;29.01.1914;1914
3683;30.01.1914;1914
3684;31.01.1914;1914
3685;01.02.1914;1914
3686;02.02.1914;1914
3687;03.02.1914;1914
3688;04.02.1914;1914
3689;05.02.1914;1914
3690;06.02.1914;1914
3691;07.02.1914;1914
3692;08.02.1914;1914
3693;09.02.1914;1914
3694;10.02.1914;1914
3695;11.02.1914;1914
3696;12.02.1914;1914
3697;13.02.1914;1914
3698;14.02.1914;1914
3699;15.02.1914;1914
3700;16.02.1914;1914
3701;17.02.1914;1914
3702;18.02.1914;1914
3703;19.02.1914;1914
3704;20.02.1914;1914
3705;21.02.1914;1914
3706;22.02.1914;1914
3707;23.02.1914;1914
3708;24.02.1914;1914
3709;25.02.1914;1914
3710;26.02.1914;1914
3711;27.02.1914;1914
3712;28.02.1914;1914
3713;01.03.1914;1914
3714;02.03.1914;1914
3715;03.03.1914;1914
3716;04.03.1914;1914
3717;05.03.1914;1914
3718;06.03.1914;1914
3719;07.03.1914;1914
3720;08.03.1914;1914
3721;09.03.1914;1914
3722;10.03.1914;1914
3723;11.03.1914;1914
3724;12.03.1914;1914
3725;13.03.1914;1914
3726;14.03.1914;1914
3727;15.03.1914;1914
3728;16.03.1914;1914
3729;17.03.1914;1914
3730;18.03.1914;1914
3731;19.03.1914;1914
3732;20.03.1914;1914
3733;21.03.1914;1914
3734;22.03.1914;1914
3735;23.03.1914;1914
3736;24.03.1914;1914
3737;25.03.1914;1914
3738;26.03.1914;1914
3739;27.03.1914;1914
3740;28.03.1914;1914
3741;29.03.1914;1914
3742;30.03.1914;1914
3743;31.03.1914;1914
3744;01.04.1914;1914
3745;02.04.1914;1914
3746;03.04.1914;1914
3747;04.04.1914;1914
3748;05.04.1914;1914
3749;06.04.1914;1914
3750;07.04.1914;1914
3751;08.04.1914;1914
3752;09.04.1914;1914
3753;10.04.1914;1914
3754;11.04.1914;1914
3755;12.04.1914;1914
3756;13.04.1914;1914
3757;14.04.1914;1914
3758;15.04.1914;1914
3759;16.04.1914;1914
3760;17.04.1914;1914
3761;18.04.1914;1914
3762;19.04.1914;1914
3763;20.04.1914;1914
3764;21.04.1914;1914
3765;22.04.1914;1914
3766;23.04.1914;1914
3767;24.04.1914;1914
3768;25.04.1914;1914
3769;26.04.1914;1914
3770;27.04.1914;1914
3771;28.04.1914;1914
3772;29.04.1914;1914
3773;30.04.1914;1914
3774;01.05.1914;1914
3775;02.05.1914;1914
3776;03.05.1914;1914
3777;04.05.1914;1914
3778;05.05.1914;1914
3779;06.05.1914;1914
3780;07.05.1914;1914
3781;08.05.1914;1914
3782;09.05.1914;1914
3783;10.05.1914;1914
3784;11.05.1914;1914
3785;12.05.1914;1914
3786;13.05.1914;1914
3787;14.05.1914;1914
3788;15.05.1914;1914
3789;16.05.1914;1914
3790;17.05.1914;1914
3791;18.05.1914;1914
3792;19.05.1914;1914
3793;20.05.1914;1914
3794;21.05.1914;1914
3795;22.05.1914;1914
3796;23.05.1914;1914
3797;24.05.1914;1914
3798;25.05.1914;1914
3799;26.05.1914;1914
3800;27.05.1914;1914
3801;28.05.1914;1914
3802;29.05.1914;1914
3803;30.05.1914;1914
3804;31.05.1914;1914
3805;01.06.1914;1914
3806;02.06.1914;1914
3807;03.06.1914;1914
3808;04.06.1914;1914
3809;05.06.1914;1914
3810;06.06.1914;1914
3811;07.06.1914;1914
3812;08.06.1914;1914
3813;09.06.1914;1914
3814;10.06.1914;1914
3815;11.06.1914;1914
3816;12.06.1914;1914
3817;13.06.1914;1914
3818;14.06.1914;1914
3819;15.06.1914;1914
3820;16.06.1914;1914
3821;17.06.1914;1914
3822;18.06.1914;1914
3823;19.06.1914;1914
3824;20.06.1914;1914
3825;21.06.1914;1914
3826;22.06.1914;1914
3827;23.06.1914;1914
3828;24.06.1914;1914
3829;25.06.1914;1914
3830;26.06.1914;1914
3831;27.06.1914;1914
3832;28.06.1914;1914
3833;29.06.1914;1914
3834;30.06.1914;1914
3835;01.07.1914;1914
3836;02.07.1914;1914
3837;03.07.1914;1914
3838;04.07.1914;1914
3839;05.07.1914;1914
3840;06.07.1914;1914
3841;07.07.1914;1914
3842;08.07.1914;1914
3843;09.07.1914;1914
3844;10.07.1914;1914
3845;11.07.1914;1914
3846;12.07.1914;1914
3847;13.07.1914;1914
3848;14.07.1914;1914
3849;15.07.1914;1914
3850;16.07.1914;1914
3851;17.07.1914;1914
3852;18.07.1914;1914
3853;19.07.1914;1914
3854;20.07.1914;1914
3855;21.07.1914;1914
3856;22.07.1914;1914
3857;23.07.1914;1914
3858;24.07.1914;1914
3859;25.07.1914;1914
3860;26.07.1914;1914
3861;27.07.1914;1914
3862;28.07.1914;1914
3863;29.07.1914;1914
3864;30.07.1914;1914
3865;31.07.1914;1914
3866;01.08.1914;1914
3867;02.08.1914;1914
3868;03.08.1914;1914
3869;04.08.1914;1914
3870;05.08.1914;1914
3871;06.08.1914;1914
3872;07.08.1914;1914
3873;08.08.1914;1914
3874;09.08.1914;1914
3875;10.08.1914;1914
3876;11.08.1914;1914
3877;12.08.1914;1914
3878;13.08.1914;1914
3879;14.08.1914;1914
3880;15.08.1914;1914
3881;16.08.1914;1914
3882;17.08.1914;1914
3883;18.08.1914;1914
3884;19.08.1914;1914
3885;20.08.1914;1914
3886;21.08.1914;1914
3887;22.08.1914;1914
3888;23.08.1914;1914
3889;24.08.1914;1914
3890;25.08.1914;1914
3891;26.08.1914;1914
3892;27.08.1914;1914
3893;28.08.1914;1914
3894;29.08.1914;1914
3895;30.08.1914;1914
3896;31.08.1914;1914
3897;01.09.1914;1914
3898;02.09.1914;1914
3899;03.09.1914;1914
3900;04.09.1914;1914
3901;05.09.1914;1914
3902;06.09.1914;1914
3903;07.09.1914;1914
3904;08.09.1914;1914
3905;09.09.1914;1914
3906;10.09.1914;1914
3907;11.09.1914;1914
3908;12.09.1914;1914
3909;13.09.1914;1914
3910;14.09.1914;1914
3911;15.09.1914;1914
3912;16.09.1914;1914
3913;17.09.1914;1914
3914;18.09.1914;1914
3915;19.09.1914;1914
3916;20.09.1914;1914
3917;21.09.1914;1914
3918;22.09.1914;1914
3919;23.09.1914;1914
3920;24.09.1914;1914
3921;25.09.1914;1914
3922;26.09.1914;1914
3923;27.09.1914;1914
3924;28.09.1914;1914
3925;29.09.1914;1914
3926;30.09.1914;1914
3927;01.10.1914;1914
3928;02.10.1914;1914
3929;03.10.1914;1914
3930;04.10.1914;1914
3931;05.10.1914;1914
3932;06.10.1914;1914
3933;07.10.1914;1914
3934;08.10.1914;1914
3935;09.10.1914;1914
3936;10.10.1914;1914
3937;11.10.1914;1914
3938;12.10.1914;1914
3939;13.10.1914;1914
3940;14.10.1914;1914
3941;15.10.1914;1914
3942;16.10.1914;1914
3943;17.10.1914;1914
3944;18.10.1914;1914
3945;19.10.1914;1914
3946;20.10.1914;1914
3947;21.10.1914;1914
3948;22.10.1914;1914
3949;23.10.1914;1914
3950;24.10.1914;1914
3951;25.10.1914;1914
3952;26.10.1914;1914
3953;27.10.1914;1914
3954;28.10.1914;1914
3955;29.10.1914;1914
3956;30.10.1914;1914
3957;31.10.1914;1914
3958;01.11.1914;1914
3959;02.11.1914;1914
3960;03.11.1914;1914
3961;04.11.1914;1914
3962;05.11.1914;1914
3963;06.11.1914;1914
3964;07.11.1914;1914
3965;08.11.1914;1914
3966;09.11.1914;1914
3967;10.11.1914;1914
3968;11.11.1914;1914
3969;12.11.1914;1914
3970;13.11.1914;1914
3971;14.11.1914;1914
3972;15.11.1914;1914
3973;16.11.1914;1914
3974;17.11.1914;1914
3975;18.11.1914;1914
3976;19.11.1914;1914
3977;20.11.1914;1914
3978;21.11.1914;1914
3979;22.11.1914;1914
3980;23.11.1914;1914
3981;24.11.1914;1914
3982;25.11.1914;1914
3983;26.11.1914;1914
3984;27.11.1914;1914
3985;28.11.1914;1914
3986;29.11.1914;1914
3987;30.11.1914;1914
3988;01.12.1914;1914
3989;02.12.1914;1914
3990;03.12.1914;1914
3991;04.12.1914;1914
3992;05.12.1914;1914
3993;06.12.1914;1914
3994;07.12.1914;1914
3995;08.12.1914;1914
3996;09.12.1914;1914
3997;10.12.1914;1914
3998;11.12.1914;1914
3999;12.12.1914;1914
4000;13.12.1914;1914
4001;14.12.1914;1914
4002;15.12.1914;1914
4003;16.12.1914;1914
4004;17.12.1914;1914
4005;18.12.1914;1914
4006;19.12.1914;1914
4007;20.12.1914;1914
4008;21.12.1914;1914
4009;22.12.1914;1914
4010;23.12.1914;1914
4011;24.12.1914;1914
4012;25.12.1914;1914
4013;26.12.1914;1914
4014;27.12.1914;1914
4015;28.12.1914;1914
4016;29.12.1914;1914
4017;30.12.1914;1914
4018;31.12.1914;1914
4019;01.01.1915;1915
4020;02.01.1915;1915
4021;03.01.1915;1915
4022;04.01.1915;1915
4023;05.01.1915;1915
4024;06.01.1915;1915
4025;07.01.1915;1915
4026;08.01.1915;1915
4027;09.01.1915;1915
4028;10.01.1915;1915
4029;11.01.1915;1915
4030;12.01.1915;1915
4031;13.01.1915;1915
4032;14.01.1915;1915
4033;15.01.1915;1915
4034;16.01.1915;1915
4035;17.01.1915;1915
4036;18.01.1915;1915
4037;19.01.1915;1915
4038;20.01.1915;1915
4039;21.01.1915;1915
4040;22.01.1915;1915
4041;23.01.1915;1915
4042;24.01.1915;1915
4043;25.01.1915;1915
4044;26.01.1915;1915
4045;27.01.1915;1915
4046;28.01.1915;1915
4047;29.01.1915;1915
4048;30.01.1915;1915
4049;31.01.1915;1915
4050;01.02.1915;1915
4051;02.02.1915;1915
4052;03.02.1915;1915
4053;04.02.1915;1915
4054;05.02.1915;1915
4055;06.02.1915;1915
4056;07.02.1915;1915
4057;08.02.1915;1915
4058;09.02.1915;1915
4059;10.02.1915;1915
4060;11.02.1915;1915
4061;12.02.1915;1915
4062;13.02.1915;1915
4063;14.02.1915;1915
4064;15.02.1915;1915
4065;16.02.1915;1915
4066;17.02.1915;1915
4067;18.02.1915;1915
4068;19.02.1915;1915
4069;20.02.1915;1915
4070;21.02.1915;1915
4071;22.02.1915;1915
4072;23.02.1915;1915
4073;24.02.1915;1915
4074;25.02.1915;1915
4075;26.02.1915;1915
4076;27.02.1915;1915
4077;28.02.1915;1915
4078;01.03.1915;1915
4079;02.03.1915;1915
4080;03.03.1915;1915
4081;04.03.1915;1915
4082;05.03.1915;1915
4083;06.03.1915;1915
4084;07.03.1915;1915
4085;08.03.1915;1915
4086;09.03.1915;1915
4087;10.03.1915;1915
4088;11.03.1915;1915
4089;12.03.1915;1915
4090;13.03.1915;1915
4091;14.03.1915;1915
4092;15.03.1915;1915
4093;16.03.1915;1915
4094;17.03.1915;1915
4095;18.03.1915;1915
4096;19.03.1915;1915
4097;20.03.1915;1915
4098;21.03.1915;1915
4099;22.03.1915;1915
4100;23.03.1915;1915
4101;24.03.1915;1915
4102;25.03.1915;1915
4103;26.03.1915;1915
4104;27.03.1915;1915
4105;28.03.1915;1915
4106;29.03.1915;1915
4107;30.03.1915;1915
4108;31.03.1915;1915
4109;01.04.1915;1915
4110;02.04.1915;1915
4111;03.04.1915;1915
4112;04.04.1915;1915
4113;05.04.1915;1915
4114;06.04.1915;1915
4115;07.04.1915;1915
4116;08.04.1915;1915
4117;09.04.1915;1915
4118;10.04.1915;1915
4119;11.04.1915;1915
4120;12.04.1915;1915
4121;13.04.1915;1915
4122;14.04.1915;1915
4123;15.04.1915;1915
4124;16.04.1915;1915
4125;17.04.1915;1915
4126;18.04.1915;1915
4127;19.04.1915;1915
4128;20.04.1915;1915
4129;21.04.1915;1915
4130;22.04.1915;1915
4131;23.04.1915;1915
4132;24.04.1915;1915
4133;25.04.1915;1915
4134;26.04.1915;1915
4135;27.04.1915;1915
4136;28.04.1915;1915
4137;29.04.1915;1915
4138;30.04.1915;1915
4139;01.05.1915;1915
4140;02.05.1915;1915
4141;03.05.1915;1915
4142;04.05.1915;1915
4143;05.05.1915;1915
4144;06.05.1915;1915
4145;07.05.1915;1915
4146;08.05.1915;1915
4147;09.05.1915;1915
4148;10.05.1915;1915
4149;11.05.1915;1915
4150;12.05.1915;1915
4151;13.05.1915;1915
4152;14.05.1915;1915
4153;15.05.1915;1915
4154;16.05.1915;1915
4155;17.05.1915;1915
4156;18.05.1915;1915
4157;19.05.1915;1915
4158;20.05.1915;1915
4159;21.05.1915;1915
4160;22.05.1915;1915
4161;23.05.1915;1915
4162;24.05.1915;1915
4163;25.05.1915;1915
4164;26.05.1915;1915
4165;27.05.1915;1915
4166;28.05.1915;1915
4167;29.05.1915;1915
4168;30.05.1915;1915
4169;31.05.1915;1915
4170;01.06.1915;1915
4171;02.06.1915;1915
4172;03.06.1915;1915
4173;04.06.1915;1915
4174;05.06.1915;1915
4175;06.06.1915;1915
4176;07.06.1915;1915
4177;08.06.1915;1915
4178;09.06.1915;1915
4179;10.06.1915;1915
4180;11.06.1915;1915
4181;12.06.1915;1915
4182;13.06.1915;1915
4183;14.06.1915;1915
4184;15.06.1915;1915
4185;16.06.1915;1915
4186;17.06.1915;1915
4187;18.06.1915;1915
4188;19.06.1915;1915
4189;20.06.1915;1915
4190;21.06.1915;1915
4191;22.06.1915;1915
4192;23.06.1915;1915
4193;24.06.1915;1915
4194;25.06.1915;1915
4195;26.06.1915;1915
4196;27.06.1915;1915
4197;28.06.1915;1915
4198;29.06.1915;1915
4199;30.06.1915;1915
4200;01.07.1915;1915
4201;02.07.1915;1915
4202;03.07.1915;1915
4203;04.07.1915;1915
4204;05.07.1915;1915
4205;06.07.1915;1915
4206;07.07.1915;1915
4207;08.07.1915;1915
4208;09.07.1915;1915
4209;10.07.1915;1915
4210;11.07.1915;1915
4211;12.07.1915;1915
4212;13.07.1915;1915
4213;14.07.1915;1915
4214;15.07.1915;1915
4215;16.07.1915;1915
4216;17.07.1915;1915
4217;18.07.1915;1915
4218;19.07.1915;1915
4219;20.07.1915;1915
4220;21.07.1915;1915
4221;22.07.1915;1915
4222;23.07.1915;1915
4223;24.07.1915;1915
4224;25.07.1915;1915
4225;26.07.1915;1915
4226;27.07.1915;1915
4227;28.07.1915;1915
4228;29.07.1915;1915
4229;30.07.1915;1915
4230;31.07.1915;1915
4231;01.08.1915;1915
4232;02.08.1915;1915
4233;03.08.1915;1915
4234;04.08.1915;1915
4235;05.08.1915;1915
4236;06.08.1915;1915
4237;07.08.1915;1915
4238;08.08.1915;1915
4239;09.08.1915;1915
4240;10.08.1915;1915
4241;11.08.1915;1915
4242;12.08.1915;1915
4243;13.08.1915;1915
4244;14.08.1915;1915
4245;15.08.1915;1915
4246;16.08.1915;1915
4247;17.08.1915;1915
4248;18.08.1915;1915
4249;19.08.1915;1915
4250;20.08.1915;1915
4251;21.08.1915;1915
4252;22.08.1915;1915
4253;23.08.1915;1915
4254;24.08.1915;1915
4255;25.08.1915;1915
4256;26.08.1915;1915
4257;27.08.1915;1915
4258;28.08.1915;1915
4259;29.08.1915;1915
4260;30.08.1915;1915
4261;31.08.1915;1915
4262;01.09.1915;1915
4263;02.09.1915;1915
4264;03.09.1915;1915
4265;04.09.1915;1915
4266;05.09.1915;1915
4267;06.09.1915;1915
4268;07.09.1915;1915
4269;08.09.1915;1915
4270;09.09.1915;1915
4271;10.09.1915;1915
4272;11.09.1915;1915
4273;12.09.1915;1915
4274;13.09.1915;1915
4275;14.09.1915;1915
4276;15.09.1915;1915
4277;16.09.1915;1915
4278;17.09.1915;1915
4279;18.09.1915;1915
4280;19.09.1915;1915
4281;20.09.1915;1915
4282;21.09.1915;1915
4283;22.09.1915;1915
4284;23.09.1915;1915
4285;24.09.1915;1915
4286;25.09.1915;1915
4287;26.09.1915;1915
4288;27.09.1915;1915
4289;28.09.1915;1915
4290;29.09.1915;1915
4291;30.09.1915;1915
4292;01.10.1915;1915
4293;02.10.1915;1915
4294;03.10.1915;1915
4295;04.10.1915;1915
4296;05.10.1915;1915
4297;06.10.1915;1915
4298;07.10.1915;1915
4299;08.10.1915;1915
4300;09.10.1915;1915
4301;10.10.1915;1915
4302;11.10.1915;1915
4303;12.10.1915;1915
4304;13.10.1915;1915
4305;14.10.1915;1915
4306;15.10.1915;1915
4307;16.10.1915;1915
4308;17.10.1915;1915
4309;18.10.1915;1915
4310;19.10.1915;1915
4311;20.10.1915;1915
4312;21.10.1915;1915
4313;22.10.1915;1915
4314;23.10.1915;1915
4315;24.10.1915;1915
4316;25.10.1915;1915
4317;26.10.1915;1915
4318;27.10.1915;1915
4319;28.10.1915;1915
4320;29.10.1915;1915
4321;30.10.1915;1915
4322;31.10.1915;1915
4323;01.11.1915;1915
4324;02.11.1915;1915
4325;03.11.1915;1915
4326;04.11.1915;1915
4327;05.11.1915;1915
4328;06.11.1915;1915
4329;07.11.1915;1915
4330;08.11.1915;1915
4331;09.11.1915;1915
4332;10.11.1915;1915
4333;11.11.1915;1915
4334;12.11.1915;1915
4335;13.11.1915;1915
4336;14.11.1915;1915
4337;15.11.1915;1915
4338;16.11.1915;1915
4339;17.11.1915;1915
4340;18.11.1915;1915
4341;19.11.1915;1915
4342;20.11.1915;1915
4343;21.11.1915;1915
4344;22.11.1915;1915
4345;23.11.1915;1915
4346;24.11.1915;1915
4347;25.11.1915;1915
4348;26.11.1915;1915
4349;27.11.1915;1915
4350;28.11.1915;1915
4351;29.11.1915;1915
4352;30.11.1915;1915
4353;01.12.1915;1915
4354;02.12.1915;1915
4355;03.12.1915;1915
4356;04.12.1915;1915
4357;05.12.1915;1915
4358;06.12.1915;1915
4359;07.12.1915;1915
4360;08.12.1915;1915
4361;09.12.1915;1915
4362;10.12.1915;1915
4363;11.12.1915;1915
4364;12.12.1915;1915
4365;13.12.1915;1915
4366;14.12.1915;1915
4367;15.12.1915;1915
4368;16.12.1915;1915
4369;17.12.1915;1915
4370;18.12.1915;1915
4371;19.12.1915;1915
4372;20.12.1915;1915
4373;21.12.1915;1915
4374;22.12.1915;1915
4375;23.12.1915;1915
4376;24.12.1915;1915
4377;25.12.1915;1915
4378;26.12.1915;1915
4379;27.12.1915;1915
4380;28.12.1915;1915
4381;29.12.1915;1915
4382;30.12.1915;1915
4383;31.12.1915;1915
4384;01.01.1916;1916
4385;02.01.1916;1916
4386;03.01.1916;1916
4387;04.01.1916;1916
4388;05.01.1916;1916
4389;06.01.1916;1916
4390;07.01.1916;1916
4391;08.01.1916;1916
4392;09.01.1916;1916
4393;10.01.1916;1916
4394;11.01.1916;1916
4395;12.01.1916;1916
4396;13.01.1916;1916
4397;14.01.1916;1916
4398;15.01.1916;1916
4399;16.01.1916;1916
4400;17.01.1916;1916
4401;18.01.1916;1916
4402;19.01.1916;1916
4403;20.01.1916;1916
4404;21.01.1916;1916
4405;22.01.1916;1916
4406;23.01.1916;1916
4407;24.01.1916;1916
4408;25.01.1916;1916
4409;26.01.1916;1916
4410;27.01.1916;1916
4411;28.01.1916;1916
4412;29.01.1916;1916
4413;30.01.1916;1916
4414;31.01.1916;1916
4415;01.02.1916;1916
4416;02.02.1916;1916
4417;03.02.1916;1916
4418;04.02.1916;1916
4419;05.02.1916;1916
4420;06.02.1916;1916
4421;07.02.1916;1916
4422;08.02.1916;1916
4423;09.02.1916;1916
4424;10.02.1916;1916
4425;11.02.1916;1916
4426;12.02.1916;1916
4427;13.02.1916;1916
4428;14.02.1916;1916
4429;15.02.1916;1916
4430;16.02.1916;1916
4431;17.02.1916;1916
4432;18.02.1916;1916
4433;19.02.1916;1916
4434;20.02.1916;1916
4435;21.02.1916;1916
4436;22.02.1916;1916
4437;23.02.1916;1916
4438;24.02.1916;1916
4439;25.02.1916;1916
4440;26.02.1916;1916
4441;27.02.1916;1916
4442;28.02.1916;1916
4443;29.02.1916;1916
4444;01.03.1916;1916
4445;02.03.1916;1916
4446;03.03.1916;1916
4447;04.03.1916;1916
4448;05.03.1916;1916
4449;06.03.1916;1916
4450;07.03.1916;1916
4451;08.03.1916;1916
4452;09.03.1916;1916
4453;10.03.1916;1916
4454;11.03.1916;1916
4455;12.03.1916;1916
4456;13.03.1916;1916
4457;14.03.1916;1916
4458;15.03.1916;1916
4459;16.03.1916;1916
4460;17.03.1916;1916
4461;18.03.1916;1916
4462;19.03.1916;1916
4463;20.03.1916;1916
4464;21.03.1916;1916
4465;22.03.1916;1916
4466;23.03.1916;1916
4467;24.03.1916;1916
4468;25.03.1916;1916
4469;26.03.1916;1916
4470;27.03.1916;1916
4471;28.03.1916;1916
4472;29.03.1916;1916
4473;30.03.1916;1916
4474;31.03.1916;1916
4475;01.04.1916;1916
4476;02.04.1916;1916
4477;03.04.1916;1916
4478;04.04.1916;1916
4479;05.04.1916;1916
4480;06.04.1916;1916
4481;07.04.1916;1916
4482;08.04.1916;1916
4483;09.04.1916;1916
4484;10.04.1916;1916
4485;11.04.1916;1916
4486;12.04.1916;1916
4487;13.04.1916;1916
4488;14.04.1916;1916
4489;15.04.1916;1916
4490;16.04.1916;1916
4491;17.04.1916;1916
4492;18.04.1916;1916
4493;19.04.1916;1916
4494;20.04.1916;1916
4495;21.04.1916;1916
4496;22.04.1916;1916
4497;23.04.1916;1916
4498;24.04.1916;1916
4499;25.04.1916;1916
4500;26.04.1916;1916
4501;27.04.1916;1916
4502;28.04.1916;1916
4503;29.04.1916;1916
4504;30.04.1916;1916
4505;01.05.1916;1916
4506;02.05.1916;1916
4507;03.05.1916;1916
4508;04.05.1916;1916
4509;05.05.1916;1916
4510;06.05.1916;1916
4511;07.05.1916;1916
4512;08.05.1916;1916
4513;09.05.1916;1916
4514;10.05.1916;1916
4515;11.05.1916;1916
4516;12.05.1916;1916
4517;13.05.1916;1916
4518;14.05.1916;1916
4519;15.05.1916;1916
4520;16.05.1916;1916
4521;17.05.1916;1916
4522;18.05.1916;1916
4523;19.05.1916;1916
4524;20.05.1916;1916
4525;21.05.1916;1916
4526;22.05.1916;1916
4527;23.05.1916;1916
4528;24.05.1916;1916
4529;25.05.1916;1916
4530;26.05.1916;1916
4531;27.05.1916;1916
4532;28.05.1916;1916
4533;29.05.1916;1916
4534;30.05.1916;1916
4535;31.05.1916;1916
4536;01.06.1916;1916
4537;02.06.1916;1916
4538;03.06.1916;1916
4539;04.06.1916;1916
4540;05.06.1916;1916
4541;06.06.1916;1916
4542;07.06.1916;1916
4543;08.06.1916;1916
4544;09.06.1916;1916
4545;10.06.1916;1916
4546;11.06.1916;1916
4547;12.06.1916;1916
4548;13.06.1916;1916
4549;14.06.1916;1916
4550;15.06.1916;1916
4551;16.06.1916;1916
4552;17.06.1916;1916
4553;18.06.1916;1916
4554;19.06.1916;1916
4555;20.06.1916;1916
4556;21.06.1916;1916
4557;22.06.1916;1916
4558;23.06.1916;1916
4559;24.06.1916;1916
4560;25.06.1916;1916
4561;26.06.1916;1916
4562;27.06.1916;1916
4563;28.06.1916;1916
4564;29.06.1916;1916
4565;30.06.1916;1916
4566;01.07.1916;1916
4567;02.07.1916;1916
4568;03.07.1916;1916
4569;04.07.1916;1916
4570;05.07.1916;1916
4571;06.07.1916;1916
4572;07.07.1916;1916
4573;08.07.1916;1916
4574;09.07.1916;1916
4575;10.07.1916;1916
4576;11.07.1916;1916
4577;12.07.1916;1916
4578;13.07.1916;1916
4579;14.07.1916;1916
4580;15.07.1916;1916
4581;16.07.1916;1916
4582;17.07.1916;1916
4583;18.07.1916;1916
4584;19.07.1916;1916
4585;20.07.1916;1916
4586;21.07.1916;1916
4587;22.07.1916;1916
4588;23.07.1916;1916
4589;24.07.1916;1916
4590;25.07.1916;1916
4591;26.07.1916;1916
4592;27.07.1916;1916
4593;28.07.1916;1916
4594;29.07.1916;1916
4595;30.07.1916;1916
4596;31.07.1916;1916
4597;01.08.1916;1916
4598;02.08.1916;1916
4599;03.08.1916;1916
4600;04.08.1916;1916
4601;05.08.1916;1916
4602;06.08.1916;1916
4603;07.08.1916;1916
4604;08.08.1916;1916
4605;09.08.1916;1916
4606;10.08.1916;1916
4607;11.08.1916;1916
4608;12.08.1916;1916
4609;13.08.1916;1916
4610;14.08.1916;1916
4611;15.08.1916;1916
4612;16.08.1916;1916
4613;17.08.1916;1916
4614;18.08.1916;1916
4615;19.08.1916;1916
4616;20.08.1916;1916
4617;21.08.1916;1916
4618;22.08.1916;1916
4619;23.08.1916;1916
4620;24.08.1916;1916
4621;25.08.1916;1916
4622;26.08.1916;1916
4623;27.08.1916;1916
4624;28.08.1916;1916
4625;29.08.1916;1916
4626;30.08.1916;1916
4627;31.08.1916;1916
4628;01.09.1916;1916
4629;02.09.1916;1916
4630;03.09.1916;1916
4631;04.09.1916;1916
4632;05.09.1916;1916
4633;06.09.1916;1916
4634;07.09.1916;1916
4635;08.09.1916;1916
4636;09.09.1916;1916
4637;10.09.1916;1916
4638;11.09.1916;1916
4639;12.09.1916;1916
4640;13.09.1916;1916
4641;14.09.1916;1916
4642;15.09.1916;1916
4643;16.09.1916;1916
4644;17.09.1916;1916
4645;18.09.1916;1916
4646;19.09.1916;1916
4647;20.09.1916;1916
4648;21.09.1916;1916
4649;22.09.1916;1916
4650;23.09.1916;1916
4651;24.09.1916;1916
4652;25.09.1916;1916
4653;26.09.1916;1916
4654;27.09.1916;1916
4655;28.09.1916;1916
4656;29.09.1916;1916
4657;30.09.1916;1916
4658;01.10.1916;1916
4659;02.10.1916;1916
4660;03.10.1916;1916
4661;04.10.1916;1916
4662;05.10.1916;1916
4663;06.10.1916;1916
4664;07.10.1916;1916
4665;08.10.1916;1916
4666;09.10.1916;1916
4667;10.10.1916;1916
4668;11.10.1916;1916
4669;12.10.1916;1916
4670;13.10.1916;1916
4671;14.10.1916;1916
4672;15.10.1916;1916
4673;16.10.1916;1916
4674;17.10.1916;1916
4675;18.10.1916;1916
4676;19.10.1916;1916
4677;20.10.1916;1916
4678;21.10.1916;1916
4679;22.10.1916;1916
4680;23.10.1916;1916
4681;24.10.1916;1916
4682;25.10.1916;1916
4683;26.10.1916;1916
4684;27.10.1916;1916
4685;28.10.1916;1916
4686;29.10.1916;1916
4687;30.10.1916;1916
4688;31.10.1916;1916
4689;01.11.1916;1916
4690;02.11.1916;1916
4691;03.11.1916;1916
4692;04.11.1916;1916
4693;05.11.1916;1916
4694;06.11.1916;1916
4695;07.11.1916;1916
4696;08.11.1916;1916
4697;09.11.1916;1916
4698;10.11.1916;1916
4699;11.11.1916;1916
4700;12.11.1916;1916
4701;13.11.1916;1916
4702;14.11.1916;1916
4703;15.11.1916;1916
4704;16.11.1916;1916
4705;17.11.1916;1916
4706;18.11.1916;1916
4707;19.11.1916;1916
4708;20.11.1916;1916
4709;21.11.1916;1916
4710;22.11.1916;1916
4711;23.11.1916;1916
4712;24.11.1916;1916
4713;25.11.1916;1916
4714;26.11.1916;1916
4715;27.11.1916;1916
4716;28.11.1916;1916
4717;29.11.1916;1916
4718;30.11.1916;1916
4719;01.12.1916;1916
4720;02.12.1916;1916
4721;03.12.1916;1916
4722;04.12.1916;1916
4723;05.12.1916;1916
4724;06.12.1916;1916
4725;07.12.1916;1916
4726;08.12.1916;1916
4727;09.12.1916;1916
4728;10.12.1916;1916
4729;11.12.1916;1916
4730;12.12.1916;1916
4731;13.12.1916;1916
4732;14.12.1916;1916
4733;15.12.1916;1916
4734;16.12.1916;1916
4735;17.12.1916;1916
4736;18.12.1916;1916
4737;19.12.1916;1916
4738;20.12.1916;1916
4739;21.12.1916;1916
4740;22.12.1916;1916
4741;23.12.1916;1916
4742;24.12.1916;1916
4743;25.12.1916;1916
4744;26.12.1916;1916
4745;27.12.1916;1916
4746;28.12.1916;1916
4747;29.12.1916;1916
4748;30.12.1916;1916
4749;31.12.1916;1916
4750;01.01.1917;1917
4751;02.01.1917;1917
4752;03.01.1917;1917
4753;04.01.1917;1917
4754;05.01.1917;1917
4755;06.01.1917;1917
4756;07.01.1917;1917
4757;08.01.1917;1917
4758;09.01.1917;1917
4759;10.01.1917;1917
4760;11.01.1917;1917
4761;12.01.1917;1917
4762;13.01.1917;1917
4763;14.01.1917;1917
4764;15.01.1917;1917
4765;16.01.1917;1917
4766;17.01.1917;1917
4767;18.01.1917;1917
4768;19.01.1917;1917
4769;20.01.1917;1917
4770;21.01.1917;1917
4771;22.01.1917;1917
4772;23.01.1917;1917
4773;24.01.1917;1917
4774;25.01.1917;1917
4775;26.01.1917;1917
4776;27.01.1917;1917
4777;28.01.1917;1917
4778;29.01.1917;1917
4779;30.01.1917;1917
4780;31.01.1917;1917
4781;01.02.1917;1917
4782;02.02.1917;1917
4783;03.02.1917;1917
4784;04.02.1917;1917
4785;05.02.1917;1917
4786;06.02.1917;1917
4787;07.02.1917;1917
4788;08.02.1917;1917
4789;09.02.1917;1917
4790;10.02.1917;1917
4791;11.02.1917;1917
4792;12.02.1917;1917
4793;13.02.1917;1917
4794;14.02.1917;1917
4795;15.02.1917;1917
4796;16.02.1917;1917
4797;17.02.1917;1917
4798;18.02.1917;1917
4799;19.02.1917;1917
4800;20.02.1917;1917
4801;21.02.1917;1917
4802;22.02.1917;1917
4803;23.02.1917;1917
4804;24.02.1917;1917
4805;25.02.1917;1917
4806;26.02.1917;1917
4807;27.02.1917;1917
4808;28.02.1917;1917
4809;01.03.1917;1917
4810;02.03.1917;1917
4811;03.03.1917;1917
4812;04.03.1917;1917
4813;05.03.1917;1917
4814;06.03.1917;1917
4815;07.03.1917;1917
4816;08.03.1917;1917
4817;09.03.1917;1917
4818;10.03.1917;1917
4819;11.03.1917;1917
4820;12.03.1917;1917
4821;13.03.1917;1917
4822;14.03.1917;1917
4823;15.03.1917;1917
4824;16.03.1917;1917
4825;17.03.1917;1917
4826;18.03.1917;1917
4827;19.03.1917;1917
4828;20.03.1917;1917
4829;21.03.1917;1917
4830;22.03.1917;1917
4831;23.03.1917;1917
4832;24.03.1917;1917
4833;25.03.1917;1917
4834;26.03.1917;1917
4835;27.03.1917;1917
4836;28.03.1917;1917
4837;29.03.1917;1917
4838;30.03.1917;1917
4839;31.03.1917;1917
4840;01.04.1917;1917
4841;02.04.1917;1917
4842;03.04.1917;1917
4843;04.04.1917;1917
4844;05.04.1917;1917
4845;06.04.1917;1917
4846;07.04.1917;1917
4847;08.04.1917;1917
4848;09.04.1917;1917
4849;10.04.1917;1917
4850;11.04.1917;1917
4851;12.04.1917;1917
4852;13.04.1917;1917
4853;14.04.1917;1917
4854;15.04.1917;1917
4855;16.04.1917;1917
4856;17.04.1917;1917
4857;18.04.1917;1917
4858;19.04.1917;1917
4859;20.04.1917;1917
4860;21.04.1917;1917
4861;22.04.1917;1917
4862;23.04.1917;1917
4863;24.04.1917;1917
4864;25.04.1917;1917
4865;26.04.1917;1917
4866;27.04.1917;1917
4867;28.04.1917;1917
4868;29.04.1917;1917
4869;30.04.1917;1917
4870;01.05.1917;1917
4871;02.05.1917;1917
4872;03.05.1917;1917
4873;04.05.1917;1917
4874;05.05.1917;1917
4875;06.05.1917;1917
4876;07.05.1917;1917
4877;08.05.1917;1917
4878;09.05.1917;1917
4879;10.05.1917;1917
4880;11.05.1917;1917
4881;12.05.1917;1917
4882;13.05.1917;1917
4883;14.05.1917;1917
4884;15.05.1917;1917
4885;16.05.1917;1917
4886;17.05.1917;1917
4887;18.05.1917;1917
4888;19.05.1917;1917
4889;20.05.1917;1917
4890;21.05.1917;1917
4891;22.05.1917;1917
4892;23.05.1917;1917
4893;24.05.1917;1917
4894;25.05.1917;1917
4895;26.05.1917;1917
4896;27.05.1917;1917
4897;28.05.1917;1917
4898;29.05.1917;1917
4899;30.05.1917;1917
4900;31.05.1917;1917
4901;01.06.1917;1917
4902;02.06.1917;1917
4903;03.06.1917;1917
4904;04.06.1917;1917
4905;05.06.1917;1917
4906;06.06.1917;1917
4907;07.06.1917;1917
4908;08.06.1917;1917
4909;09.06.1917;1917
4910;10.06.1917;1917
4911;11.06.1917;1917
4912;12.06.1917;1917
4913;13.06.1917;1917
4914;14.06.1917;1917
4915;15.06.1917;1917
4916;16.06.1917;1917
4917;17.06.1917;1917
4918;18.06.1917;1917
4919;19.06.1917;1917
4920;20.06.1917;1917
4921;21.06.1917;1917
4922;22.06.1917;1917
4923;23.06.1917;1917
4924;24.06.1917;1917
4925;25.06.1917;1917
4926;26.06.1917;1917
4927;27.06.1917;1917
4928;28.06.1917;1917
4929;29.06.1917;1917
4930;30.06.1917;1917
4931;01.07.1917;1917
4932;02.07.1917;1917
4933;03.07.1917;1917
4934;04.07.1917;1917
4935;05.07.1917;1917
4936;06.07.1917;1917
4937;07.07.1917;1917
4938;08.07.1917;1917
4939;09.07.1917;1917
4940;10.07.1917;1917
4941;11.07.1917;1917
4942;12.07.1917;1917
4943;13.07.1917;1917
4944;14.07.1917;1917
4945;15.07.1917;1917
4946;16.07.1917;1917
4947;17.07.1917;1917
4948;18.07.1917;1917
4949;19.07.1917;1917
4950;20.07.1917;1917
4951;21.07.1917;1917
4952;22.07.1917;1917
4953;23.07.1917;1917
4954;24.07.1917;1917
4955;25.07.1917;1917
4956;26.07.1917;1917
4957;27.07.1917;1917
4958;28.07.1917;1917
4959;29.07.1917;1917
4960;30.07.1917;1917
4961;31.07.1917;1917
4962;01.08.1917;1917
4963;02.08.1917;1917
4964;03.08.1917;1917
4965;04.08.1917;1917
4966;05.08.1917;1917
4967;06.08.1917;1917
4968;07.08.1917;1917
4969;08.08.1917;1917
4970;09.08.1917;1917
4971;10.08.1917;1917
4972;11.08.1917;1917
4973;12.08.1917;1917
4974;13.08.1917;1917
4975;14.08.1917;1917
4976;15.08.1917;1917
4977;16.08.1917;1917
4978;17.08.1917;1917
4979;18.08.1917;1917
4980;19.08.1917;1917
4981;20.08.1917;1917
4982;21.08.1917;1917
4983;22.08.1917;1917
4984;23.08.1917;1917
4985;24.08.1917;1917
4986;25.08.1917;1917
4987;26.08.1917;1917
4988;27.08.1917;1917
4989;28.08.1917;1917
4990;29.08.1917;1917
4991;30.08.1917;1917
4992;31.08.1917;1917
4993;01.09.1917;1917
4994;02.09.1917;1917
4995;03.09.1917;1917
4996;04.09.1917;1917
4997;05.09.1917;1917
4998;06.09.1917;1917
4999;07.09.1917;1917
5000;08.09.1917;1917
5001;09.09.1917;1917
5002;10.09.1917;1917
5003;11.09.1917;1917
5004;12.09.1917;1917
5005;13.09.1917;1917
5006;14.09.1917;1917
5007;15.09.1917;1917
5008;16.09.1917;1917
5009;17.09.1917;1917
5010;18.09.1917;1917
5011;19.09.1917;1917
5012;20.09.1917;1917
5013;21.09.1917;1917
5014;22.09.1917;1917
5015;23.09.1917;1917
5016;24.09.1917;1917
5017;25.09.1917;1917
5018;26.09.1917;1917
5019;27.09.1917;1917
5020;28.09.1917;1917
5021;29.09.1917;1917
5022;30.09.1917;1917
5023;01.10.1917;1917
5024;02.10.1917;1917
5025;03.10.1917;1917
5026;04.10.1917;1917
5027;05.10.1917;1917
5028;06.10.1917;1917
5029;07.10.1917;1917
5030;08.10.1917;1917
5031;09.10.1917;1917
5032;10.10.1917;1917
5033;11.10.1917;1917
5034;12.10.1917;1917
5035;13.10.1917;1917
5036;14.10.1917;1917
5037;15.10.1917;1917
5038;16.10.1917;1917
5039;17.10.1917;1917
5040;18.10.1917;1917
5041;19.10.1917;1917
5042;20.10.1917;1917
5043;21.10.1917;1917
5044;22.10.1917;1917
5045;23.10.1917;1917
5046;24.10.1917;1917
5047;25.10.1917;1917
5048;26.10.1917;1917
5049;27.10.1917;1917
5050;28.10.1917;1917
5051;29.10.1917;1917
5052;30.10.1917;1917
5053;31.10.1917;1917
5054;01.11.1917;1917
5055;02.11.1917;1917
5056;03.11.1917;1917
5057;04.11.1917;1917
5058;05.11.1917;1917
5059;06.11.1917;1917
5060;07.11.1917;1917
5061;08.11.1917;1917
5062;09.11.1917;1917
5063;10.11.1917;1917
5064;11.11.1917;1917
5065;12.11.1917;1917
5066;13.11.1917;1917
5067;14.11.1917;1917
5068;15.11.1917;1917
5069;16.11.1917;1917
5070;17.11.1917;1917
5071;18.11.1917;1917
5072;19.11.1917;1917
5073;20.11.1917;1917
5074;21.11.1917;1917
5075;22.11.1917;1917
5076;23.11.1917;1917
5077;24.11.1917;1917
5078;25.11.1917;1917
5079;26.11.1917;1917
5080;27.11.1917;1917
5081;28.11.1917;1917
5082;29.11.1917;1917
5083;30.11.1917;1917
5084;01.12.1917;1917
5085;02.12.1917;1917
5086;03.12.1917;1917
5087;04.12.1917;1917
5088;05.12.1917;1917
5089;06.12.1917;1917
5090;07.12.1917;1917
5091;08.12.1917;1917
5092;09.12.1917;1917
5093;10.12.1917;1917
5094;11.12.1917;1917
5095;12.12.1917;1917
5096;13.12.1917;1917
5097;14.12.1917;1917
5098;15.12.1917;1917
5099;16.12.1917;1917
5100;17.12.1917;1917
5101;18.12.1917;1917
5102;19.12.1917;1917
5103;20.12.1917;1917
5104;21.12.1917;1917
5105;22.12.1917;1917
5106;23.12.1917;1917
5107;24.12.1917;1917
5108;25.12.1917;1917
5109;26.12.1917;1917
5110;27.12.1917;1917
5111;28.12.1917;1917
5112;29.12.1917;1917
5113;30.12.1917;1917
5114;31.12.1917;1917
5115;01.01.1918;1918
5116;02.01.1918;1918
5117;03.01.1918;1918
5118;04.01.1918;1918
5119;05.01.1918;1918
5120;06.01.1918;1918
5121;07.01.1918;1918
5122;08.01.1918;1918
5123;09.01.1918;1918
5124;10.01.1918;1918
5125;11.01.1918;1918
5126;12.01.1918;1918
5127;13.01.1918;1918
5128;14.01.1918;1918
5129;15.01.1918;1918
5130;16.01.1918;1918
5131;17.01.1918;1918
5132;18.01.1918;1918
5133;19.01.1918;1918
5134;20.01.1918;1918
5135;21.01.1918;1918
5136;22.01.1918;1918
5137;23.01.1918;1918
5138;24.01.1918;1918
5139;25.01.1918;1918
5140;26.01.1918;1918
5141;27.01.1918;1918
5142;28.01.1918;1918
5143;29.01.1918;1918
5144;30.01.1918;1918
5145;31.01.1918;1918
5146;01.02.1918;1918
5147;02.02.1918;1918
5148;03.02.1918;1918
5149;04.02.1918;1918
5150;05.02.1918;1918
5151;06.02.1918;1918
5152;07.02.1918;1918
5153;08.02.1918;1918
5154;09.02.1918;1918
5155;10.02.1918;1918
5156;11.02.1918;1918
5157;12.02.1918;1918
5158;13.02.1918;1918
5159;14.02.1918;1918
5160;15.02.1918;1918
5161;16.02.1918;1918
5162;17.02.1918;1918
5163;18.02.1918;1918
5164;19.02.1918;1918
5165;20.02.1918;1918
5166;21.02.1918;1918
5167;22.02.1918;1918
5168;23.02.1918;1918
5169;24.02.1918;1918
5170;25.02.1918;1918
5171;26.02.1918;1918
5172;27.02.1918;1918
5173;28.02.1918;1918
5174;01.03.1918;1918
5175;02.03.1918;1918
5176;03.03.1918;1918
5177;04.03.1918;1918
5178;05.03.1918;1918
5179;06.03.1918;1918
5180;07.03.1918;1918
5181;08.03.1918;1918
5182;09.03.1918;1918
5183;10.03.1918;1918
5184;11.03.1918;1918
5185;12.03.1918;1918
5186;13.03.1918;1918
5187;14.03.1918;1918
5188;15.03.1918;1918
5189;16.03.1918;1918
5190;17.03.1918;1918
5191;18.03.1918;1918
5192;19.03.1918;1918
5193;20.03.1918;1918
5194;21.03.1918;1918
5195;22.03.1918;1918
5196;23.03.1918;1918
5197;24.03.1918;1918
5198;25.03.1918;1918
5199;26.03.1918;1918
5200;27.03.1918;1918
5201;28.03.1918;1918
5202;29.03.1918;1918
5203;30.03.1918;1918
5204;31.03.1918;1918
5205;01.04.1918;1918
5206;02.04.1918;1918
5207;03.04.1918;1918
5208;04.04.1918;1918
5209;05.04.1918;1918
5210;06.04.1918;1918
5211;07.04.1918;1918
5212;08.04.1918;1918
5213;09.04.1918;1918
5214;10.04.1918;1918
5215;11.04.1918;1918
5216;12.04.1918;1918
5217;13.04.1918;1918
5218;14.04.1918;1918
5219;15.04.1918;1918
5220;16.04.1918;1918
5221;17.04.1918;1918
5222;18.04.1918;1918
5223;19.04.1918;1918
5224;20.04.1918;1918
5225;21.04.1918;1918
5226;22.04.1918;1918
5227;23.04.1918;1918
5228;24.04.1918;1918
5229;25.04.1918;1918
5230;26.04.1918;1918
5231;27.04.1918;1918
5232;28.04.1918;1918
5233;29.04.1918;1918
5234;30.04.1918;1918
5235;01.05.1918;1918
5236;02.05.1918;1918
5237;03.05.1918;1918
5238;04.05.1918;1918
5239;05.05.1918;1918
5240;06.05.1918;1918
5241;07.05.1918;1918
5242;08.05.1918;1918
5243;09.05.1918;1918
5244;10.05.1918;1918
5245;11.05.1918;1918
5246;12.05.1918;1918
5247;13.05.1918;1918
5248;14.05.1918;1918
5249;15.05.1918;1918
5250;16.05.1918;1918
5251;17.05.1918;1918
5252;18.05.1918;1918
5253;19.05.1918;1918
5254;20.05.1918;1918
5255;21.05.1918;1918
5256;22.05.1918;1918
5257;23.05.1918;1918
5258;24.05.1918;1918
5259;25.05.1918;1918
5260;26.05.1918;1918
5261;27.05.1918;1918
5262;28.05.1918;1918
5263;29.05.1918;1918
5264;30.05.1918;1918
5265;31.05.1918;1918
5266;01.06.1918;1918
5267;02.06.1918;1918
5268;03.06.1918;1918
5269;04.06.1918;1918
5270;05.06.1918;1918
5271;06.06.1918;1918
5272;07.06.1918;1918
5273;08.06.1918;1918
5274;09.06.1918;1918
5275;10.06.1918;1918
5276;11.06.1918;1918
5277;12.06.1918;1918
5278;13.06.1918;1918
5279;14.06.1918;1918
5280;15.06.1918;1918
5281;16.06.1918;1918
5282;17.06.1918;1918
5283;18.06.1918;1918
5284;19.06.1918;1918
5285;20.06.1918;1918
5286;21.06.1918;1918
5287;22.06.1918;1918
5288;23.06.1918;1918
5289;24.06.1918;1918
5290;25.06.1918;1918
5291;26.06.1918;1918
5292;27.06.1918;1918
5293;28.06.1918;1918
5294;29.06.1918;1918
5295;30.06.1918;1918
5296;01.07.1918;1918
5297;02.07.1918;1918
5298;03.07.1918;1918
5299;04.07.1918;1918
5300;05.07.1918;1918
5301;06.07.1918;1918
5302;07.07.1918;1918
5303;08.07.1918;1918
5304;09.07.1918;1918
5305;10.07.1918;1918
5306;11.07.1918;1918
5307;12.07.1918;1918
5308;13.07.1918;1918
5309;14.07.1918;1918
5310;15.07.1918;1918
5311;16.07.1918;1918
5312;17.07.1918;1918
5313;18.07.1918;1918
5314;19.07.1918;1918
5315;20.07.1918;1918
5316;21.07.1918;1918
5317;22.07.1918;1918
5318;23.07.1918;1918
5319;24.07.1918;1918
5320;25.07.1918;1918
5321;26.07.1918;1918
5322;27.07.1918;1918
5323;28.07.1918;1918
5324;29.07.1918;1918
5325;30.07.1918;1918
5326;31.07.1918;1918
5327;01.08.1918;1918
5328;02.08.1918;1918
5329;03.08.1918;1918
5330;04.08.1918;1918
5331;05.08.1918;1918
5332;06.08.1918;1918
5333;07.08.1918;1918
5334;08.08.1918;1918
5335;09.08.1918;1918
5336;10.08.1918;1918
5337;11.08.1918;1918
5338;12.08.1918;1918
5339;13.08.1918;1918
5340;14.08.1918;1918
5341;15.08.1918;1918
5342;16.08.1918;1918
5343;17.08.1918;1918
5344;18.08.1918;1918
5345;19.08.1918;1918
5346;20.08.1918;1918
5347;21.08.1918;1918
5348;22.08.1918;1918
5349;23.08.1918;1918
5350;24.08.1918;1918
5351;25.08.1918;1918
5352;26.08.1918;1918
5353;27.08.1918;1918
5354;28.08.1918;1918
5355;29.08.1918;1918
5356;30.08.1918;1918
5357;31.08.1918;1918
5358;01.09.1918;1918
5359;02.09.1918;1918
5360;03.09.1918;1918
5361;04.09.1918;1918
5362;05.09.1918;1918
5363;06.09.1918;1918
5364;07.09.1918;1918
5365;08.09.1918;1918
5366;09.09.1918;1918
5367;10.09.1918;1918
5368;11.09.1918;1918
5369;12.09.1918;1918
5370;13.09.1918;1918
5371;14.09.1918;1918
5372;15.09.1918;1918
5373;16.09.1918;1918
5374;17.09.1918;1918
5375;18.09.1918;1918
5376;19.09.1918;1918
5377;20.09.1918;1918
5378;21.09.1918;1918
5379;22.09.1918;1918
5380;23.09.1918;1918
5381;24.09.1918;1918
5382;25.09.1918;1918
5383;26.09.1918;1918
5384;27.09.1918;1918
5385;28.09.1918;1918
5386;29.09.1918;1918
5387;30.09.1918;1918
5388;01.10.1918;1918
5389;02.10.1918;1918
5390;03.10.1918;1918
5391;04.10.1918;1918
5392;05.10.1918;1918
5393;06.10.1918;1918
5394;07.10.1918;1918
5395;08.10.1918;1918
5396;09.10.1918;1918
5397;10.10.1918;1918
5398;11.10.1918;1918
5399;12.10.1918;1918
5400;13.10.1918;1918
5401;14.10.1918;1918
5402;15.10.1918;1918
5403;16.10.1918;1918
5404;17.10.1918;1918
5405;18.10.1918;1918
5406;19.10.1918;1918
5407;20.10.1918;1918
5408;21.10.1918;1918
5409;22.10.1918;1918
5410;23.10.1918;1918
5411;24.10.1918;1918
5412;25.10.1918;1918
5413;26.10.1918;1918
5414;27.10.1918;1918
5415;28.10.1918;1918
5416;29.10.1918;1918
5417;30.10.1918;1918
5418;31.10.1918;1918
5419;01.11.1918;1918
5420;02.11.1918;1918
5421;03.11.1918;1918
5422;04.11.1918;1918
5423;05.11.1918;1918
5424;06.11.1918;1918
5425;07.11.1918;1918
5426;08.11.1918;1918
5427;09.11.1918;1918
5428;10.11.1918;1918
5429;11.11.1918;1918
5430;12.11.1918;1918
5431;13.11.1918;1918
5432;14.11.1918;1918
5433;15.11.1918;1918
5434;16.11.1918;1918
5435;17.11.1918;1918
5436;18.11.1918;1918
5437;19.11.1918;1918
5438;20.11.1918;1918
5439;21.11.1918;1918
5440;22.11.1918;1918
5441;23.11.1918;1918
5442;24.11.1918;1918
5443;25.11.1918;1918
5444;26.11.1918;1918
5445;27.11.1918;1918
5446;28.11.1918;1918
5447;29.11.1918;1918
5448;30.11.1918;1918
5449;01.12.1918;1918
5450;02.12.1918;1918
5451;03.12.1918;1918
5452;04.12.1918;1918
5453;05.12.1918;1918
5454;06.12.1918;1918
5455;07.12.1918;1918
5456;08.12.1918;1918
5457;09.12.1918;1918
5458;10.12.1918;1918
5459;11.12.1918;1918
5460;12.12.1918;1918
5461;13.12.1918;1918
5462;14.12.1918;1918
5463;15.12.1918;1918
5464;16.12.1918;1918
5465;17.12.1918;1918
5466;18.12.1918;1918
5467;19.12.1918;1918
5468;20.12.1918;1918
5469;21.12.1918;1918
5470;22.12.1918;1918
5471;23.12.1918;1918
5472;24.12.1918;1918
5473;25.12.1918;1918
5474;26.12.1918;1918
5475;27.12.1918;1918
5476;28.12.1918;1918
5477;29.12.1918;1918
5478;30.12.1918;1918
5479;31.12.1918;1918
5480;01.01.1919;1919
5481;02.01.1919;1919
5482;03.01.1919;1919
5483;04.01.1919;1919
5484;05.01.1919;1919
5485;06.01.1919;1919
5486;07.01.1919;1919
5487;08.01.1919;1919
5488;09.01.1919;1919
5489;10.01.1919;1919
5490;11.01.1919;1919
5491;12.01.1919;1919
5492;13.01.1919;1919
5493;14.01.1919;1919
5494;15.01.1919;1919
5495;16.01.1919;1919
5496;17.01.1919;1919
5497;18.01.1919;1919
5498;19.01.1919;1919
5499;20.01.1919;1919
5500;21.01.1919;1919
5501;22.01.1919;1919
5502;23.01.1919;1919
5503;24.01.1919;1919
5504;25.01.1919;1919
5505;26.01.1919;1919
5506;27.01.1919;1919
5507;28.01.1919;1919
5508;29.01.1919;1919
5509;30.01.1919;1919
5510;31.01.1919;1919
5511;01.02.1919;1919
5512;02.02.1919;1919
5513;03.02.1919;1919
5514;04.02.1919;1919
5515;05.02.1919;1919
5516;06.02.1919;1919
5517;07.02.1919;1919
5518;08.02.1919;1919
5519;09.02.1919;1919
5520;10.02.1919;1919
5521;11.02.1919;1919
5522;12.02.1919;1919
5523;13.02.1919;1919
5524;14.02.1919;1919
5525;15.02.1919;1919
5526;16.02.1919;1919
5527;17.02.1919;1919
5528;18.02.1919;1919
5529;19.02.1919;1919
5530;20.02.1919;1919
5531;21.02.1919;1919
5532;22.02.1919;1919
5533;23.02.1919;1919
5534;24.02.1919;1919
5535;25.02.1919;1919
5536;26.02.1919;1919
5537;27.02.1919;1919
5538;28.02.1919;1919
5539;01.03.1919;1919
5540;02.03.1919;1919
5541;03.03.1919;1919
5542;04.03.1919;1919
5543;05.03.1919;1919
5544;06.03.1919;1919
5545;07.03.1919;1919
5546;08.03.1919;1919
5547;09.03.1919;1919
5548;10.03.1919;1919
5549;11.03.1919;1919
5550;12.03.1919;1919
5551;13.03.1919;1919
5552;14.03.1919;1919
5553;15.03.1919;1919
5554;16.03.1919;1919
5555;17.03.1919;1919
5556;18.03.1919;1919
5557;19.03.1919;1919
5558;20.03.1919;1919
5559;21.03.1919;1919
5560;22.03.1919;1919
5561;23.03.1919;1919
5562;24.03.1919;1919
5563;25.03.1919;1919
5564;26.03.1919;1919
5565;27.03.1919;1919
5566;28.03.1919;1919
5567;29.03.1919;1919
5568;30.03.1919;1919
5569;31.03.1919;1919
5570;01.04.1919;1919
5571;02.04.1919;1919
5572;03.04.1919;1919
5573;04.04.1919;1919
5574;05.04.1919;1919
5575;06.04.1919;1919
5576;07.04.1919;1919
5577;08.04.1919;1919
5578;09.04.1919;1919
5579;10.04.1919;1919
5580;11.04.1919;1919
5581;12.04.1919;1919
5582;13.04.1919;1919
5583;14.04.1919;1919
5584;15.04.1919;1919
5585;16.04.1919;1919
5586;17.04.1919;1919
5587;18.04.1919;1919
5588;19.04.1919;1919
5589;20.04.1919;1919
5590;21.04.1919;1919
5591;22.04.1919;1919
5592;23.04.1919;1919
5593;24.04.1919;1919
5594;25.04.1919;1919
5595;26.04.1919;1919
5596;27.04.1919;1919
5597;28.04.1919;1919
5598;29.04.1919;1919
5599;30.04.1919;1919
5600;01.05.1919;1919
5601;02.05.1919;1919
5602;03.05.1919;1919
5603;04.05.1919;1919
5604;05.05.1919;1919
5605;06.05.1919;1919
5606;07.05.1919;1919
5607;08.05.1919;1919
5608;09.05.1919;1919
5609;10.05.1919;1919
5610;11.05.1919;1919
5611;12.05.1919;1919
5612;13.05.1919;1919
5613;14.05.1919;1919
5614;15.05.1919;1919
5615;16.05.1919;1919
5616;17.05.1919;1919
5617;18.05.1919;1919
5618;19.05.1919;1919
5619;20.05.1919;1919
5620;21.05.1919;1919
5621;22.05.1919;1919
5622;23.05.1919;1919
5623;24.05.1919;1919
5624;25.05.1919;1919
5625;26.05.1919;1919
5626;27.05.1919;1919
5627;28.05.1919;1919
5628;29.05.1919;1919
5629;30.05.1919;1919
5630;31.05.1919;1919
5631;01.06.1919;1919
5632;02.06.1919;1919
5633;03.06.1919;1919
5634;04.06.1919;1919
5635;05.06.1919;1919
5636;06.06.1919;1919
5637;07.06.1919;1919
5638;08.06.1919;1919
5639;09.06.1919;1919
5640;10.06.1919;1919
5641;11.06.1919;1919
5642;12.06.1919;1919
5643;13.06.1919;1919
5644;14.06.1919;1919
5645;15.06.1919;1919
5646;16.06.1919;1919
5647;17.06.1919;1919
5648;18.06.1919;1919
5649;19.06.1919;1919
5650;20.06.1919;1919
5651;21.06.1919;1919
5652;22.06.1919;1919
5653;23.06.1919;1919
5654;24.06.1919;1919
5655;25.06.1919;1919
5656;26.06.1919;1919
5657;27.06.1919;1919
5658;28.06.1919;1919
5659;29.06.1919;1919
5660;30.06.1919;1919
5661;01.07.1919;1919
5662;02.07.1919;1919
5663;03.07.1919;1919
5664;04.07.1919;1919
5665;05.07.1919;1919
5666;06.07.1919;1919
5667;07.07.1919;1919
5668;08.07.1919;1919
5669;09.07.1919;1919
5670;10.07.1919;1919
5671;11.07.1919;1919
5672;12.07.1919;1919
5673;13.07.1919;1919
5674;14.07.1919;1919
5675;15.07.1919;1919
5676;16.07.1919;1919
5677;17.07.1919;1919
5678;18.07.1919;1919
5679;19.07.1919;1919
5680;20.07.1919;1919
5681;21.07.1919;1919
5682;22.07.1919;1919
5683;23.07.1919;1919
5684;24.07.1919;1919
5685;25.07.1919;1919
5686;26.07.1919;1919
5687;27.07.1919;1919
5688;28.07.1919;1919
5689;29.07.1919;1919
5690;30.07.1919;1919
5691;31.07.1919;1919
5692;01.08.1919;1919
5693;02.08.1919;1919
5694;03.08.1919;1919
5695;04.08.1919;1919
5696;05.08.1919;1919
5697;06.08.1919;1919
5698;07.08.1919;1919
5699;08.08.1919;1919
5700;09.08.1919;1919
5701;10.08.1919;1919
5702;11.08.1919;1919
5703;12.08.1919;1919
5704;13.08.1919;1919
5705;14.08.1919;1919
5706;15.08.1919;1919
5707;16.08.1919;1919
5708;17.08.1919;1919
5709;18.08.1919;1919
5710;19.08.1919;1919
5711;20.08.1919;1919
5712;21.08.1919;1919
5713;22.08.1919;1919
5714;23.08.1919;1919
5715;24.08.1919;1919
5716;25.08.1919;1919
5717;26.08.1919;1919
5718;27.08.1919;1919
5719;28.08.1919;1919
5720;29.08.1919;1919
5721;30.08.1919;1919
5722;31.08.1919;1919
5723;01.09.1919;1919
5724;02.09.1919;1919
5725;03.09.1919;1919
5726;04.09.1919;1919
5727;05.09.1919;1919
5728;06.09.1919;1919
5729;07.09.1919;1919
5730;08.09.1919;1919
5731;09.09.1919;1919
5732;10.09.1919;1919
5733;11.09.1919;1919
5734;12.09.1919;1919
5735;13.09.1919;1919
5736;14.09.1919;1919
5737;15.09.1919;1919
5738;16.09.1919;1919
5739;17.09.1919;1919
5740;18.09.1919;1919
5741;19.09.1919;1919
5742;20.09.1919;1919
5743;21.09.1919;1919
5744;22.09.1919;1919
5745;23.09.1919;1919
5746;24.09.1919;1919
5747;25.09.1919;1919
5748;26.09.1919;1919
5749;27.09.1919;1919
5750;28.09.1919;1919
5751;29.09.1919;1919
5752;30.09.1919;1919
5753;01.10.1919;1919
5754;02.10.1919;1919
5755;03.10.1919;1919
5756;04.10.1919;1919
5757;05.10.1919;1919
5758;06.10.1919;1919
5759;07.10.1919;1919
5760;08.10.1919;1919
5761;09.10.1919;1919
5762;10.10.1919;1919
5763;11.10.1919;1919
5764;12.10.1919;1919
5765;13.10.1919;1919
5766;14.10.1919;1919
5767;15.10.1919;1919
5768;16.10.1919;1919
5769;17.10.1919;1919
5770;18.10.1919;1919
5771;19.10.1919;1919
5772;20.10.1919;1919
5773;21.10.1919;1919
5774;22.10.1919;1919
5775;23.10.1919;1919
5776;24.10.1919;1919
5777;25.10.1919;1919
5778;26.10.1919;1919
5779;27.10.1919;1919
5780;28.10.1919;1919
5781;29.10.1919;1919
5782;30.10.1919;1919
5783;31.10.1919;1919
5784;01.11.1919;1919
5785;02.11.1919;1919
5786;03.11.1919;1919
5787;04.11.1919;1919
5788;05.11.1919;1919
5789;06.11.1919;1919
5790;07.11.1919;1919
5791;08.11.1919;1919
5792;09.11.1919;1919
5793;10.11.1919;1919
5794;11.11.1919;1919
5795;12.11.1919;1919
5796;13.11.1919;1919
5797;14.11.1919;1919
5798;15.11.1919;1919
5799;16.11.1919;1919
5800;17.11.1919;1919
5801;18.11.1919;1919
5802;19.11.1919;1919
5803;20.11.1919;1919
5804;21.11.1919;1919
5805;22.11.1919;1919
5806;23.11.1919;1919
5807;24.11.1919;1919
5808;25.11.1919;1919
5809;26.11.1919;1919
5810;27.11.1919;1919
5811;28.11.1919;1919
5812;29.11.1919;1919
5813;30.11.1919;1919
5814;01.12.1919;1919
5815;02.12.1919;1919
5816;03.12.1919;1919
5817;04.12.1919;1919
5818;05.12.1919;1919
5819;06.12.1919;1919
5820;07.12.1919;1919
5821;08.12.1919;1919
5822;09.12.1919;1919
5823;10.12.1919;1919
5824;11.12.1919;1919
5825;12.12.1919;1919
5826;13.12.1919;1919
5827;14.12.1919;1919
5828;15.12.1919;1919
5829;16.12.1919;1919
5830;17.12.1919;1919
5831;18.12.1919;1919
5832;19.12.1919;1919
5833;20.12.1919;1919
5834;21.12.1919;1919
5835;22.12.1919;1919
5836;23.12.1919;1919
5837;24.12.1919;1919
5838;25.12.1919;1919
5839;26.12.1919;1919
5840;27.12.1919;1919
5841;28.12.1919;1919
5842;29.12.1919;1919
5843;30.12.1919;1919
5844;31.12.1919;1919
5845;01.01.1920;1920
5846;02.01.1920;1920
5847;03.01.1920;1920
5848;04.01.1920;1920
5849;05.01.1920;1920
5850;06.01.1920;1920
5851;07.01.1920;1920
5852;08.01.1920;1920
5853;09.01.1920;1920
5854;10.01.1920;1920
5855;11.01.1920;1920
5856;12.01.1920;1920
5857;13.01.1920;1920
5858;14.01.1920;1920
5859;15.01.1920;1920
5860;16.01.1920;1920
5861;17.01.1920;1920
5862;18.01.1920;1920
5863;19.01.1920;1920
5864;20.01.1920;1920
5865;21.01.1920;1920
5866;22.01.1920;1920
5867;23.01.1920;1920
5868;24.01.1920;1920
5869;25.01.1920;1920
5870;26.01.1920;1920
5871;27.01.1920;1920
5872;28.01.1920;1920
5873;29.01.1920;1920
5874;30.01.1920;1920
5875;31.01.1920;1920
5876;01.02.1920;1920
5877;02.02.1920;1920
5878;03.02.1920;1920
5879;04.02.1920;1920
5880;05.02.1920;1920
5881;06.02.1920;1920
5882;07.02.1920;1920
5883;08.02.1920;1920
5884;09.02.1920;1920
5885;10.02.1920;1920
5886;11.02.1920;1920
5887;12.02.1920;1920
5888;13.02.1920;1920
5889;14.02.1920;1920
5890;15.02.1920;1920
5891;16.02.1920;1920
5892;17.02.1920;1920
5893;18.02.1920;1920
5894;19.02.1920;1920
5895;20.02.1920;1920
5896;21.02.1920;1920
5897;22.02.1920;1920
5898;23.02.1920;1920
5899;24.02.1920;1920
5900;25.02.1920;1920
5901;26.02.1920;1920
5902;27.02.1920;1920
5903;28.02.1920;1920
5904;29.02.1920;1920
5905;01.03.1920;1920
5906;02.03.1920;1920
5907;03.03.1920;1920
5908;04.03.1920;1920
5909;05.03.1920;1920
5910;06.03.1920;1920
5911;07.03.1920;1920
5912;08.03.1920;1920
5913;09.03.1920;1920
5914;10.03.1920;1920
5915;11.03.1920;1920
5916;12.03.1920;1920
5917;13.03.1920;1920
5918;14.03.1920;1920
5919;15.03.1920;1920
5920;16.03.1920;1920
5921;17.03.1920;1920
5922;18.03.1920;1920
5923;19.03.1920;1920
5924;20.03.1920;1920
5925;21.03.1920;1920
5926;22.03.1920;1920
5927;23.03.1920;1920
5928;24.03.1920;1920
5929;25.03.1920;1920
5930;26.03.1920;1920
5931;27.03.1920;1920
5932;28.03.1920;1920
5933;29.03.1920;1920
5934;30.03.1920;1920
5935;31.03.1920;1920
5936;01.04.1920;1920
5937;02.04.1920;1920
5938;03.04.1920;1920
5939;04.04.1920;1920
5940;05.04.1920;1920
5941;06.04.1920;1920
5942;07.04.1920;1920
5943;08.04.1920;1920
5944;09.04.1920;1920
5945;10.04.1920;1920
5946;11.04.1920;1920
5947;12.04.1920;1920
5948;13.04.1920;1920
5949;14.04.1920;1920
5950;15.04.1920;1920
5951;16.04.1920;1920
5952;17.04.1920;1920
5953;18.04.1920;1920
5954;19.04.1920;1920
5955;20.04.1920;1920
5956;21.04.1920;1920
5957;22.04.1920;1920
5958;23.04.1920;1920
5959;24.04.1920;1920
5960;25.04.1920;1920
5961;26.04.1920;1920
5962;27.04.1920;1920
5963;28.04.1920;1920
5964;29.04.1920;1920
5965;30.04.1920;1920
5966;01.05.1920;1920
5967;02.05.1920;1920
5968;03.05.1920;1920
5969;04.05.1920;1920
5970;05.05.1920;1920
5971;06.05.1920;1920
5972;07.05.1920;1920
5973;08.05.1920;1920
5974;09.05.1920;1920
5975;10.05.1920;1920
5976;11.05.1920;1920
5977;12.05.1920;1920
5978;13.05.1920;1920
5979;14.05.1920;1920
5980;15.05.1920;1920
5981;16.05.1920;1920
5982;17.05.1920;1920
5983;18.05.1920;1920
5984;19.05.1920;1920
5985;20.05.1920;1920
5986;21.05.1920;1920
5987;22.05.1920;1920
5988;23.05.1920;1920
5989;24.05.1920;1920
5990;25.05.1920;1920
5991;26.05.1920;1920
5992;27.05.1920;1920
5993;28.05.1920;1920
5994;29.05.1920;1920
5995;30.05.1920;1920
5996;31.05.1920;1920
5997;01.06.1920;1920
5998;02.06.1920;1920
5999;03.06.1920;1920
6000;04.06.1920;1920
6001;05.06.1920;1920
6002;06.06.1920;1920
6003;07.06.1920;1920
6004;08.06.1920;1920
6005;09.06.1920;1920
6006;10.06.1920;1920
6007;11.06.1920;1920
6008;12.06.1920;1920
6009;13.06.1920;1920
6010;14.06.1920;1920
6011;15.06.1920;1920
6012;16.06.1920;1920
6013;17.06.1920;1920
6014;18.06.1920;1920
6015;19.06.1920;1920
6016;20.06.1920;1920
6017;21.06.1920;1920
6018;22.06.1920;1920
6019;23.06.1920;1920
6020;24.06.1920;1920
6021;25.06.1920;1920
6022;26.06.1920;1920
6023;27.06.1920;1920
6024;28.06.1920;1920
6025;29.06.1920;1920
6026;30.06.1920;1920
6027;01.07.1920;1920
6028;02.07.1920;1920
6029;03.07.1920;1920
6030;04.07.1920;1920
6031;05.07.1920;1920
6032;06.07.1920;1920
6033;07.07.1920;1920
6034;08.07.1920;1920
6035;09.07.1920;1920
6036;10.07.1920;1920
6037;11.07.1920;1920
6038;12.07.1920;1920
6039;13.07.1920;1920
6040;14.07.1920;1920
6041;15.07.1920;1920
6042;16.07.1920;1920
6043;17.07.1920;1920
6044;18.07.1920;1920
6045;19.07.1920;1920
6046;20.07.1920;1920
6047;21.07.1920;1920
6048;22.07.1920;1920
6049;23.07.1920;1920
6050;24.07.1920;1920
6051;25.07.1920;1920
6052;26.07.1920;1920
6053;27.07.1920;1920
6054;28.07.1920;1920
6055;29.07.1920;1920
6056;30.07.1920;1920
6057;31.07.1920;1920
6058;01.08.1920;1920
6059;02.08.1920;1920
6060;03.08.1920;1920
6061;04.08.1920;1920
6062;05.08.1920;1920
6063;06.08.1920;1920
6064;07.08.1920;1920
6065;08.08.1920;1920
6066;09.08.1920;1920
6067;10.08.1920;1920
6068;11.08.1920;1920
6069;12.08.1920;1920
6070;13.08.1920;1920
6071;14.08.1920;1920
6072;15.08.1920;1920
6073;16.08.1920;1920
6074;17.08.1920;1920
6075;18.08.1920;1920
6076;19.08.1920;1920
6077;20.08.1920;1920
6078;21.08.1920;1920
6079;22.08.1920;1920
6080;23.08.1920;1920
6081;24.08.1920;1920
6082;25.08.1920;1920
6083;26.08.1920;1920
6084;27.08.1920;1920
6085;28.08.1920;1920
6086;29.08.1920;1920
6087;30.08.1920;1920
6088;31.08.1920;1920
6089;01.09.1920;1920
6090;02.09.1920;1920
6091;03.09.1920;1920
6092;04.09.1920;1920
6093;05.09.1920;1920
6094;06.09.1920;1920
6095;07.09.1920;1920
6096;08.09.1920;1920
6097;09.09.1920;1920
6098;10.09.1920;1920
6099;11.09.1920;1920
6100;12.09.1920;1920
6101;13.09.1920;1920
6102;14.09.1920;1920
6103;15.09.1920;1920
6104;16.09.1920;1920
6105;17.09.1920;1920
6106;18.09.1920;1920
6107;19.09.1920;1920
6108;20.09.1920;1920
6109;21.09.1920;1920
6110;22.09.1920;1920
6111;23.09.1920;1920
6112;24.09.1920;1920
6113;25.09.1920;1920
6114;26.09.1920;1920
6115;27.09.1920;1920
6116;28.09.1920;1920
6117;29.09.1920;1920
6118;30.09.1920;1920
6119;01.10.1920;1920
6120;02.10.1920;1920
6121;03.10.1920;1920
6122;04.10.1920;1920
6123;05.10.1920;1920
6124;06.10.1920;1920
6125;07.10.1920;1920
6126;08.10.1920;1920
6127;09.10.1920;1920
6128;10.10.1920;1920
6129;11.10.1920;1920
6130;12.10.1920;1920
6131;13.10.1920;1920
6132;14.10.1920;1920
6133;15.10.1920;1920
6134;16.10.1920;1920
6135;17.10.1920;1920
6136;18.10.1920;1920
6137;19.10.1920;1920
6138;20.10.1920;1920
6139;21.10.1920;1920
6140;22.10.1920;1920
6141;23.10.1920;1920
6142;24.10.1920;1920
6143;25.10.1920;1920
6144;26.10.1920;1920
6145;27.10.1920;1920
6146;28.10.1920;1920
6147;29.10.1920;1920
6148;30.10.1920;1920
6149;31.10.1920;1920
6150;01.11.1920;1920
6151;02.11.1920;1920
6152;03.11.1920;1920
6153;04.11.1920;1920
6154;05.11.1920;1920
6155;06.11.1920;1920
6156;07.11.1920;1920
6157;08.11.1920;1920
6158;09.11.1920;1920
6159;10.11.1920;1920
6160;11.11.1920;1920
6161;12.11.1920;1920
6162;13.11.1920;1920
6163;14.11.1920;1920
6164;15.11.1920;1920
6165;16.11.1920;1920
6166;17.11.1920;1920
6167;18.11.1920;1920
6168;19.11.1920;1920
6169;20.11.1920;1920
6170;21.11.1920;1920
6171;22.11.1920;1920
6172;23.11.1920;1920
6173;24.11.1920;1920
6174;25.11.1920;1920
6175;26.11.1920;1920
6176;27.11.1920;1920
6177;28.11.1920;1920
6178;29.11.1920;1920
6179;30.11.1920;1920
6180;01.12.1920;1920
6181;02.12.1920;1920
6182;03.12.1920;1920
6183;04.12.1920;1920
6184;05.12.1920;1920
6185;06.12.1920;1920
6186;07.12.1920;1920
6187;08.12.1920;1920
6188;09.12.1920;1920
6189;10.12.1920;1920
6190;11.12.1920;1920
6191;12.12.1920;1920
6192;13.12.1920;1920
6193;14.12.1920;1920
6194;15.12.1920;1920
6195;16.12.1920;1920
6196;17.12.1920;1920
6197;18.12.1920;1920
6198;19.12.1920;1920
6199;20.12.1920;1920
6200;21.12.1920;1920
6201;22.12.1920;1920
6202;23.12.1920;1920
6203;24.12.1920;1920
6204;25.12.1920;1920
6205;26.12.1920;1920
6206;27.12.1920;1920
6207;28.12.1920;1920
6208;29.12.1920;1920
6209;30.12.1920;1920
6210;31.12.1920;1920
6211;01.01.1921;1921
6212;02.01.1921;1921
6213;03.01.1921;1921
6214;04.01.1921;1921
6215;05.01.1921;1921
6216;06.01.1921;1921
6217;07.01.1921;1921
6218;08.01.1921;1921
6219;09.01.1921;1921
6220;10.01.1921;1921
6221;11.01.1921;1921
6222;12.01.1921;1921
6223;13.01.1921;1921
6224;14.01.1921;1921
6225;15.01.1921;1921
6226;16.01.1921;1921
6227;17.01.1921;1921
6228;18.01.1921;1921
6229;19.01.1921;1921
6230;20.01.1921;1921
6231;21.01.1921;1921
6232;22.01.1921;1921
6233;23.01.1921;1921
6234;24.01.1921;1921
6235;25.01.1921;1921
6236;26.01.1921;1921
6237;27.01.1921;1921
6238;28.01.1921;1921
6239;29.01.1921;1921
6240;30.01.1921;1921
6241;31.01.1921;1921
6242;01.02.1921;1921
6243;02.02.1921;1921
6244;03.02.1921;1921
6245;04.02.1921;1921
6246;05.02.1921;1921
6247;06.02.1921;1921
6248;07.02.1921;1921
6249;08.02.1921;1921
6250;09.02.1921;1921
6251;10.02.1921;1921
6252;11.02.1921;1921
6253;12.02.1921;1921
6254;13.02.1921;1921
6255;14.02.1921;1921
6256;15.02.1921;1921
6257;16.02.1921;1921
6258;17.02.1921;1921
6259;18.02.1921;1921
6260;19.02.1921;1921
6261;20.02.1921;1921
6262;21.02.1921;1921
6263;22.02.1921;1921
6264;23.02.1921;1921
6265;24.02.1921;1921
6266;25.02.1921;1921
6267;26.02.1921;1921
6268;27.02.1921;1921
6269;28.02.1921;1921
6270;01.03.1921;1921
6271;02.03.1921;1921
6272;03.03.1921;1921
6273;04.03.1921;1921
6274;05.03.1921;1921
6275;06.03.1921;1921
6276;07.03.1921;1921
6277;08.03.1921;1921
6278;09.03.1921;1921
6279;10.03.1921;1921
6280;11.03.1921;1921
6281;12.03.1921;1921
6282;13.03.1921;1921
6283;14.03.1921;1921
6284;15.03.1921;1921
6285;16.03.1921;1921
6286;17.03.1921;1921
6287;18.03.1921;1921
6288;19.03.1921;1921
6289;20.03.1921;1921
6290;21.03.1921;1921
6291;22.03.1921;1921
6292;23.03.1921;1921
6293;24.03.1921;1921
6294;25.03.1921;1921
6295;26.03.1921;1921
6296;27.03.1921;1921
6297;28.03.1921;1921
6298;29.03.1921;1921
6299;30.03.1921;1921
6300;31.03.1921;1921
6301;01.04.1921;1921
6302;02.04.1921;1921
6303;03.04.1921;1921
6304;04.04.1921;1921
6305;05.04.1921;1921
6306;06.04.1921;1921
6307;07.04.1921;1921
6308;08.04.1921;1921
6309;09.04.1921;1921
6310;10.04.1921;1921
6311;11.04.1921;1921
6312;12.04.1921;1921
6313;13.04.1921;1921
6314;14.04.1921;1921
6315;15.04.1921;1921
6316;16.04.1921;1921
6317;17.04.1921;1921
6318;18.04.1921;1921
6319;19.04.1921;1921
6320;20.04.1921;1921
6321;21.04.1921;1921
6322;22.04.1921;1921
6323;23.04.1921;1921
6324;24.04.1921;1921
6325;25.04.1921;1921
6326;26.04.1921;1921
6327;27.04.1921;1921
6328;28.04.1921;1921
6329;29.04.1921;1921
6330;30.04.1921;1921
6331;01.05.1921;1921
6332;02.05.1921;1921
6333;03.05.1921;1921
6334;04.05.1921;1921
6335;05.05.1921;1921
6336;06.05.1921;1921
6337;07.05.1921;1921
6338;08.05.1921;1921
6339;09.05.1921;1921
6340;10.05.1921;1921
6341;11.05.1921;1921
6342;12.05.1921;1921
6343;13.05.1921;1921
6344;14.05.1921;1921
6345;15.05.1921;1921
6346;16.05.1921;1921
6347;17.05.1921;1921
6348;18.05.1921;1921
6349;19.05.1921;1921
6350;20.05.1921;1921
6351;21.05.1921;1921
6352;22.05.1921;1921
6353;23.05.1921;1921
6354;24.05.1921;1921
6355;25.05.1921;1921
6356;26.05.1921;1921
6357;27.05.1921;1921
6358;28.05.1921;1921
6359;29.05.1921;1921
6360;30.05.1921;1921
6361;31.05.1921;1921
6362;01.06.1921;1921
6363;02.06.1921;1921
6364;03.06.1921;1921
6365;04.06.1921;1921
6366;05.06.1921;1921
6367;06.06.1921;1921
6368;07.06.1921;1921
6369;08.06.1921;1921
6370;09.06.1921;1921
6371;10.06.1921;1921
6372;11.06.1921;1921
6373;12.06.1921;1921
6374;13.06.1921;1921
6375;14.06.1921;1921
6376;15.06.1921;1921
6377;16.06.1921;1921
6378;17.06.1921;1921
6379;18.06.1921;1921
6380;19.06.1921;1921
6381;20.06.1921;1921
6382;21.06.1921;1921
6383;22.06.1921;1921
6384;23.06.1921;1921
6385;24.06.1921;1921
6386;25.06.1921;1921
6387;26.06.1921;1921
6388;27.06.1921;1921
6389;28.06.1921;1921
6390;29.06.1921;1921
6391;30.06.1921;1921
6392;01.07.1921;1921
6393;02.07.1921;1921
6394;03.07.1921;1921
6395;04.07.1921;1921
6396;05.07.1921;1921
6397;06.07.1921;1921
6398;07.07.1921;1921
6399;08.07.1921;1921
6400;09.07.1921;1921
6401;10.07.1921;1921
6402;11.07.1921;1921
6403;12.07.1921;1921
6404;13.07.1921;1921
6405;14.07.1921;1921
6406;15.07.1921;1921
6407;16.07.1921;1921
6408;17.07.1921;1921
6409;18.07.1921;1921
6410;19.07.1921;1921
6411;20.07.1921;1921
6412;21.07.1921;1921
6413;22.07.1921;1921
6414;23.07.1921;1921
6415;24.07.1921;1921
6416;25.07.1921;1921
6417;26.07.1921;1921
6418;27.07.1921;1921
6419;28.07.1921;1921
6420;29.07.1921;1921
6421;30.07.1921;1921
6422;31.07.1921;1921
6423;01.08.1921;1921
6424;02.08.1921;1921
6425;03.08.1921;1921
6426;04.08.1921;1921
6427;05.08.1921;1921
6428;06.08.1921;1921
6429;07.08.1921;1921
6430;08.08.1921;1921
6431;09.08.1921;1921
6432;10.08.1921;1921
6433;11.08.1921;1921
6434;12.08.1921;1921
6435;13.08.1921;1921
6436;14.08.1921;1921
6437;15.08.1921;1921
6438;16.08.1921;1921
6439;17.08.1921;1921
6440;18.08.1921;1921
6441;19.08.1921;1921
6442;20.08.1921;1921
6443;21.08.1921;1921
6444;22.08.1921;1921
6445;23.08.1921;1921
6446;24.08.1921;1921
6447;25.08.1921;1921
6448;26.08.1921;1921
6449;27.08.1921;1921
6450;28.08.1921;1921
6451;29.08.1921;1921
6452;30.08.1921;1921
6453;31.08.1921;1921
6454;01.09.1921;1921
6455;02.09.1921;1921
6456;03.09.1921;1921
6457;04.09.1921;1921
6458;05.09.1921;1921
6459;06.09.1921;1921
6460;07.09.1921;1921
6461;08.09.1921;1921
6462;09.09.1921;1921
6463;10.09.1921;1921
6464;11.09.1921;1921
6465;12.09.1921;1921
6466;13.09.1921;1921
6467;14.09.1921;1921
6468;15.09.1921;1921
6469;16.09.1921;1921
6470;17.09.1921;1921
6471;18.09.1921;1921
6472;19.09.1921;1921
6473;20.09.1921;1921
6474;21.09.1921;1921
6475;22.09.1921;1921
6476;23.09.1921;1921
6477;24.09.1921;1921
6478;25.09.1921;1921
6479;26.09.1921;1921
6480;27.09.1921;1921
6481;28.09.1921;1921
6482;29.09.1921;1921
6483;30.09.1921;1921
6484;01.10.1921;1921
6485;02.10.1921;1921
6486;03.10.1921;1921
6487;04.10.1921;1921
6488;05.10.1921;1921
6489;06.10.1921;1921
6490;07.10.1921;1921
6491;08.10.1921;1921
6492;09.10.1921;1921
6493;10.10.1921;1921
6494;11.10.1921;1921
6495;12.10.1921;1921
6496;13.10.1921;1921
6497;14.10.1921;1921
6498;15.10.1921;1921
6499;16.10.1921;1921
6500;17.10.1921;1921
6501;18.10.1921;1921
6502;19.10.1921;1921
6503;20.10.1921;1921
6504;21.10.1921;1921
6505;22.10.1921;1921
6506;23.10.1921;1921
6507;24.10.1921;1921
6508;25.10.1921;1921
6509;26.10.1921;1921
6510;27.10.1921;1921
6511;28.10.1921;1921
6512;29.10.1921;1921
6513;30.10.1921;1921
6514;31.10.1921;1921
6515;01.11.1921;1921
6516;02.11.1921;1921
6517;03.11.1921;1921
6518;04.11.1921;1921
6519;05.11.1921;1921
6520;06.11.1921;1921
6521;07.11.1921;1921
6522;08.11.1921;1921
6523;09.11.1921;1921
6524;10.11.1921;1921
6525;11.11.1921;1921
6526;12.11.1921;1921
6527;13.11.1921;1921
6528;14.11.1921;1921
6529;15.11.1921;1921
6530;16.11.1921;1921
6531;17.11.1921;1921
6532;18.11.1921;1921
6533;19.11.1921;1921
6534;20.11.1921;1921
6535;21.11.1921;1921
6536;22.11.1921;1921
6537;23.11.1921;1921
6538;24.11.1921;1921
6539;25.11.1921;1921
6540;26.11.1921;1921
6541;27.11.1921;1921
6542;28.11.1921;1921
6543;29.11.1921;1921
6544;30.11.1921;1921
6545;01.12.1921;1921
6546;02.12.1921;1921
6547;03.12.1921;1921
6548;04.12.1921;1921
6549;05.12.1921;1921
6550;06.12.1921;1921
6551;07.12.1921;1921
6552;08.12.1921;1921
6553;09.12.1921;1921
6554;10.12.1921;1921
6555;11.12.1921;1921
6556;12.12.1921;1921
6557;13.12.1921;1921
6558;14.12.1921;1921
6559;15.12.1921;1921
6560;16.12.1921;1921
6561;17.12.1921;1921
6562;18.12.1921;1921
6563;19.12.1921;1921
6564;20.12.1921;1921
6565;21.12.1921;1921
6566;22.12.1921;1921
6567;23.12.1921;1921
6568;24.12.1921;1921
6569;25.12.1921;1921
6570;26.12.1921;1921
6571;27.12.1921;1921
6572;28.12.1921;1921
6573;29.12.1921;1921
6574;30.12.1921;1921
6575;31.12.1921;1921
6576;01.01.1922;1922
6577;02.01.1922;1922
6578;03.01.1922;1922
6579;04.01.1922;1922
6580;05.01.1922;1922
6581;06.01.1922;1922
6582;07.01.1922;1922
6583;08.01.1922;1922
6584;09.01.1922;1922
6585;10.01.1922;1922
6586;11.01.1922;1922
6587;12.01.1922;1922
6588;13.01.1922;1922
6589;14.01.1922;1922
6590;15.01.1922;1922
6591;16.01.1922;1922
6592;17.01.1922;1922
6593;18.01.1922;1922
6594;19.01.1922;1922
6595;20.01.1922;1922
6596;21.01.1922;1922
6597;22.01.1922;1922
6598;23.01.1922;1922
6599;24.01.1922;1922
6600;25.01.1922;1922
6601;26.01.1922;1922
6602;27.01.1922;1922
6603;28.01.1922;1922
6604;29.01.1922;1922
6605;30.01.1922;1922
6606;31.01.1922;1922
6607;01.02.1922;1922
6608;02.02.1922;1922
6609;03.02.1922;1922
6610;04.02.1922;1922
6611;05.02.1922;1922
6612;06.02.1922;1922
6613;07.02.1922;1922
6614;08.02.1922;1922
6615;09.02.1922;1922
6616;10.02.1922;1922
6617;11.02.1922;1922
6618;12.02.1922;1922
6619;13.02.1922;1922
6620;14.02.1922;1922
6621;15.02.1922;1922
6622;16.02.1922;1922
6623;17.02.1922;1922
6624;18.02.1922;1922
6625;19.02.1922;1922
6626;20.02.1922;1922
6627;21.02.1922;1922
6628;22.02.1922;1922
6629;23.02.1922;1922
6630;24.02.1922;1922
6631;25.02.1922;1922
6632;26.02.1922;1922
6633;27.02.1922;1922
6634;28.02.1922;1922
6635;01.03.1922;1922
6636;02.03.1922;1922
6637;03.03.1922;1922
6638;04.03.1922;1922
6639;05.03.1922;1922
6640;06.03.1922;1922
6641;07.03.1922;1922
6642;08.03.1922;1922
6643;09.03.1922;1922
6644;10.03.1922;1922
6645;11.03.1922;1922
6646;12.03.1922;1922
6647;13.03.1922;1922
6648;14.03.1922;1922
6649;15.03.1922;1922
6650;16.03.1922;1922
6651;17.03.1922;1922
6652;18.03.1922;1922
6653;19.03.1922;1922
6654;20.03.1922;1922
6655;21.03.1922;1922
6656;22.03.1922;1922
6657;23.03.1922;1922
6658;24.03.1922;1922
6659;25.03.1922;1922
6660;26.03.1922;1922
6661;27.03.1922;1922
6662;28.03.1922;1922
6663;29.03.1922;1922
6664;30.03.1922;1922
6665;31.03.1922;1922
6666;01.04.1922;1922
6667;02.04.1922;1922
6668;03.04.1922;1922
6669;04.04.1922;1922
6670;05.04.1922;1922
6671;06.04.1922;1922
6672;07.04.1922;1922
6673;08.04.1922;1922
6674;09.04.1922;1922
6675;10.04.1922;1922
6676;11.04.1922;1922
6677;12.04.1922;1922
6678;13.04.1922;1922
6679;14.04.1922;1922
6680;15.04.1922;1922
6681;16.04.1922;1922
6682;17.04.1922;1922
6683;18.04.1922;1922
6684;19.04.1922;1922
6685;20.04.1922;1922
6686;21.04.1922;1922
6687;22.04.1922;1922
6688;23.04.1922;1922
6689;24.04.1922;1922
6690;25.04.1922;1922
6691;26.04.1922;1922
6692;27.04.1922;1922
6693;28.04.1922;1922
6694;29.04.1922;1922
6695;30.04.1922;1922
6696;01.05.1922;1922
6697;02.05.1922;1922
6698;03.05.1922;1922
6699;04.05.1922;1922
6700;05.05.1922;1922
6701;06.05.1922;1922
6702;07.05.1922;1922
6703;08.05.1922;1922
6704;09.05.1922;1922
6705;10.05.1922;1922
6706;11.05.1922;1922
6707;12.05.1922;1922
6708;13.05.1922;1922
6709;14.05.1922;1922
6710;15.05.1922;1922
6711;16.05.1922;1922
6712;17.05.1922;1922
6713;18.05.1922;1922
6714;19.05.1922;1922
6715;20.05.1922;1922
6716;21.05.1922;1922
6717;22.05.1922;1922
6718;23.05.1922;1922
6719;24.05.1922;1922
6720;25.05.1922;1922
6721;26.05.1922;1922
6722;27.05.1922;1922
6723;28.05.1922;1922
6724;29.05.1922;1922
6725;30.05.1922;1922
6726;31.05.1922;1922
6727;01.06.1922;1922
6728;02.06.1922;1922
6729;03.06.1922;1922
6730;04.06.1922;1922
6731;05.06.1922;1922
6732;06.06.1922;1922
6733;07.06.1922;1922
6734;08.06.1922;1922
6735;09.06.1922;1922
6736;10.06.1922;1922
6737;11.06.1922;1922
6738;12.06.1922;1922
6739;13.06.1922;1922
6740;14.06.1922;1922
6741;15.06.1922;1922
6742;16.06.1922;1922
6743;17.06.1922;1922
6744;18.06.1922;1922
6745;19.06.1922;1922
6746;20.06.1922;1922
6747;21.06.1922;1922
6748;22.06.1922;1922
6749;23.06.1922;1922
6750;24.06.1922;1922
6751;25.06.1922;1922
6752;26.06.1922;1922
6753;27.06.1922;1922
6754;28.06.1922;1922
6755;29.06.1922;1922
6756;30.06.1922;1922
6757;01.07.1922;1922
6758;02.07.1922;1922
6759;03.07.1922;1922
6760;04.07.1922;1922
6761;05.07.1922;1922
6762;06.07.1922;1922
6763;07.07.1922;1922
6764;08.07.1922;1922
6765;09.07.1922;1922
6766;10.07.1922;1922
6767;11.07.1922;1922
6768;12.07.1922;1922
6769;13.07.1922;1922
6770;14.07.1922;1922
6771;15.07.1922;1922
6772;16.07.1922;1922
6773;17.07.1922;1922
6774;18.07.1922;1922
6775;19.07.1922;1922
6776;20.07.1922;1922
6777;21.07.1922;1922
6778;22.07.1922;1922
6779;23.07.1922;1922
6780;24.07.1922;1922
6781;25.07.1922;1922
6782;26.07.1922;1922
6783;27.07.1922;1922
6784;28.07.1922;1922
6785;29.07.1922;1922
6786;30.07.1922;1922
6787;31.07.1922;1922
6788;01.08.1922;1922
6789;02.08.1922;1922
6790;03.08.1922;1922
6791;04.08.1922;1922
6792;05.08.1922;1922
6793;06.08.1922;1922
6794;07.08.1922;1922
6795;08.08.1922;1922
6796;09.08.1922;1922
6797;10.08.1922;1922
6798;11.08.1922;1922
6799;12.08.1922;1922
6800;13.08.1922;1922
6801;14.08.1922;1922
6802;15.08.1922;1922
6803;16.08.1922;1922
6804;17.08.1922;1922
6805;18.08.1922;1922
6806;19.08.1922;1922
6807;20.08.1922;1922
6808;21.08.1922;1922
6809;22.08.1922;1922
6810;23.08.1922;1922
6811;24.08.1922;1922
6812;25.08.1922;1922
6813;26.08.1922;1922
6814;27.08.1922;1922
6815;28.08.1922;1922
6816;29.08.1922;1922
6817;30.08.1922;1922
6818;31.08.1922;1922
6819;01.09.1922;1922
6820;02.09.1922;1922
6821;03.09.1922;1922
6822;04.09.1922;1922
6823;05.09.1922;1922
6824;06.09.1922;1922
6825;07.09.1922;1922
6826;08.09.1922;1922
6827;09.09.1922;1922
6828;10.09.1922;1922
6829;11.09.1922;1922
6830;12.09.1922;1922
6831;13.09.1922;1922
6832;14.09.1922;1922
6833;15.09.1922;1922
6834;16.09.1922;1922
6835;17.09.1922;1922
6836;18.09.1922;1922
6837;19.09.1922;1922
6838;20.09.1922;1922
6839;21.09.1922;1922
6840;22.09.1922;1922
6841;23.09.1922;1922
6842;24.09.1922;1922
6843;25.09.1922;1922
6844;26.09.1922;1922
6845;27.09.1922;1922
6846;28.09.1922;1922
6847;29.09.1922;1922
6848;30.09.1922;1922
6849;01.10.1922;1922
6850;02.10.1922;1922
6851;03.10.1922;1922
6852;04.10.1922;1922
6853;05.10.1922;1922
6854;06.10.1922;1922
6855;07.10.1922;1922
6856;08.10.1922;1922
6857;09.10.1922;1922
6858;10.10.1922;1922
6859;11.10.1922;1922
6860;12.10.1922;1922
6861;13.10.1922;1922
6862;14.10.1922;1922
6863;15.10.1922;1922
6864;16.10.1922;1922
6865;17.10.1922;1922
6866;18.10.1922;1922
6867;19.10.1922;1922
6868;20.10.1922;1922
6869;21.10.1922;1922
6870;22.10.1922;1922
6871;23.10.1922;1922
6872;24.10.1922;1922
6873;25.10.1922;1922
6874;26.10.1922;1922
6875;27.10.1922;1922
6876;28.10.1922;1922
6877;29.10.1922;1922
6878;30.10.1922;1922
6879;31.10.1922;1922
6880;01.11.1922;1922
6881;02.11.1922;1922
6882;03.11.1922;1922
6883;04.11.1922;1922
6884;05.11.1922;1922
6885;06.11.1922;1922
6886;07.11.1922;1922
6887;08.11.1922;1922
6888;09.11.1922;1922
6889;10.11.1922;1922
6890;11.11.1922;1922
6891;12.11.1922;1922
6892;13.11.1922;1922
6893;14.11.1922;1922
6894;15.11.1922;1922
6895;16.11.1922;1922
6896;17.11.1922;1922
6897;18.11.1922;1922
6898;19.11.1922;1922
6899;20.11.1922;1922
6900;21.11.1922;1922
6901;22.11.1922;1922
6902;23.11.1922;1922
6903;24.11.1922;1922
6904;25.11.1922;1922
6905;26.11.1922;1922
6906;27.11.1922;1922
6907;28.11.1922;1922
6908;29.11.1922;1922
6909;30.11.1922;1922
6910;01.12.1922;1922
6911;02.12.1922;1922
6912;03.12.1922;1922
6913;04.12.1922;1922
6914;05.12.1922;1922
6915;06.12.1922;1922
6916;07.12.1922;1922
6917;08.12.1922;1922
6918;09.12.1922;1922
6919;10.12.1922;1922
6920;11.12.1922;1922
6921;12.12.1922;1922
6922;13.12.1922;1922
6923;14.12.1922;1922
6924;15.12.1922;1922
6925;16.12.1922;1922
6926;17.12.1922;1922
6927;18.12.1922;1922
6928;19.12.1922;1922
6929;20.12.1922;1922
6930;21.12.1922;1922
6931;22.12.1922;1922
6932;23.12.1922;1922
6933;24.12.1922;1922
6934;25.12.1922;1922
6935;26.12.1922;1922
6936;27.12.1922;1922
6937;28.12.1922;1922
6938;29.12.1922;1922
6939;30.12.1922;1922
6940;31.12.1922;1922
6941;01.01.1923;1923
6942;02.01.1923;1923
6943;03.01.1923;1923
6944;04.01.1923;1923
6945;05.01.1923;1923
6946;06.01.1923;1923
6947;07.01.1923;1923
6948;08.01.1923;1923
6949;09.01.1923;1923
6950;10.01.1923;1923
6951;11.01.1923;1923
6952;12.01.1923;1923
6953;13.01.1923;1923
6954;14.01.1923;1923
6955;15.01.1923;1923
6956;16.01.1923;1923
6957;17.01.1923;1923
6958;18.01.1923;1923
6959;19.01.1923;1923
6960;20.01.1923;1923
6961;21.01.1923;1923
6962;22.01.1923;1923
6963;23.01.1923;1923
6964;24.01.1923;1923
6965;25.01.1923;1923
6966;26.01.1923;1923
6967;27.01.1923;1923
6968;28.01.1923;1923
6969;29.01.1923;1923
6970;30.01.1923;1923
6971;31.01.1923;1923
6972;01.02.1923;1923
6973;02.02.1923;1923
6974;03.02.1923;1923
6975;04.02.1923;1923
6976;05.02.1923;1923
6977;06.02.1923;1923
6978;07.02.1923;1923
6979;08.02.1923;1923
6980;09.02.1923;1923
6981;10.02.1923;1923
6982;11.02.1923;1923
6983;12.02.1923;1923
6984;13.02.1923;1923
6985;14.02.1923;1923
6986;15.02.1923;1923
6987;16.02.1923;1923
6988;17.02.1923;1923
6989;18.02.1923;1923
6990;19.02.1923;1923
6991;20.02.1923;1923
6992;21.02.1923;1923
6993;22.02.1923;1923
6994;23.02.1923;1923
6995;24.02.1923;1923
6996;25.02.1923;1923
6997;26.02.1923;1923
6998;27.02.1923;1923
6999;28.02.1923;1923
7000;01.03.1923;1923
7001;02.03.1923;1923
7002;03.03.1923;1923
7003;04.03.1923;1923
7004;05.03.1923;1923
7005;06.03.1923;1923
7006;07.03.1923;1923
7007;08.03.1923;1923
7008;09.03.1923;1923
7009;10.03.1923;1923
7010;11.03.1923;1923
7011;12.03.1923;1923
7012;13.03.1923;1923
7013;14.03.1923;1923
7014;15.03.1923;1923
7015;16.03.1923;1923
7016;17.03.1923;1923
7017;18.03.1923;1923
7018;19.03.1923;1923
7019;20.03.1923;1923
7020;21.03.1923;1923
7021;22.03.1923;1923
7022;23.03.1923;1923
7023;24.03.1923;1923
7024;25.03.1923;1923
7025;26.03.1923;1923
7026;27.03.1923;1923
7027;28.03.1923;1923
7028;29.03.1923;1923
7029;30.03.1923;1923
7030;31.03.1923;1923
7031;01.04.1923;1923
7032;02.04.1923;1923
7033;03.04.1923;1923
7034;04.04.1923;1923
7035;05.04.1923;1923
7036;06.04.1923;1923
7037;07.04.1923;1923
7038;08.04.1923;1923
7039;09.04.1923;1923
7040;10.04.1923;1923
7041;11.04.1923;1923
7042;12.04.1923;1923
7043;13.04.1923;1923
7044;14.04.1923;1923
7045;15.04.1923;1923
7046;16.04.1923;1923
7047;17.04.1923;1923
7048;18.04.1923;1923
7049;19.04.1923;1923
7050;20.04.1923;1923
7051;21.04.1923;1923
7052;22.04.1923;1923
7053;23.04.1923;1923
7054;24.04.1923;1923
7055;25.04.1923;1923
7056;26.04.1923;1923
7057;27.04.1923;1923
7058;28.04.1923;1923
7059;29.04.1923;1923
7060;30.04.1923;1923
7061;01.05.1923;1923
7062;02.05.1923;1923
7063;03.05.1923;1923
7064;04.05.1923;1923
7065;05.05.1923;1923
7066;06.05.1923;1923
7067;07.05.1923;1923
7068;08.05.1923;1923
7069;09.05.1923;1923
7070;10.05.1923;1923
7071;11.05.1923;1923
7072;12.05.1923;1923
7073;13.05.1923;1923
7074;14.05.1923;1923
7075;15.05.1923;1923
7076;16.05.1923;1923
7077;17.05.1923;1923
7078;18.05.1923;1923
7079;19.05.1923;1923
7080;20.05.1923;1923
7081;21.05.1923;1923
7082;22.05.1923;1923
7083;23.05.1923;1923
7084;24.05.1923;1923
7085;25.05.1923;1923
7086;26.05.1923;1923
7087;27.05.1923;1923
7088;28.05.1923;1923
7089;29.05.1923;1923
7090;30.05.1923;1923
7091;31.05.1923;1923
7092;01.06.1923;1923
7093;02.06.1923;1923
7094;03.06.1923;1923
7095;04.06.1923;1923
7096;05.06.1923;1923
7097;06.06.1923;1923
7098;07.06.1923;1923
7099;08.06.1923;1923
7100;09.06.1923;1923
7101;10.06.1923;1923
7102;11.06.1923;1923
7103;12.06.1923;1923
7104;13.06.1923;1923
7105;14.06.1923;1923
7106;15.06.1923;1923
7107;16.06.1923;1923
7108;17.06.1923;1923
7109;18.06.1923;1923
7110;19.06.1923;1923
7111;20.06.1923;1923
7112;21.06.1923;1923
7113;22.06.1923;1923
7114;23.06.1923;1923
7115;24.06.1923;1923
7116;25.06.1923;1923
7117;26.06.1923;1923
7118;27.06.1923;1923
7119;28.06.1923;1923
7120;29.06.1923;1923
7121;30.06.1923;1923
7122;01.07.1923;1923
7123;02.07.1923;1923
7124;03.07.1923;1923
7125;04.07.1923;1923
7126;05.07.1923;1923
7127;06.07.1923;1923
7128;07.07.1923;1923
7129;08.07.1923;1923
7130;09.07.1923;1923
7131;10.07.1923;1923
7132;11.07.1923;1923
7133;12.07.1923;1923
7134;13.07.1923;1923
7135;14.07.1923;1923
7136;15.07.1923;1923
7137;16.07.1923;1923
7138;17.07.1923;1923
7139;18.07.1923;1923
7140;19.07.1923;1923
7141;20.07.1923;1923
7142;21.07.1923;1923
7143;22.07.1923;1923
7144;23.07.1923;1923
7145;24.07.1923;1923
7146;25.07.1923;1923
7147;26.07.1923;1923
7148;27.07.1923;1923
7149;28.07.1923;1923
7150;29.07.1923;1923
7151;30.07.1923;1923
7152;31.07.1923;1923
7153;01.08.1923;1923
7154;02.08.1923;1923
7155;03.08.1923;1923
7156;04.08.1923;1923
7157;05.08.1923;1923
7158;06.08.1923;1923
7159;07.08.1923;1923
7160;08.08.1923;1923
7161;09.08.1923;1923
7162;10.08.1923;1923
7163;11.08.1923;1923
7164;12.08.1923;1923
7165;13.08.1923;1923
7166;14.08.1923;1923
7167;15.08.1923;1923
7168;16.08.1923;1923
7169;17.08.1923;1923
7170;18.08.1923;1923
7171;19.08.1923;1923
7172;20.08.1923;1923
7173;21.08.1923;1923
7174;22.08.1923;1923
7175;23.08.1923;1923
7176;24.08.1923;1923
7177;25.08.1923;1923
7178;26.08.1923;1923
7179;27.08.1923;1923
7180;28.08.1923;1923
7181;29.08.1923;1923
7182;30.08.1923;1923
7183;31.08.1923;1923
7184;01.09.1923;1923
7185;02.09.1923;1923
7186;03.09.1923;1923
7187;04.09.1923;1923
7188;05.09.1923;1923
7189;06.09.1923;1923
7190;07.09.1923;1923
7191;08.09.1923;1923
7192;09.09.1923;1923
7193;10.09.1923;1923
7194;11.09.1923;1923
7195;12.09.1923;1923
7196;13.09.1923;1923
7197;14.09.1923;1923
7198;15.09.1923;1923
7199;16.09.1923;1923
7200;17.09.1923;1923
7201;18.09.1923;1923
7202;19.09.1923;1923
7203;20.09.1923;1923
7204;21.09.1923;1923
7205;22.09.1923;1923
7206;23.09.1923;1923
7207;24.09.1923;1923
7208;25.09.1923;1923
7209;26.09.1923;1923
7210;27.09.1923;1923
7211;28.09.1923;1923
7212;29.09.1923;1923
7213;30.09.1923;1923
7214;01.10.1923;1923
7215;02.10.1923;1923
7216;03.10.1923;1923
7217;04.10.1923;1923
7218;05.10.1923;1923
7219;06.10.1923;1923
7220;07.10.1923;1923
7221;08.10.1923;1923
7222;09.10.1923;1923
7223;10.10.1923;1923
7224;11.10.1923;1923
7225;12.10.1923;1923
7226;13.10.1923;1923
7227;14.10.1923;1923
7228;15.10.1923;1923
7229;16.10.1923;1923
7230;17.10.1923;1923
7231;18.10.1923;1923
7232;19.10.1923;1923
7233;20.10.1923;1923
7234;21.10.1923;1923
7235;22.10.1923;1923
7236;23.10.1923;1923
7237;24.10.1923;1923
7238;25.10.1923;1923
7239;26.10.1923;1923
7240;27.10.1923;1923
7241;28.10.1923;1923
7242;29.10.1923;1923
7243;30.10.1923;1923
7244;31.10.1923;1923
7245;01.11.1923;1923
7246;02.11.1923;1923
7247;03.11.1923;1923
7248;04.11.1923;1923
7249;05.11.1923;1923
7250;06.11.1923;1923
7251;07.11.1923;1923
7252;08.11.1923;1923
7253;09.11.1923;1923
7254;10.11.1923;1923
7255;11.11.1923;1923
7256;12.11.1923;1923
7257;13.11.1923;1923
7258;14.11.1923;1923
7259;15.11.1923;1923
7260;16.11.1923;1923
7261;17.11.1923;1923
7262;18.11.1923;1923
7263;19.11.1923;1923
7264;20.11.1923;1923
7265;21.11.1923;1923
7266;22.11.1923;1923
7267;23.11.1923;1923
7268;24.11.1923;1923
7269;25.11.1923;1923
7270;26.11.1923;1923
7271;27.11.1923;1923
7272;28.11.1923;1923
7273;29.11.1923;1923
7274;30.11.1923;1923
7275;01.12.1923;1923
7276;02.12.1923;1923
7277;03.12.1923;1923
7278;04.12.1923;1923
7279;05.12.1923;1923
7280;06.12.1923;1923
7281;07.12.1923;1923
7282;08.12.1923;1923
7283;09.12.1923;1923
7284;10.12.1923;1923
7285;11.12.1923;1923
7286;12.12.1923;1923
7287;13.12.1923;1923
7288;14.12.1923;1923
7289;15.12.1923;1923
7290;16.12.1923;1923
7291;17.12.1923;1923
7292;18.12.1923;1923
7293;19.12.1923;1923
7294;20.12.1923;1923
7295;21.12.1923;1923
7296;22.12.1923;1923
7297;23.12.1923;1923
7298;24.12.1923;1923
7299;25.12.1923;1923
7300;26.12.1923;1923
7301;27.12.1923;1923
7302;28.12.1923;1923
7303;29.12.1923;1923
7304;30.12.1923;1923
7305;31.12.1923;1923
7306;01.01.1924;1924
7307;02.01.1924;1924
7308;03.01.1924;1924
7309;04.01.1924;1924
7310;05.01.1924;1924
7311;06.01.1924;1924
7312;07.01.1924;1924
7313;08.01.1924;1924
7314;09.01.1924;1924
7315;10.01.1924;1924
7316;11.01.1924;1924
7317;12.01.1924;1924
7318;13.01.1924;1924
7319;14.01.1924;1924
7320;15.01.1924;1924
7321;16.01.1924;1924
7322;17.01.1924;1924
7323;18.01.1924;1924
7324;19.01.1924;1924
7325;20.01.1924;1924
7326;21.01.1924;1924
7327;22.01.1924;1924
7328;23.01.1924;1924
7329;24.01.1924;1924
7330;25.01.1924;1924
7331;26.01.1924;1924
7332;27.01.1924;1924
7333;28.01.1924;1924
7334;29.01.1924;1924
7335;30.01.1924;1924
7336;31.01.1924;1924
7337;01.02.1924;1924
7338;02.02.1924;1924
7339;03.02.1924;1924
7340;04.02.1924;1924
7341;05.02.1924;1924
7342;06.02.1924;1924
7343;07.02.1924;1924
7344;08.02.1924;1924
7345;09.02.1924;1924
7346;10.02.1924;1924
7347;11.02.1924;1924
7348;12.02.1924;1924
7349;13.02.1924;1924
7350;14.02.1924;1924
7351;15.02.1924;1924
7352;16.02.1924;1924
7353;17.02.1924;1924
7354;18.02.1924;1924
7355;19.02.1924;1924
7356;20.02.1924;1924
7357;21.02.1924;1924
7358;22.02.1924;1924
7359;23.02.1924;1924
7360;24.02.1924;1924
7361;25.02.1924;1924
7362;26.02.1924;1924
7363;27.02.1924;1924
7364;28.02.1924;1924
7365;29.02.1924;1924
7366;01.03.1924;1924
7367;02.03.1924;1924
7368;03.03.1924;1924
7369;04.03.1924;1924
7370;05.03.1924;1924
7371;06.03.1924;1924
7372;07.03.1924;1924
7373;08.03.1924;1924
7374;09.03.1924;1924
7375;10.03.1924;1924
7376;11.03.1924;1924
7377;12.03.1924;1924
7378;13.03.1924;1924
7379;14.03.1924;1924
7380;15.03.1924;1924
7381;16.03.1924;1924
7382;17.03.1924;1924
7383;18.03.1924;1924
7384;19.03.1924;1924
7385;20.03.1924;1924
7386;21.03.1924;1924
7387;22.03.1924;1924
7388;23.03.1924;1924
7389;24.03.1924;1924
7390;25.03.1924;1924
7391;26.03.1924;1924
7392;27.03.1924;1924
7393;28.03.1924;1924
7394;29.03.1924;1924
7395;30.03.1924;1924
7396;31.03.1924;1924
7397;01.04.1924;1924
7398;02.04.1924;1924
7399;03.04.1924;1924
7400;04.04.1924;1924
7401;05.04.1924;1924
7402;06.04.1924;1924
7403;07.04.1924;1924
7404;08.04.1924;1924
7405;09.04.1924;1924
7406;10.04.1924;1924
7407;11.04.1924;1924
7408;12.04.1924;1924
7409;13.04.1924;1924
7410;14.04.1924;1924
7411;15.04.1924;1924
7412;16.04.1924;1924
7413;17.04.1924;1924
7414;18.04.1924;1924
7415;19.04.1924;1924
7416;20.04.1924;1924
7417;21.04.1924;1924
7418;22.04.1924;1924
7419;23.04.1924;1924
7420;24.04.1924;1924
7421;25.04.1924;1924
7422;26.04.1924;1924
7423;27.04.1924;1924
7424;28.04.1924;1924
7425;29.04.1924;1924
7426;30.04.1924;1924
7427;01.05.1924;1924
7428;02.05.1924;1924
7429;03.05.1924;1924
7430;04.05.1924;1924
7431;05.05.1924;1924
7432;06.05.1924;1924
7433;07.05.1924;1924
7434;08.05.1924;1924
7435;09.05.1924;1924
7436;10.05.1924;1924
7437;11.05.1924;1924
7438;12.05.1924;1924
7439;13.05.1924;1924
7440;14.05.1924;1924
7441;15.05.1924;1924
7442;16.05.1924;1924
7443;17.05.1924;1924
7444;18.05.1924;1924
7445;19.05.1924;1924
7446;20.05.1924;1924
7447;21.05.1924;1924
7448;22.05.1924;1924
7449;23.05.1924;1924
7450;24.05.1924;1924
7451;25.05.1924;1924
7452;26.05.1924;1924
7453;27.05.1924;1924
7454;28.05.1924;1924
7455;29.05.1924;1924
7456;30.05.1924;1924
7457;31.05.1924;1924
7458;01.06.1924;1924
7459;02.06.1924;1924
7460;03.06.1924;1924
7461;04.06.1924;1924
7462;05.06.1924;1924
7463;06.06.1924;1924
7464;07.06.1924;1924
7465;08.06.1924;1924
7466;09.06.1924;1924
7467;10.06.1924;1924
7468;11.06.1924;1924
7469;12.06.1924;1924
7470;13.06.1924;1924
7471;14.06.1924;1924
7472;15.06.1924;1924
7473;16.06.1924;1924
7474;17.06.1924;1924
7475;18.06.1924;1924
7476;19.06.1924;1924
7477;20.06.1924;1924
7478;21.06.1924;1924
7479;22.06.1924;1924
7480;23.06.1924;1924
7481;24.06.1924;1924
7482;25.06.1924;1924
7483;26.06.1924;1924
7484;27.06.1924;1924
7485;28.06.1924;1924
7486;29.06.1924;1924
7487;30.06.1924;1924
7488;01.07.1924;1924
7489;02.07.1924;1924
7490;03.07.1924;1924
7491;04.07.1924;1924
7492;05.07.1924;1924
7493;06.07.1924;1924
7494;07.07.1924;1924
7495;08.07.1924;1924
7496;09.07.1924;1924
7497;10.07.1924;1924
7498;11.07.1924;1924
7499;12.07.1924;1924
7500;13.07.1924;1924
7501;14.07.1924;1924
7502;15.07.1924;1924
7503;16.07.1924;1924
7504;17.07.1924;1924
7505;18.07.1924;1924
7506;19.07.1924;1924
7507;20.07.1924;1924
7508;21.07.1924;1924
7509;22.07.1924;1924
7510;23.07.1924;1924
7511;24.07.1924;1924
7512;25.07.1924;1924
7513;26.07.1924;1924
7514;27.07.1924;1924
7515;28.07.1924;1924
7516;29.07.1924;1924
7517;30.07.1924;1924
7518;31.07.1924;1924
7519;01.08.1924;1924
7520;02.08.1924;1924
7521;03.08.1924;1924
7522;04.08.1924;1924
7523;05.08.1924;1924
7524;06.08.1924;1924
7525;07.08.1924;1924
7526;08.08.1924;1924
7527;09.08.1924;1924
7528;10.08.1924;1924
7529;11.08.1924;1924
7530;12.08.1924;1924
7531;13.08.1924;1924
7532;14.08.1924;1924
7533;15.08.1924;1924
7534;16.08.1924;1924
7535;17.08.1924;1924
7536;18.08.1924;1924
7537;19.08.1924;1924
7538;20.08.1924;1924
7539;21.08.1924;1924
7540;22.08.1924;1924
7541;23.08.1924;1924
7542;24.08.1924;1924
7543;25.08.1924;1924
7544;26.08.1924;1924
7545;27.08.1924;1924
7546;28.08.1924;1924
7547;29.08.1924;1924
7548;30.08.1924;1924
7549;31.08.1924;1924
7550;01.09.1924;1924
7551;02.09.1924;1924
7552;03.09.1924;1924
7553;04.09.1924;1924
7554;05.09.1924;1924
7555;06.09.1924;1924
7556;07.09.1924;1924
7557;08.09.1924;1924
7558;09.09.1924;1924
7559;10.09.1924;1924
7560;11.09.1924;1924
7561;12.09.1924;1924
7562;13.09.1924;1924
7563;14.09.1924;1924
7564;15.09.1924;1924
7565;16.09.1924;1924
7566;17.09.1924;1924
7567;18.09.1924;1924
7568;19.09.1924;1924
7569;20.09.1924;1924
7570;21.09.1924;1924
7571;22.09.1924;1924
7572;23.09.1924;1924
7573;24.09.1924;1924
7574;25.09.1924;1924
7575;26.09.1924;1924
7576;27.09.1924;1924
7577;28.09.1924;1924
7578;29.09.1924;1924
7579;30.09.1924;1924
7580;01.10.1924;1924
7581;02.10.1924;1924
7582;03.10.1924;1924
7583;04.10.1924;1924
7584;05.10.1924;1924
7585;06.10.1924;1924
7586;07.10.1924;1924
7587;08.10.1924;1924
7588;09.10.1924;1924
7589;10.10.1924;1924
7590;11.10.1924;1924
7591;12.10.1924;1924
7592;13.10.1924;1924
7593;14.10.1924;1924
7594;15.10.1924;1924
7595;16.10.1924;1924
7596;17.10.1924;1924
7597;18.10.1924;1924
7598;19.10.1924;1924
7599;20.10.1924;1924
7600;21.10.1924;1924
7601;22.10.1924;1924
7602;23.10.1924;1924
7603;24.10.1924;1924
7604;25.10.1924;1924
7605;26.10.1924;1924
7606;27.10.1924;1924
7607;28.10.1924;1924
7608;29.10.1924;1924
7609;30.10.1924;1924
7610;31.10.1924;1924
7611;01.11.1924;1924
7612;02.11.1924;1924
7613;03.11.1924;1924
7614;04.11.1924;1924
7615;05.11.1924;1924
7616;06.11.1924;1924
7617;07.11.1924;1924
7618;08.11.1924;1924
7619;09.11.1924;1924
7620;10.11.1924;1924
7621;11.11.1924;1924
7622;12.11.1924;1924
7623;13.11.1924;1924
7624;14.11.1924;1924
7625;15.11.1924;1924
7626;16.11.1924;1924
7627;17.11.1924;1924
7628;18.11.1924;1924
7629;19.11.1924;1924
7630;20.11.1924;1924
7631;21.11.1924;1924
7632;22.11.1924;1924
7633;23.11.1924;1924
7634;24.11.1924;1924
7635;25.11.1924;1924
7636;26.11.1924;1924
7637;27.11.1924;1924
7638;28.11.1924;1924
7639;29.11.1924;1924
7640;30.11.1924;1924
7641;01.12.1924;1924
7642;02.12.1924;1924
7643;03.12.1924;1924
7644;04.12.1924;1924
7645;05.12.1924;1924
7646;06.12.1924;1924
7647;07.12.1924;1924
7648;08.12.1924;1924
7649;09.12.1924;1924
7650;10.12.1924;1924
7651;11.12.1924;1924
7652;12.12.1924;1924
7653;13.12.1924;1924
7654;14.12.1924;1924
7655;15.12.1924;1924
7656;16.12.1924;1924
7657;17.12.1924;1924
7658;18.12.1924;1924
7659;19.12.1924;1924
7660;20.12.1924;1924
7661;21.12.1924;1924
7662;22.12.1924;1924
7663;23.12.1924;1924
7664;24.12.1924;1924
7665;25.12.1924;1924
7666;26.12.1924;1924
7667;27.12.1924;1924
7668;28.12.1924;1924
7669;29.12.1924;1924
7670;30.12.1924;1924
7671;31.12.1924;1924
7672;01.01.1925;1925
7673;02.01.1925;1925
7674;03.01.1925;1925
7675;04.01.1925;1925
7676;05.01.1925;1925
7677;06.01.1925;1925
7678;07.01.1925;1925
7679;08.01.1925;1925
7680;09.01.1925;1925
7681;10.01.1925;1925
7682;11.01.1925;1925
7683;12.01.1925;1925
7684;13.01.1925;1925
7685;14.01.1925;1925
7686;15.01.1925;1925
7687;16.01.1925;1925
7688;17.01.1925;1925
7689;18.01.1925;1925
7690;19.01.1925;1925
7691;20.01.1925;1925
7692;21.01.1925;1925
7693;22.01.1925;1925
7694;23.01.1925;1925
7695;24.01.1925;1925
7696;25.01.1925;1925
7697;26.01.1925;1925
7698;27.01.1925;1925
7699;28.01.1925;1925
7700;29.01.1925;1925
7701;30.01.1925;1925
7702;31.01.1925;1925
7703;01.02.1925;1925
7704;02.02.1925;1925
7705;03.02.1925;1925
7706;04.02.1925;1925
7707;05.02.1925;1925
7708;06.02.1925;1925
7709;07.02.1925;1925
7710;08.02.1925;1925
7711;09.02.1925;1925
7712;10.02.1925;1925
7713;11.02.1925;1925
7714;12.02.1925;1925
7715;13.02.1925;1925
7716;14.02.1925;1925
7717;15.02.1925;1925
7718;16.02.1925;1925
7719;17.02.1925;1925
7720;18.02.1925;1925
7721;19.02.1925;1925
7722;20.02.1925;1925
7723;21.02.1925;1925
7724;22.02.1925;1925
7725;23.02.1925;1925
7726;24.02.1925;1925
7727;25.02.1925;1925
7728;26.02.1925;1925
7729;27.02.1925;1925
7730;28.02.1925;1925
7731;01.03.1925;1925
7732;02.03.1925;1925
7733;03.03.1925;1925
7734;04.03.1925;1925
7735;05.03.1925;1925
7736;06.03.1925;1925
7737;07.03.1925;1925
7738;08.03.1925;1925
7739;09.03.1925;1925
7740;10.03.1925;1925
7741;11.03.1925;1925
7742;12.03.1925;1925
7743;13.03.1925;1925
7744;14.03.1925;1925
7745;15.03.1925;1925
7746;16.03.1925;1925
7747;17.03.1925;1925
7748;18.03.1925;1925
7749;19.03.1925;1925
7750;20.03.1925;1925
7751;21.03.1925;1925
7752;22.03.1925;1925
7753;23.03.1925;1925
7754;24.03.1925;1925
7755;25.03.1925;1925
7756;26.03.1925;1925
7757;27.03.1925;1925
7758;28.03.1925;1925
7759;29.03.1925;1925
7760;30.03.1925;1925
7761;31.03.1925;1925
7762;01.04.1925;1925
7763;02.04.1925;1925
7764;03.04.1925;1925
7765;04.04.1925;1925
7766;05.04.1925;1925
7767;06.04.1925;1925
7768;07.04.1925;1925
7769;08.04.1925;1925
7770;09.04.1925;1925
7771;10.04.1925;1925
7772;11.04.1925;1925
7773;12.04.1925;1925
7774;13.04.1925;1925
7775;14.04.1925;1925
7776;15.04.1925;1925
7777;16.04.1925;1925
7778;17.04.1925;1925
7779;18.04.1925;1925
7780;19.04.1925;1925
7781;20.04.1925;1925
7782;21.04.1925;1925
7783;22.04.1925;1925
7784;23.04.1925;1925
7785;24.04.1925;1925
7786;25.04.1925;1925
7787;26.04.1925;1925
7788;27.04.1925;1925
7789;28.04.1925;1925
7790;29.04.1925;1925
7791;30.04.1925;1925
7792;01.05.1925;1925
7793;02.05.1925;1925
7794;03.05.1925;1925
7795;04.05.1925;1925
7796;05.05.1925;1925
7797;06.05.1925;1925
7798;07.05.1925;1925
7799;08.05.1925;1925
7800;09.05.1925;1925
7801;10.05.1925;1925
7802;11.05.1925;1925
7803;12.05.1925;1925
7804;13.05.1925;1925
7805;14.05.1925;1925
7806;15.05.1925;1925
7807;16.05.1925;1925
7808;17.05.1925;1925
7809;18.05.1925;1925
7810;19.05.1925;1925
7811;20.05.1925;1925
7812;21.05.1925;1925
7813;22.05.1925;1925
7814;23.05.1925;1925
7815;24.05.1925;1925
7816;25.05.1925;1925
7817;26.05.1925;1925
7818;27.05.1925;1925
7819;28.05.1925;1925
7820;29.05.1925;1925
7821;30.05.1925;1925
7822;31.05.1925;1925
7823;01.06.1925;1925
7824;02.06.1925;1925
7825;03.06.1925;1925
7826;04.06.1925;1925
7827;05.06.1925;1925
7828;06.06.1925;1925
7829;07.06.1925;1925
7830;08.06.1925;1925
7831;09.06.1925;1925
7832;10.06.1925;1925
7833;11.06.1925;1925
7834;12.06.1925;1925
7835;13.06.1925;1925
7836;14.06.1925;1925
7837;15.06.1925;1925
7838;16.06.1925;1925
7839;17.06.1925;1925
7840;18.06.1925;1925
7841;19.06.1925;1925
7842;20.06.1925;1925
7843;21.06.1925;1925
7844;22.06.1925;1925
7845;23.06.1925;1925
7846;24.06.1925;1925
7847;25.06.1925;1925
7848;26.06.1925;1925
7849;27.06.1925;1925
7850;28.06.1925;1925
7851;29.06.1925;1925
7852;30.06.1925;1925
7853;01.07.1925;1925
7854;02.07.1925;1925
7855;03.07.1925;1925
7856;04.07.1925;1925
7857;05.07.1925;1925
7858;06.07.1925;1925
7859;07.07.1925;1925
7860;08.07.1925;1925
7861;09.07.1925;1925
7862;10.07.1925;1925
7863;11.07.1925;1925
7864;12.07.1925;1925
7865;13.07.1925;1925
7866;14.07.1925;1925
7867;15.07.1925;1925
7868;16.07.1925;1925
7869;17.07.1925;1925
7870;18.07.1925;1925
7871;19.07.1925;1925
7872;20.07.1925;1925
7873;21.07.1925;1925
7874;22.07.1925;1925
7875;23.07.1925;1925
7876;24.07.1925;1925
7877;25.07.1925;1925
7878;26.07.1925;1925
7879;27.07.1925;1925
7880;28.07.1925;1925
7881;29.07.1925;1925
7882;30.07.1925;1925
7883;31.07.1925;1925
7884;01.08.1925;1925
7885;02.08.1925;1925
7886;03.08.1925;1925
7887;04.08.1925;1925
7888;05.08.1925;1925
7889;06.08.1925;1925
7890;07.08.1925;1925
7891;08.08.1925;1925
7892;09.08.1925;1925
7893;10.08.1925;1925
7894;11.08.1925;1925
7895;12.08.1925;1925
7896;13.08.1925;1925
7897;14.08.1925;1925
7898;15.08.1925;1925
7899;16.08.1925;1925
7900;17.08.1925;1925
7901;18.08.1925;1925
7902;19.08.1925;1925
7903;20.08.1925;1925
7904;21.08.1925;1925
7905;22.08.1925;1925
7906;23.08.1925;1925
7907;24.08.1925;1925
7908;25.08.1925;1925
7909;26.08.1925;1925
7910;27.08.1925;1925
7911;28.08.1925;1925
7912;29.08.1925;1925
7913;30.08.1925;1925
7914;31.08.1925;1925
7915;01.09.1925;1925
7916;02.09.1925;1925
7917;03.09.1925;1925
7918;04.09.1925;1925
7919;05.09.1925;1925
7920;06.09.1925;1925
7921;07.09.1925;1925
7922;08.09.1925;1925
7923;09.09.1925;1925
7924;10.09.1925;1925
7925;11.09.1925;1925
7926;12.09.1925;1925
7927;13.09.1925;1925
7928;14.09.1925;1925
7929;15.09.1925;1925
7930;16.09.1925;1925
7931;17.09.1925;1925
7932;18.09.1925;1925
7933;19.09.1925;1925
7934;20.09.1925;1925
7935;21.09.1925;1925
7936;22.09.1925;1925
7937;23.09.1925;1925
7938;24.09.1925;1925
7939;25.09.1925;1925
7940;26.09.1925;1925
7941;27.09.1925;1925
7942;28.09.1925;1925
7943;29.09.1925;1925
7944;30.09.1925;1925
7945;01.10.1925;1925
7946;02.10.1925;1925
7947;03.10.1925;1925
7948;04.10.1925;1925
7949;05.10.1925;1925
7950;06.10.1925;1925
7951;07.10.1925;1925
7952;08.10.1925;1925
7953;09.10.1925;1925
7954;10.10.1925;1925
7955;11.10.1925;1925
7956;12.10.1925;1925
7957;13.10.1925;1925
7958;14.10.1925;1925
7959;15.10.1925;1925
7960;16.10.1925;1925
7961;17.10.1925;1925
7962;18.10.1925;1925
7963;19.10.1925;1925
7964;20.10.1925;1925
7965;21.10.1925;1925
7966;22.10.1925;1925
7967;23.10.1925;1925
7968;24.10.1925;1925
7969;25.10.1925;1925
7970;26.10.1925;1925
7971;27.10.1925;1925
7972;28.10.1925;1925
7973;29.10.1925;1925
7974;30.10.1925;1925
7975;31.10.1925;1925
7976;01.11.1925;1925
7977;02.11.1925;1925
7978;03.11.1925;1925
7979;04.11.1925;1925
7980;05.11.1925;1925
7981;06.11.1925;1925
7982;07.11.1925;1925
7983;08.11.1925;1925
7984;09.11.1925;1925
7985;10.11.1925;1925
7986;11.11.1925;1925
7987;12.11.1925;1925
7988;13.11.1925;1925
7989;14.11.1925;1925
7990;15.11.1925;1925
7991;16.11.1925;1925
7992;17.11.1925;1925
7993;18.11.1925;1925
7994;19.11.1925;1925
7995;20.11.1925;1925
7996;21.11.1925;1925
7997;22.11.1925;1925
7998;23.11.1925;1925
7999;24.11.1925;1925
8000;25.11.1925;1925
8001;26.11.1925;1925
8002;27.11.1925;1925
8003;28.11.1925;1925
8004;29.11.1925;1925
8005;30.11.1925;1925
8006;01.12.1925;1925
8007;02.12.1925;1925
8008;03.12.1925;1925
8009;04.12.1925;1925
8010;05.12.1925;1925
8011;06.12.1925;1925
8012;07.12.1925;1925
8013;08.12.1925;1925
8014;09.12.1925;1925
8015;10.12.1925;1925
8016;11.12.1925;1925
8017;12.12.1925;1925
8018;13.12.1925;1925
8019;14.12.1925;1925
8020;15.12.1925;1925
8021;16.12.1925;1925
8022;17.12.1925;1925
8023;18.12.1925;1925
8024;19.12.1925;1925
8025;20.12.1925;1925
8026;21.12.1925;1925
8027;22.12.1925;1925
8028;23.12.1925;1925
8029;24.12.1925;1925
8030;25.12.1925;1925
8031;26.12.1925;1925
8032;27.12.1925;1925
8033;28.12.1925;1925
8034;29.12.1925;1925
8035;30.12.1925;1925
8036;31.12.1925;1925
8037;01.01.1926;1926
8038;02.01.1926;1926
8039;03.01.1926;1926
8040;04.01.1926;1926
8041;05.01.1926;1926
8042;06.01.1926;1926
8043;07.01.1926;1926
8044;08.01.1926;1926
8045;09.01.1926;1926
8046;10.01.1926;1926
8047;11.01.1926;1926
8048;12.01.1926;1926
8049;13.01.1926;1926
8050;14.01.1926;1926
8051;15.01.1926;1926
8052;16.01.1926;1926
8053;17.01.1926;1926
8054;18.01.1926;1926
8055;19.01.1926;1926
8056;20.01.1926;1926
8057;21.01.1926;1926
8058;22.01.1926;1926
8059;23.01.1926;1926
8060;24.01.1926;1926
8061;25.01.1926;1926
8062;26.01.1926;1926
8063;27.01.1926;1926
8064;28.01.1926;1926
8065;29.01.1926;1926
8066;30.01.1926;1926
8067;31.01.1926;1926
8068;01.02.1926;1926
8069;02.02.1926;1926
8070;03.02.1926;1926
8071;04.02.1926;1926
8072;05.02.1926;1926
8073;06.02.1926;1926
8074;07.02.1926;1926
8075;08.02.1926;1926
8076;09.02.1926;1926
8077;10.02.1926;1926
8078;11.02.1926;1926
8079;12.02.1926;1926
8080;13.02.1926;1926
8081;14.02.1926;1926
8082;15.02.1926;1926
8083;16.02.1926;1926
8084;17.02.1926;1926
8085;18.02.1926;1926
8086;19.02.1926;1926
8087;20.02.1926;1926
8088;21.02.1926;1926
8089;22.02.1926;1926
8090;23.02.1926;1926
8091;24.02.1926;1926
8092;25.02.1926;1926
8093;26.02.1926;1926
8094;27.02.1926;1926
8095;28.02.1926;1926
8096;01.03.1926;1926
8097;02.03.1926;1926
8098;03.03.1926;1926
8099;04.03.1926;1926
8100;05.03.1926;1926
8101;06.03.1926;1926
8102;07.03.1926;1926
8103;08.03.1926;1926
8104;09.03.1926;1926
8105;10.03.1926;1926
8106;11.03.1926;1926
8107;12.03.1926;1926
8108;13.03.1926;1926
8109;14.03.1926;1926
8110;15.03.1926;1926
8111;16.03.1926;1926
8112;17.03.1926;1926
8113;18.03.1926;1926
8114;19.03.1926;1926
8115;20.03.1926;1926
8116;21.03.1926;1926
8117;22.03.1926;1926
8118;23.03.1926;1926
8119;24.03.1926;1926
8120;25.03.1926;1926
8121;26.03.1926;1926
8122;27.03.1926;1926
8123;28.03.1926;1926
8124;29.03.1926;1926
8125;30.03.1926;1926
8126;31.03.1926;1926
8127;01.04.1926;1926
8128;02.04.1926;1926
8129;03.04.1926;1926
8130;04.04.1926;1926
8131;05.04.1926;1926
8132;06.04.1926;1926
8133;07.04.1926;1926
8134;08.04.1926;1926
8135;09.04.1926;1926
8136;10.04.1926;1926
8137;11.04.1926;1926
8138;12.04.1926;1926
8139;13.04.1926;1926
8140;14.04.1926;1926
8141;15.04.1926;1926
8142;16.04.1926;1926
8143;17.04.1926;1926
8144;18.04.1926;1926
8145;19.04.1926;1926
8146;20.04.1926;1926
8147;21.04.1926;1926
8148;22.04.1926;1926
8149;23.04.1926;1926
8150;24.04.1926;1926
8151;25.04.1926;1926
8152;26.04.1926;1926
8153;27.04.1926;1926
8154;28.04.1926;1926
8155;29.04.1926;1926
8156;30.04.1926;1926
8157;01.05.1926;1926
8158;02.05.1926;1926
8159;03.05.1926;1926
8160;04.05.1926;1926
8161;05.05.1926;1926
8162;06.05.1926;1926
8163;07.05.1926;1926
8164;08.05.1926;1926
8165;09.05.1926;1926
8166;10.05.1926;1926
8167;11.05.1926;1926
8168;12.05.1926;1926
8169;13.05.1926;1926
8170;14.05.1926;1926
8171;15.05.1926;1926
8172;16.05.1926;1926
8173;17.05.1926;1926
8174;18.05.1926;1926
8175;19.05.1926;1926
8176;20.05.1926;1926
8177;21.05.1926;1926
8178;22.05.1926;1926
8179;23.05.1926;1926
8180;24.05.1926;1926
8181;25.05.1926;1926
8182;26.05.1926;1926
8183;27.05.1926;1926
8184;28.05.1926;1926
8185;29.05.1926;1926
8186;30.05.1926;1926
8187;31.05.1926;1926
8188;01.06.1926;1926
8189;02.06.1926;1926
8190;03.06.1926;1926
8191;04.06.1926;1926
8192;05.06.1926;1926
8193;06.06.1926;1926
8194;07.06.1926;1926
8195;08.06.1926;1926
8196;09.06.1926;1926
8197;10.06.1926;1926
8198;11.06.1926;1926
8199;12.06.1926;1926
8200;13.06.1926;1926
8201;14.06.1926;1926
8202;15.06.1926;1926
8203;16.06.1926;1926
8204;17.06.1926;1926
8205;18.06.1926;1926
8206;19.06.1926;1926
8207;20.06.1926;1926
8208;21.06.1926;1926
8209;22.06.1926;1926
8210;23.06.1926;1926
8211;24.06.1926;1926
8212;25.06.1926;1926
8213;26.06.1926;1926
8214;27.06.1926;1926
8215;28.06.1926;1926
8216;29.06.1926;1926
8217;30.06.1926;1926
8218;01.07.1926;1926
8219;02.07.1926;1926
8220;03.07.1926;1926
8221;04.07.1926;1926
8222;05.07.1926;1926
8223;06.07.1926;1926
8224;07.07.1926;1926
8225;08.07.1926;1926
8226;09.07.1926;1926
8227;10.07.1926;1926
8228;11.07.1926;1926
8229;12.07.1926;1926
8230;13.07.1926;1926
8231;14.07.1926;1926
8232;15.07.1926;1926
8233;16.07.1926;1926
8234;17.07.1926;1926
8235;18.07.1926;1926
8236;19.07.1926;1926
8237;20.07.1926;1926
8238;21.07.1926;1926
8239;22.07.1926;1926
8240;23.07.1926;1926
8241;24.07.1926;1926
8242;25.07.1926;1926
8243;26.07.1926;1926
8244;27.07.1926;1926
8245;28.07.1926;1926
8246;29.07.1926;1926
8247;30.07.1926;1926
8248;31.07.1926;1926
8249;01.08.1926;1926
8250;02.08.1926;1926
8251;03.08.1926;1926
8252;04.08.1926;1926
8253;05.08.1926;1926
8254;06.08.1926;1926
8255;07.08.1926;1926
8256;08.08.1926;1926
8257;09.08.1926;1926
8258;10.08.1926;1926
8259;11.08.1926;1926
8260;12.08.1926;1926
8261;13.08.1926;1926
8262;14.08.1926;1926
8263;15.08.1926;1926
8264;16.08.1926;1926
8265;17.08.1926;1926
8266;18.08.1926;1926
8267;19.08.1926;1926
8268;20.08.1926;1926
8269;21.08.1926;1926
8270;22.08.1926;1926
8271;23.08.1926;1926
8272;24.08.1926;1926
8273;25.08.1926;1926
8274;26.08.1926;1926
8275;27.08.1926;1926
8276;28.08.1926;1926
8277;29.08.1926;1926
8278;30.08.1926;1926
8279;31.08.1926;1926
8280;01.09.1926;1926
8281;02.09.1926;1926
8282;03.09.1926;1926
8283;04.09.1926;1926
8284;05.09.1926;1926
8285;06.09.1926;1926
8286;07.09.1926;1926
8287;08.09.1926;1926
8288;09.09.1926;1926
8289;10.09.1926;1926
8290;11.09.1926;1926
8291;12.09.1926;1926
8292;13.09.1926;1926
8293;14.09.1926;1926
8294;15.09.1926;1926
8295;16.09.1926;1926
8296;17.09.1926;1926
8297;18.09.1926;1926
8298;19.09.1926;1926
8299;20.09.1926;1926
8300;21.09.1926;1926
8301;22.09.1926;1926
8302;23.09.1926;1926
8303;24.09.1926;1926
8304;25.09.1926;1926
8305;26.09.1926;1926
8306;27.09.1926;1926
8307;28.09.1926;1926
8308;29.09.1926;1926
8309;30.09.1926;1926
8310;01.10.1926;1926
8311;02.10.1926;1926
8312;03.10.1926;1926
8313;04.10.1926;1926
8314;05.10.1926;1926
8315;06.10.1926;1926
8316;07.10.1926;1926
8317;08.10.1926;1926
8318;09.10.1926;1926
8319;10.10.1926;1926
8320;11.10.1926;1926
8321;12.10.1926;1926
8322;13.10.1926;1926
8323;14.10.1926;1926
8324;15.10.1926;1926
8325;16.10.1926;1926
8326;17.10.1926;1926
8327;18.10.1926;1926
8328;19.10.1926;1926
8329;20.10.1926;1926
8330;21.10.1926;1926
8331;22.10.1926;1926
8332;23.10.1926;1926
8333;24.10.1926;1926
8334;25.10.1926;1926
8335;26.10.1926;1926
8336;27.10.1926;1926
8337;28.10.1926;1926
8338;29.10.1926;1926
8339;30.10.1926;1926
8340;31.10.1926;1926
8341;01.11.1926;1926
8342;02.11.1926;1926
8343;03.11.1926;1926
8344;04.11.1926;1926
8345;05.11.1926;1926
8346;06.11.1926;1926
8347;07.11.1926;1926
8348;08.11.1926;1926
8349;09.11.1926;1926
8350;10.11.1926;1926
8351;11.11.1926;1926
8352;12.11.1926;1926
8353;13.11.1926;1926
8354;14.11.1926;1926
8355;15.11.1926;1926
8356;16.11.1926;1926
8357;17.11.1926;1926
8358;18.11.1926;1926
8359;19.11.1926;1926
8360;20.11.1926;1926
8361;21.11.1926;1926
8362;22.11.1926;1926
8363;23.11.1926;1926
8364;24.11.1926;1926
8365;25.11.1926;1926
8366;26.11.1926;1926
8367;27.11.1926;1926
8368;28.11.1926;1926
8369;29.11.1926;1926
8370;30.11.1926;1926
8371;01.12.1926;1926
8372;02.12.1926;1926
8373;03.12.1926;1926
8374;04.12.1926;1926
8375;05.12.1926;1926
8376;06.12.1926;1926
8377;07.12.1926;1926
8378;08.12.1926;1926
8379;09.12.1926;1926
8380;10.12.1926;1926
8381;11.12.1926;1926
8382;12.12.1926;1926
8383;13.12.1926;1926
8384;14.12.1926;1926
8385;15.12.1926;1926
8386;16.12.1926;1926
8387;17.12.1926;1926
8388;18.12.1926;1926
8389;19.12.1926;1926
8390;20.12.1926;1926
8391;21.12.1926;1926
8392;22.12.1926;1926
8393;23.12.1926;1926
8394;24.12.1926;1926
8395;25.12.1926;1926
8396;26.12.1926;1926
8397;27.12.1926;1926
8398;28.12.1926;1926
8399;29.12.1926;1926
8400;30.12.1926;1926
8401;31.12.1926;1926
8402;01.01.1927;1927
8403;02.01.1927;1927
8404;03.01.1927;1927
8405;04.01.1927;1927
8406;05.01.1927;1927
8407;06.01.1927;1927
8408;07.01.1927;1927
8409;08.01.1927;1927
8410;09.01.1927;1927
8411;10.01.1927;1927
8412;11.01.1927;1927
8413;12.01.1927;1927
8414;13.01.1927;1927
8415;14.01.1927;1927
8416;15.01.1927;1927
8417;16.01.1927;1927
8418;17.01.1927;1927
8419;18.01.1927;1927
8420;19.01.1927;1927
8421;20.01.1927;1927
8422;21.01.1927;1927
8423;22.01.1927;1927
8424;23.01.1927;1927
8425;24.01.1927;1927
8426;25.01.1927;1927
8427;26.01.1927;1927
8428;27.01.1927;1927
8429;28.01.1927;1927
8430;29.01.1927;1927
8431;30.01.1927;1927
8432;31.01.1927;1927
8433;01.02.1927;1927
8434;02.02.1927;1927
8435;03.02.1927;1927
8436;04.02.1927;1927
8437;05.02.1927;1927
8438;06.02.1927;1927
8439;07.02.1927;1927
8440;08.02.1927;1927
8441;09.02.1927;1927
8442;10.02.1927;1927
8443;11.02.1927;1927
8444;12.02.1927;1927
8445;13.02.1927;1927
8446;14.02.1927;1927
8447;15.02.1927;1927
8448;16.02.1927;1927
8449;17.02.1927;1927
8450;18.02.1927;1927
8451;19.02.1927;1927
8452;20.02.1927;1927
8453;21.02.1927;1927
8454;22.02.1927;1927
8455;23.02.1927;1927
8456;24.02.1927;1927
8457;25.02.1927;1927
8458;26.02.1927;1927
8459;27.02.1927;1927
8460;28.02.1927;1927
8461;01.03.1927;1927
8462;02.03.1927;1927
8463;03.03.1927;1927
8464;04.03.1927;1927
8465;05.03.1927;1927
8466;06.03.1927;1927
8467;07.03.1927;1927
8468;08.03.1927;1927
8469;09.03.1927;1927
8470;10.03.1927;1927
8471;11.03.1927;1927
8472;12.03.1927;1927
8473;13.03.1927;1927
8474;14.03.1927;1927
8475;15.03.1927;1927
8476;16.03.1927;1927
8477;17.03.1927;1927
8478;18.03.1927;1927
8479;19.03.1927;1927
8480;20.03.1927;1927
8481;21.03.1927;1927
8482;22.03.1927;1927
8483;23.03.1927;1927
8484;24.03.1927;1927
8485;25.03.1927;1927
8486;26.03.1927;1927
8487;27.03.1927;1927
8488;28.03.1927;1927
8489;29.03.1927;1927
8490;30.03.1927;1927
8491;31.03.1927;1927
8492;01.04.1927;1927
8493;02.04.1927;1927
8494;03.04.1927;1927
8495;04.04.1927;1927
8496;05.04.1927;1927
8497;06.04.1927;1927
8498;07.04.1927;1927
8499;08.04.1927;1927
8500;09.04.1927;1927
8501;10.04.1927;1927
8502;11.04.1927;1927
8503;12.04.1927;1927
8504;13.04.1927;1927
8505;14.04.1927;1927
8506;15.04.1927;1927
8507;16.04.1927;1927
8508;17.04.1927;1927
8509;18.04.1927;1927
8510;19.04.1927;1927
8511;20.04.1927;1927
8512;21.04.1927;1927
8513;22.04.1927;1927
8514;23.04.1927;1927
8515;24.04.1927;1927
8516;25.04.1927;1927
8517;26.04.1927;1927
8518;27.04.1927;1927
8519;28.04.1927;1927
8520;29.04.1927;1927
8521;30.04.1927;1927
8522;01.05.1927;1927
8523;02.05.1927;1927
8524;03.05.1927;1927
8525;04.05.1927;1927
8526;05.05.1927;1927
8527;06.05.1927;1927
8528;07.05.1927;1927
8529;08.05.1927;1927
8530;09.05.1927;1927
8531;10.05.1927;1927
8532;11.05.1927;1927
8533;12.05.1927;1927
8534;13.05.1927;1927
8535;14.05.1927;1927
8536;15.05.1927;1927
8537;16.05.1927;1927
8538;17.05.1927;1927
8539;18.05.1927;1927
8540;19.05.1927;1927
8541;20.05.1927;1927
8542;21.05.1927;1927
8543;22.05.1927;1927
8544;23.05.1927;1927
8545;24.05.1927;1927
8546;25.05.1927;1927
8547;26.05.1927;1927
8548;27.05.1927;1927
8549;28.05.1927;1927
8550;29.05.1927;1927
8551;30.05.1927;1927
8552;31.05.1927;1927
8553;01.06.1927;1927
8554;02.06.1927;1927
8555;03.06.1927;1927
8556;04.06.1927;1927
8557;05.06.1927;1927
8558;06.06.1927;1927
8559;07.06.1927;1927
8560;08.06.1927;1927
8561;09.06.1927;1927
8562;10.06.1927;1927
8563;11.06.1927;1927
8564;12.06.1927;1927
8565;13.06.1927;1927
8566;14.06.1927;1927
8567;15.06.1927;1927
8568;16.06.1927;1927
8569;17.06.1927;1927
8570;18.06.1927;1927
8571;19.06.1927;1927
8572;20.06.1927;1927
8573;21.06.1927;1927
8574;22.06.1927;1927
8575;23.06.1927;1927
8576;24.06.1927;1927
8577;25.06.1927;1927
8578;26.06.1927;1927
8579;27.06.1927;1927
8580;28.06.1927;1927
8581;29.06.1927;1927
8582;30.06.1927;1927
8583;01.07.1927;1927
8584;02.07.1927;1927
8585;03.07.1927;1927
8586;04.07.1927;1927
8587;05.07.1927;1927
8588;06.07.1927;1927
8589;07.07.1927;1927
8590;08.07.1927;1927
8591;09.07.1927;1927
8592;10.07.1927;1927
8593;11.07.1927;1927
8594;12.07.1927;1927
8595;13.07.1927;1927
8596;14.07.1927;1927
8597;15.07.1927;1927
8598;16.07.1927;1927
8599;17.07.1927;1927
8600;18.07.1927;1927
8601;19.07.1927;1927
8602;20.07.1927;1927
8603;21.07.1927;1927
8604;22.07.1927;1927
8605;23.07.1927;1927
8606;24.07.1927;1927
8607;25.07.1927;1927
8608;26.07.1927;1927
8609;27.07.1927;1927
8610;28.07.1927;1927
8611;29.07.1927;1927
8612;30.07.1927;1927
8613;31.07.1927;1927
8614;01.08.1927;1927
8615;02.08.1927;1927
8616;03.08.1927;1927
8617;04.08.1927;1927
8618;05.08.1927;1927
8619;06.08.1927;1927
8620;07.08.1927;1927
8621;08.08.1927;1927
8622;09.08.1927;1927
8623;10.08.1927;1927
8624;11.08.1927;1927
8625;12.08.1927;1927
8626;13.08.1927;1927
8627;14.08.1927;1927
8628;15.08.1927;1927
8629;16.08.1927;1927
8630;17.08.1927;1927
8631;18.08.1927;1927
8632;19.08.1927;1927
8633;20.08.1927;1927
8634;21.08.1927;1927
8635;22.08.1927;1927
8636;23.08.1927;1927
8637;24.08.1927;1927
8638;25.08.1927;1927
8639;26.08.1927;1927
8640;27.08.1927;1927
8641;28.08.1927;1927
8642;29.08.1927;1927
8643;30.08.1927;1927
8644;31.08.1927;1927
8645;01.09.1927;1927
8646;02.09.1927;1927
8647;03.09.1927;1927
8648;04.09.1927;1927
8649;05.09.1927;1927
8650;06.09.1927;1927
8651;07.09.1927;1927
8652;08.09.1927;1927
8653;09.09.1927;1927
8654;10.09.1927;1927
8655;11.09.1927;1927
8656;12.09.1927;1927
8657;13.09.1927;1927
8658;14.09.1927;1927
8659;15.09.1927;1927
8660;16.09.1927;1927
8661;17.09.1927;1927
8662;18.09.1927;1927
8663;19.09.1927;1927
8664;20.09.1927;1927
8665;21.09.1927;1927
8666;22.09.1927;1927
8667;23.09.1927;1927
8668;24.09.1927;1927
8669;25.09.1927;1927
8670;26.09.1927;1927
8671;27.09.1927;1927
8672;28.09.1927;1927
8673;29.09.1927;1927
8674;30.09.1927;1927
8675;01.10.1927;1927
8676;02.10.1927;1927
8677;03.10.1927;1927
8678;04.10.1927;1927
8679;05.10.1927;1927
8680;06.10.1927;1927
8681;07.10.1927;1927
8682;08.10.1927;1927
8683;09.10.1927;1927
8684;10.10.1927;1927
8685;11.10.1927;1927
8686;12.10.1927;1927
8687;13.10.1927;1927
8688;14.10.1927;1927
8689;15.10.1927;1927
8690;16.10.1927;1927
8691;17.10.1927;1927
8692;18.10.1927;1927
8693;19.10.1927;1927
8694;20.10.1927;1927
8695;21.10.1927;1927
8696;22.10.1927;1927
8697;23.10.1927;1927
8698;24.10.1927;1927
8699;25.10.1927;1927
8700;26.10.1927;1927
8701;27.10.1927;1927
8702;28.10.1927;1927
8703;29.10.1927;1927
8704;30.10.1927;1927
8705;31.10.1927;1927
8706;01.11.1927;1927
8707;02.11.1927;1927
8708;03.11.1927;1927
8709;04.11.1927;1927
8710;05.11.1927;1927
8711;06.11.1927;1927
8712;07.11.1927;1927
8713;08.11.1927;1927
8714;09.11.1927;1927
8715;10.11.1927;1927
8716;11.11.1927;1927
8717;12.11.1927;1927
8718;13.11.1927;1927
8719;14.11.1927;1927
8720;15.11.1927;1927
8721;16.11.1927;1927
8722;17.11.1927;1927
8723;18.11.1927;1927
8724;19.11.1927;1927
8725;20.11.1927;1927
8726;21.11.1927;1927
8727;22.11.1927;1927
8728;23.11.1927;1927
8729;24.11.1927;1927
8730;25.11.1927;1927
8731;26.11.1927;1927
8732;27.11.1927;1927
8733;28.11.1927;1927
8734;29.11.1927;1927
8735;30.11.1927;1927
8736;01.12.1927;1927
8737;02.12.1927;1927
8738;03.12.1927;1927
8739;04.12.1927;1927
8740;05.12.1927;1927
8741;06.12.1927;1927
8742;07.12.1927;1927
8743;08.12.1927;1927
8744;09.12.1927;1927
8745;10.12.1927;1927
8746;11.12.1927;1927
8747;12.12.1927;1927
8748;13.12.1927;1927
8749;14.12.1927;1927
8750;15.12.1927;1927
8751;16.12.1927;1927
8752;17.12.1927;1927
8753;18.12.1927;1927
8754;19.12.1927;1927
8755;20.12.1927;1927
8756;21.12.1927;1927
8757;22.12.1927;1927
8758;23.12.1927;1927
8759;24.12.1927;1927
8760;25.12.1927;1927
8761;26.12.1927;1927
8762;27.12.1927;1927
8763;28.12.1927;1927
8764;29.12.1927;1927
8765;30.12.1927;1927
8766;31.12.1927;1927
8767;01.01.1928;1928
8768;02.01.1928;1928
8769;03.01.1928;1928
8770;04.01.1928;1928
8771;05.01.1928;1928
8772;06.01.1928;1928
8773;07.01.1928;1928
8774;08.01.1928;1928
8775;09.01.1928;1928
8776;10.01.1928;1928
8777;11.01.1928;1928
8778;12.01.1928;1928
8779;13.01.1928;1928
8780;14.01.1928;1928
8781;15.01.1928;1928
8782;16.01.1928;1928
8783;17.01.1928;1928
8784;18.01.1928;1928
8785;19.01.1928;1928
8786;20.01.1928;1928
8787;21.01.1928;1928
8788;22.01.1928;1928
8789;23.01.1928;1928
8790;24.01.1928;1928
8791;25.01.1928;1928
8792;26.01.1928;1928
8793;27.01.1928;1928
8794;28.01.1928;1928
8795;29.01.1928;1928
8796;30.01.1928;1928
8797;31.01.1928;1928
8798;01.02.1928;1928
8799;02.02.1928;1928
8800;03.02.1928;1928
8801;04.02.1928;1928
8802;05.02.1928;1928
8803;06.02.1928;1928
8804;07.02.1928;1928
8805;08.02.1928;1928
8806;09.02.1928;1928
8807;10.02.1928;1928
8808;11.02.1928;1928
8809;12.02.1928;1928
8810;13.02.1928;1928
8811;14.02.1928;1928
8812;15.02.1928;1928
8813;16.02.1928;1928
8814;17.02.1928;1928
8815;18.02.1928;1928
8816;19.02.1928;1928
8817;20.02.1928;1928
8818;21.02.1928;1928
8819;22.02.1928;1928
8820;23.02.1928;1928
8821;24.02.1928;1928
8822;25.02.1928;1928
8823;26.02.1928;1928
8824;27.02.1928;1928
8825;28.02.1928;1928
8826;29.02.1928;1928
8827;01.03.1928;1928
8828;02.03.1928;1928
8829;03.03.1928;1928
8830;04.03.1928;1928
8831;05.03.1928;1928
8832;06.03.1928;1928
8833;07.03.1928;1928
8834;08.03.1928;1928
8835;09.03.1928;1928
8836;10.03.1928;1928
8837;11.03.1928;1928
8838;12.03.1928;1928
8839;13.03.1928;1928
8840;14.03.1928;1928
8841;15.03.1928;1928
8842;16.03.1928;1928
8843;17.03.1928;1928
8844;18.03.1928;1928
8845;19.03.1928;1928
8846;20.03.1928;1928
8847;21.03.1928;1928
8848;22.03.1928;1928
8849;23.03.1928;1928
8850;24.03.1928;1928
8851;25.03.1928;1928
8852;26.03.1928;1928
8853;27.03.1928;1928
8854;28.03.1928;1928
8855;29.03.1928;1928
8856;30.03.1928;1928
8857;31.03.1928;1928
8858;01.04.1928;1928
8859;02.04.1928;1928
8860;03.04.1928;1928
8861;04.04.1928;1928
8862;05.04.1928;1928
8863;06.04.1928;1928
8864;07.04.1928;1928
8865;08.04.1928;1928
8866;09.04.1928;1928
8867;10.04.1928;1928
8868;11.04.1928;1928
8869;12.04.1928;1928
8870;13.04.1928;1928
8871;14.04.1928;1928
8872;15.04.1928;1928
8873;16.04.1928;1928
8874;17.04.1928;1928
8875;18.04.1928;1928
8876;19.04.1928;1928
8877;20.04.1928;1928
8878;21.04.1928;1928
8879;22.04.1928;1928
8880;23.04.1928;1928
8881;24.04.1928;1928
8882;25.04.1928;1928
8883;26.04.1928;1928
8884;27.04.1928;1928
8885;28.04.1928;1928
8886;29.04.1928;1928
8887;30.04.1928;1928
8888;01.05.1928;1928
8889;02.05.1928;1928
8890;03.05.1928;1928
8891;04.05.1928;1928
8892;05.05.1928;1928
8893;06.05.1928;1928
8894;07.05.1928;1928
8895;08.05.1928;1928
8896;09.05.1928;1928
8897;10.05.1928;1928
8898;11.05.1928;1928
8899;12.05.1928;1928
8900;13.05.1928;1928
8901;14.05.1928;1928
8902;15.05.1928;1928
8903;16.05.1928;1928
8904;17.05.1928;1928
8905;18.05.1928;1928
8906;19.05.1928;1928
8907;20.05.1928;1928
8908;21.05.1928;1928
8909;22.05.1928;1928
8910;23.05.1928;1928
8911;24.05.1928;1928
8912;25.05.1928;1928
8913;26.05.1928;1928
8914;27.05.1928;1928
8915;28.05.1928;1928
8916;29.05.1928;1928
8917;30.05.1928;1928
8918;31.05.1928;1928
8919;01.06.1928;1928
8920;02.06.1928;1928
8921;03.06.1928;1928
8922;04.06.1928;1928
8923;05.06.1928;1928
8924;06.06.1928;1928
8925;07.06.1928;1928
8926;08.06.1928;1928
8927;09.06.1928;1928
8928;10.06.1928;1928
8929;11.06.1928;1928
8930;12.06.1928;1928
8931;13.06.1928;1928
8932;14.06.1928;1928
8933;15.06.1928;1928
8934;16.06.1928;1928
8935;17.06.1928;1928
8936;18.06.1928;1928
8937;19.06.1928;1928
8938;20.06.1928;1928
8939;21.06.1928;1928
8940;22.06.1928;1928
8941;23.06.1928;1928
8942;24.06.1928;1928
8943;25.06.1928;1928
8944;26.06.1928;1928
8945;27.06.1928;1928
8946;28.06.1928;1928
8947;29.06.1928;1928
8948;30.06.1928;1928
8949;01.07.1928;1928
8950;02.07.1928;1928
8951;03.07.1928;1928
8952;04.07.1928;1928
8953;05.07.1928;1928
8954;06.07.1928;1928
8955;07.07.1928;1928
8956;08.07.1928;1928
8957;09.07.1928;1928
8958;10.07.1928;1928
8959;11.07.1928;1928
8960;12.07.1928;1928
8961;13.07.1928;1928
8962;14.07.1928;1928
8963;15.07.1928;1928
8964;16.07.1928;1928
8965;17.07.1928;1928
8966;18.07.1928;1928
8967;19.07.1928;1928
8968;20.07.1928;1928
8969;21.07.1928;1928
8970;22.07.1928;1928
8971;23.07.1928;1928
8972;24.07.1928;1928
8973;25.07.1928;1928
8974;26.07.1928;1928
8975;27.07.1928;1928
8976;28.07.1928;1928
8977;29.07.1928;1928
8978;30.07.1928;1928
8979;31.07.1928;1928
8980;01.08.1928;1928
8981;02.08.1928;1928
8982;03.08.1928;1928
8983;04.08.1928;1928
8984;05.08.1928;1928
8985;06.08.1928;1928
8986;07.08.1928;1928
8987;08.08.1928;1928
8988;09.08.1928;1928
8989;10.08.1928;1928
8990;11.08.1928;1928
8991;12.08.1928;1928
8992;13.08.1928;1928
8993;14.08.1928;1928
8994;15.08.1928;1928
8995;16.08.1928;1928
8996;17.08.1928;1928
8997;18.08.1928;1928
8998;19.08.1928;1928
8999;20.08.1928;1928
9000;21.08.1928;1928
9001;22.08.1928;1928
9002;23.08.1928;1928
9003;24.08.1928;1928
9004;25.08.1928;1928
9005;26.08.1928;1928
9006;27.08.1928;1928
9007;28.08.1928;1928
9008;29.08.1928;1928
9009;30.08.1928;1928
9010;31.08.1928;1928
9011;01.09.1928;1928
9012;02.09.1928;1928
9013;03.09.1928;1928
9014;04.09.1928;1928
9015;05.09.1928;1928
9016;06.09.1928;1928
9017;07.09.1928;1928
9018;08.09.1928;1928
9019;09.09.1928;1928
9020;10.09.1928;1928
9021;11.09.1928;1928
9022;12.09.1928;1928
9023;13.09.1928;1928
9024;14.09.1928;1928
9025;15.09.1928;1928
9026;16.09.1928;1928
9027;17.09.1928;1928
9028;18.09.1928;1928
9029;19.09.1928;1928
9030;20.09.1928;1928
9031;21.09.1928;1928
9032;22.09.1928;1928
9033;23.09.1928;1928
9034;24.09.1928;1928
9035;25.09.1928;1928
9036;26.09.1928;1928
9037;27.09.1928;1928
9038;28.09.1928;1928
9039;29.09.1928;1928
9040;30.09.1928;1928
9041;01.10.1928;1928
9042;02.10.1928;1928
9043;03.10.1928;1928
9044;04.10.1928;1928
9045;05.10.1928;1928
9046;06.10.1928;1928
9047;07.10.1928;1928
9048;08.10.1928;1928
9049;09.10.1928;1928
9050;10.10.1928;1928
9051;11.10.1928;1928
9052;12.10.1928;1928
9053;13.10.1928;1928
9054;14.10.1928;1928
9055;15.10.1928;1928
9056;16.10.1928;1928
9057;17.10.1928;1928
9058;18.10.1928;1928
9059;19.10.1928;1928
9060;20.10.1928;1928
9061;21.10.1928;1928
9062;22.10.1928;1928
9063;23.10.1928;1928
9064;24.10.1928;1928
9065;25.10.1928;1928
9066;26.10.1928;1928
9067;27.10.1928;1928
9068;28.10.1928;1928
9069;29.10.1928;1928
9070;30.10.1928;1928
9071;31.10.1928;1928
9072;01.11.1928;1928
9073;02.11.1928;1928
9074;03.11.1928;1928
9075;04.11.1928;1928
9076;05.11.1928;1928
9077;06.11.1928;1928
9078;07.11.1928;1928
9079;08.11.1928;1928
9080;09.11.1928;1928
9081;10.11.1928;1928
9082;11.11.1928;1928
9083;12.11.1928;1928
9084;13.11.1928;1928
9085;14.11.1928;1928
9086;15.11.1928;1928
9087;16.11.1928;1928
9088;17.11.1928;1928
9089;18.11.1928;1928
9090;19.11.1928;1928
9091;20.11.1928;1928
9092;21.11.1928;1928
9093;22.11.1928;1928
9094;23.11.1928;1928
9095;24.11.1928;1928
9096;25.11.1928;1928
9097;26.11.1928;1928
9098;27.11.1928;1928
9099;28.11.1928;1928
9100;29.11.1928;1928
9101;30.11.1928;1928
9102;01.12.1928;1928
9103;02.12.1928;1928
9104;03.12.1928;1928
9105;04.12.1928;1928
9106;05.12.1928;1928
9107;06.12.1928;1928
9108;07.12.1928;1928
9109;08.12.1928;1928
9110;09.12.1928;1928
9111;10.12.1928;1928
9112;11.12.1928;1928
9113;12.12.1928;1928
9114;13.12.1928;1928
9115;14.12.1928;1928
9116;15.12.1928;1928
9117;16.12.1928;1928
9118;17.12.1928;1928
9119;18.12.1928;1928
9120;19.12.1928;1928
9121;20.12.1928;1928
9122;21.12.1928;1928
9123;22.12.1928;1928
9124;23.12.1928;1928
9125;24.12.1928;1928
9126;25.12.1928;1928
9127;26.12.1928;1928
9128;27.12.1928;1928
9129;28.12.1928;1928
9130;29.12.1928;1928
9131;30.12.1928;1928
9132;31.12.1928;1928
9133;01.01.1929;1929
9134;02.01.1929;1929
9135;03.01.1929;1929
9136;04.01.1929;1929
9137;05.01.1929;1929
9138;06.01.1929;1929
9139;07.01.1929;1929
9140;08.01.1929;1929
9141;09.01.1929;1929
9142;10.01.1929;1929
9143;11.01.1929;1929
9144;12.01.1929;1929
9145;13.01.1929;1929
9146;14.01.1929;1929
9147;15.01.1929;1929
9148;16.01.1929;1929
9149;17.01.1929;1929
9150;18.01.1929;1929
9151;19.01.1929;1929
9152;20.01.1929;1929
9153;21.01.1929;1929
9154;22.01.1929;1929
9155;23.01.1929;1929
9156;24.01.1929;1929
9157;25.01.1929;1929
9158;26.01.1929;1929
9159;27.01.1929;1929
9160;28.01.1929;1929
9161;29.01.1929;1929
9162;30.01.1929;1929
9163;31.01.1929;1929
9164;01.02.1929;1929
9165;02.02.1929;1929
9166;03.02.1929;1929
9167;04.02.1929;1929
9168;05.02.1929;1929
9169;06.02.1929;1929
9170;07.02.1929;1929
9171;08.02.1929;1929
9172;09.02.1929;1929
9173;10.02.1929;1929
9174;11.02.1929;1929
9175;12.02.1929;1929
9176;13.02.1929;1929
9177;14.02.1929;1929
9178;15.02.1929;1929
9179;16.02.1929;1929
9180;17.02.1929;1929
9181;18.02.1929;1929
9182;19.02.1929;1929
9183;20.02.1929;1929
9184;21.02.1929;1929
9185;22.02.1929;1929
9186;23.02.1929;1929
9187;24.02.1929;1929
9188;25.02.1929;1929
9189;26.02.1929;1929
9190;27.02.1929;1929
9191;28.02.1929;1929
9192;01.03.1929;1929
9193;02.03.1929;1929
9194;03.03.1929;1929
9195;04.03.1929;1929
9196;05.03.1929;1929
9197;06.03.1929;1929
9198;07.03.1929;1929
9199;08.03.1929;1929
9200;09.03.1929;1929
9201;10.03.1929;1929
9202;11.03.1929;1929
9203;12.03.1929;1929
9204;13.03.1929;1929
9205;14.03.1929;1929
9206;15.03.1929;1929
9207;16.03.1929;1929
9208;17.03.1929;1929
9209;18.03.1929;1929
9210;19.03.1929;1929
9211;20.03.1929;1929
9212;21.03.1929;1929
9213;22.03.1929;1929
9214;23.03.1929;1929
9215;24.03.1929;1929
9216;25.03.1929;1929
9217;26.03.1929;1929
9218;27.03.1929;1929
9219;28.03.1929;1929
9220;29.03.1929;1929
9221;30.03.1929;1929
9222;31.03.1929;1929
9223;01.04.1929;1929
9224;02.04.1929;1929
9225;03.04.1929;1929
9226;04.04.1929;1929
9227;05.04.1929;1929
9228;06.04.1929;1929
9229;07.04.1929;1929
9230;08.04.1929;1929
9231;09.04.1929;1929
9232;10.04.1929;1929
9233;11.04.1929;1929
9234;12.04.1929;1929
9235;13.04.1929;1929
9236;14.04.1929;1929
9237;15.04.1929;1929
9238;16.04.1929;1929
9239;17.04.1929;1929
9240;18.04.1929;1929
9241;19.04.1929;1929
9242;20.04.1929;1929
9243;21.04.1929;1929
9244;22.04.1929;1929
9245;23.04.1929;1929
9246;24.04.1929;1929
9247;25.04.1929;1929
9248;26.04.1929;1929
9249;27.04.1929;1929
9250;28.04.1929;1929
9251;29.04.1929;1929
9252;30.04.1929;1929
9253;01.05.1929;1929
9254;02.05.1929;1929
9255;03.05.1929;1929
9256;04.05.1929;1929
9257;05.05.1929;1929
9258;06.05.1929;1929
9259;07.05.1929;1929
9260;08.05.1929;1929
9261;09.05.1929;1929
9262;10.05.1929;1929
9263;11.05.1929;1929
9264;12.05.1929;1929
9265;13.05.1929;1929
9266;14.05.1929;1929
9267;15.05.1929;1929
9268;16.05.1929;1929
9269;17.05.1929;1929
9270;18.05.1929;1929
9271;19.05.1929;1929
9272;20.05.1929;1929
9273;21.05.1929;1929
9274;22.05.1929;1929
9275;23.05.1929;1929
9276;24.05.1929;1929
9277;25.05.1929;1929
9278;26.05.1929;1929
9279;27.05.1929;1929
9280;28.05.1929;1929
9281;29.05.1929;1929
9282;30.05.1929;1929
9283;31.05.1929;1929
9284;01.06.1929;1929
9285;02.06.1929;1929
9286;03.06.1929;1929
9287;04.06.1929;1929
9288;05.06.1929;1929
9289;06.06.1929;1929
9290;07.06.1929;1929
9291;08.06.1929;1929
9292;09.06.1929;1929
9293;10.06.1929;1929
9294;11.06.1929;1929
9295;12.06.1929;1929
9296;13.06.1929;1929
9297;14.06.1929;1929
9298;15.06.1929;1929
9299;16.06.1929;1929
9300;17.06.1929;1929
9301;18.06.1929;1929
9302;19.06.1929;1929
9303;20.06.1929;1929
9304;21.06.1929;1929
9305;22.06.1929;1929
9306;23.06.1929;1929
9307;24.06.1929;1929
9308;25.06.1929;1929
9309;26.06.1929;1929
9310;27.06.1929;1929
9311;28.06.1929;1929
9312;29.06.1929;1929
9313;30.06.1929;1929
9314;01.07.1929;1929
9315;02.07.1929;1929
9316;03.07.1929;1929
9317;04.07.1929;1929
9318;05.07.1929;1929
9319;06.07.1929;1929
9320;07.07.1929;1929
9321;08.07.1929;1929
9322;09.07.1929;1929
9323;10.07.1929;1929
9324;11.07.1929;1929
9325;12.07.1929;1929
9326;13.07.1929;1929
9327;14.07.1929;1929
9328;15.07.1929;1929
9329;16.07.1929;1929
9330;17.07.1929;1929
9331;18.07.1929;1929
9332;19.07.1929;1929
9333;20.07.1929;1929
9334;21.07.1929;1929
9335;22.07.1929;1929
9336;23.07.1929;1929
9337;24.07.1929;1929
9338;25.07.1929;1929
9339;26.07.1929;1929
9340;27.07.1929;1929
9341;28.07.1929;1929
9342;29.07.1929;1929
9343;30.07.1929;1929
9344;31.07.1929;1929
9345;01.08.1929;1929
9346;02.08.1929;1929
9347;03.08.1929;1929
9348;04.08.1929;1929
9349;05.08.1929;1929
9350;06.08.1929;1929
9351;07.08.1929;1929
9352;08.08.1929;1929
9353;09.08.1929;1929
9354;10.08.1929;1929
9355;11.08.1929;1929
9356;12.08.1929;1929
9357;13.08.1929;1929
9358;14.08.1929;1929
9359;15.08.1929;1929
9360;16.08.1929;1929
9361;17.08.1929;1929
9362;18.08.1929;1929
9363;19.08.1929;1929
9364;20.08.1929;1929
9365;21.08.1929;1929
9366;22.08.1929;1929
9367;23.08.1929;1929
9368;24.08.1929;1929
9369;25.08.1929;1929
9370;26.08.1929;1929
9371;27.08.1929;1929
9372;28.08.1929;1929
9373;29.08.1929;1929
9374;30.08.1929;1929
9375;31.08.1929;1929
9376;01.09.1929;1929
9377;02.09.1929;1929
9378;03.09.1929;1929
9379;04.09.1929;1929
9380;05.09.1929;1929
9381;06.09.1929;1929
9382;07.09.1929;1929
9383;08.09.1929;1929
9384;09.09.1929;1929
9385;10.09.1929;1929
9386;11.09.1929;1929
9387;12.09.1929;1929
9388;13.09.1929;1929
9389;14.09.1929;1929
9390;15.09.1929;1929
9391;16.09.1929;1929
9392;17.09.1929;1929
9393;18.09.1929;1929
9394;19.09.1929;1929
9395;20.09.1929;1929
9396;21.09.1929;1929
9397;22.09.1929;1929
9398;23.09.1929;1929
9399;24.09.1929;1929
9400;25.09.1929;1929
9401;26.09.1929;1929
9402;27.09.1929;1929
9403;28.09.1929;1929
9404;29.09.1929;1929
9405;30.09.1929;1929
9406;01.10.1929;1929
9407;02.10.1929;1929
9408;03.10.1929;1929
9409;04.10.1929;1929
9410;05.10.1929;1929
9411;06.10.1929;1929
9412;07.10.1929;1929
9413;08.10.1929;1929
9414;09.10.1929;1929
9415;10.10.1929;1929
9416;11.10.1929;1929
9417;12.10.1929;1929
9418;13.10.1929;1929
9419;14.10.1929;1929
9420;15.10.1929;1929
9421;16.10.1929;1929
9422;17.10.1929;1929
9423;18.10.1929;1929
9424;19.10.1929;1929
9425;20.10.1929;1929
9426;21.10.1929;1929
9427;22.10.1929;1929
9428;23.10.1929;1929
9429;24.10.1929;1929
9430;25.10.1929;1929
9431;26.10.1929;1929
9432;27.10.1929;1929
9433;28.10.1929;1929
9434;29.10.1929;1929
9435;30.10.1929;1929
9436;31.10.1929;1929
9437;01.11.1929;1929
9438;02.11.1929;1929
9439;03.11.1929;1929
9440;04.11.1929;1929
9441;05.11.1929;1929
9442;06.11.1929;1929
9443;07.11.1929;1929
9444;08.11.1929;1929
9445;09.11.1929;1929
9446;10.11.1929;1929
9447;11.11.1929;1929
9448;12.11.1929;1929
9449;13.11.1929;1929
9450;14.11.1929;1929
9451;15.11.1929;1929
9452;16.11.1929;1929
9453;17.11.1929;1929
9454;18.11.1929;1929
9455;19.11.1929;1929
9456;20.11.1929;1929
9457;21.11.1929;1929
9458;22.11.1929;1929
9459;23.11.1929;1929
9460;24.11.1929;1929
9461;25.11.1929;1929
9462;26.11.1929;1929
9463;27.11.1929;1929
9464;28.11.1929;1929
9465;29.11.1929;1929
9466;30.11.1929;1929
9467;01.12.1929;1929
9468;02.12.1929;1929
9469;03.12.1929;1929
9470;04.12.1929;1929
9471;05.12.1929;1929
9472;06.12.1929;1929
9473;07.12.1929;1929
9474;08.12.1929;1929
9475;09.12.1929;1929
9476;10.12.1929;1929
9477;11.12.1929;1929
9478;12.12.1929;1929
9479;13.12.1929;1929
9480;14.12.1929;1929
9481;15.12.1929;1929
9482;16.12.1929;1929
9483;17.12.1929;1929
9484;18.12.1929;1929
9485;19.12.1929;1929
9486;20.12.1929;1929
9487;21.12.1929;1929
9488;22.12.1929;1929
9489;23.12.1929;1929
9490;24.12.1929;1929
9491;25.12.1929;1929
9492;26.12.1929;1929
9493;27.12.1929;1929
9494;28.12.1929;1929
9495;29.12.1929;1929
9496;30.12.1929;1929
9497;31.12.1929;1929
9498;01.01.1930;1930
9499;02.01.1930;1930
9500;03.01.1930;1930
9501;04.01.1930;1930
9502;05.01.1930;1930
9503;06.01.1930;1930
9504;07.01.1930;1930
9505;08.01.1930;1930
9506;09.01.1930;1930
9507;10.01.1930;1930
9508;11.01.1930;1930
9509;12.01.1930;1930
9510;13.01.1930;1930
9511;14.01.1930;1930
9512;15.01.1930;1930
9513;16.01.1930;1930
9514;17.01.1930;1930
9515;18.01.1930;1930
9516;19.01.1930;1930
9517;20.01.1930;1930
9518;21.01.1930;1930
9519;22.01.1930;1930
9520;23.01.1930;1930
9521;24.01.1930;1930
9522;25.01.1930;1930
9523;26.01.1930;1930
9524;27.01.1930;1930
9525;28.01.1930;1930
9526;29.01.1930;1930
9527;30.01.1930;1930
9528;31.01.1930;1930
9529;01.02.1930;1930
9530;02.02.1930;1930
9531;03.02.1930;1930
9532;04.02.1930;1930
9533;05.02.1930;1930
9534;06.02.1930;1930
9535;07.02.1930;1930
9536;08.02.1930;1930
9537;09.02.1930;1930
9538;10.02.1930;1930
9539;11.02.1930;1930
9540;12.02.1930;1930
9541;13.02.1930;1930
9542;14.02.1930;1930
9543;15.02.1930;1930
9544;16.02.1930;1930
9545;17.02.1930;1930
9546;18.02.1930;1930
9547;19.02.1930;1930
9548;20.02.1930;1930
9549;21.02.1930;1930
9550;22.02.1930;1930
9551;23.02.1930;1930
9552;24.02.1930;1930
9553;25.02.1930;1930
9554;26.02.1930;1930
9555;27.02.1930;1930
9556;28.02.1930;1930
9557;01.03.1930;1930
9558;02.03.1930;1930
9559;03.03.1930;1930
9560;04.03.1930;1930
9561;05.03.1930;1930
9562;06.03.1930;1930
9563;07.03.1930;1930
9564;08.03.1930;1930
9565;09.03.1930;1930
9566;10.03.1930;1930
9567;11.03.1930;1930
9568;12.03.1930;1930
9569;13.03.1930;1930
9570;14.03.1930;1930
9571;15.03.1930;1930
9572;16.03.1930;1930
9573;17.03.1930;1930
9574;18.03.1930;1930
9575;19.03.1930;1930
9576;20.03.1930;1930
9577;21.03.1930;1930
9578;22.03.1930;1930
9579;23.03.1930;1930
9580;24.03.1930;1930
9581;25.03.1930;1930
9582;26.03.1930;1930
9583;27.03.1930;1930
9584;28.03.1930;1930
9585;29.03.1930;1930
9586;30.03.1930;1930
9587;31.03.1930;1930
9588;01.04.1930;1930
9589;02.04.1930;1930
9590;03.04.1930;1930
9591;04.04.1930;1930
9592;05.04.1930;1930
9593;06.04.1930;1930
9594;07.04.1930;1930
9595;08.04.1930;1930
9596;09.04.1930;1930
9597;10.04.1930;1930
9598;11.04.1930;1930
9599;12.04.1930;1930
9600;13.04.1930;1930
9601;14.04.1930;1930
9602;15.04.1930;1930
9603;16.04.1930;1930
9604;17.04.1930;1930
9605;18.04.1930;1930
9606;19.04.1930;1930
9607;20.04.1930;1930
9608;21.04.1930;1930
9609;22.04.1930;1930
9610;23.04.1930;1930
9611;24.04.1930;1930
9612;25.04.1930;1930
9613;26.04.1930;1930
9614;27.04.1930;1930
9615;28.04.1930;1930
9616;29.04.1930;1930
9617;30.04.1930;1930
9618;01.05.1930;1930
9619;02.05.1930;1930
9620;03.05.1930;1930
9621;04.05.1930;1930
9622;05.05.1930;1930
9623;06.05.1930;1930
9624;07.05.1930;1930
9625;08.05.1930;1930
9626;09.05.1930;1930
9627;10.05.1930;1930
9628;11.05.1930;1930
9629;12.05.1930;1930
9630;13.05.1930;1930
9631;14.05.1930;1930
9632;15.05.1930;1930
9633;16.05.1930;1930
9634;17.05.1930;1930
9635;18.05.1930;1930
9636;19.05.1930;1930
9637;20.05.1930;1930
9638;21.05.1930;1930
9639;22.05.1930;1930
9640;23.05.1930;1930
9641;24.05.1930;1930
9642;25.05.1930;1930
9643;26.05.1930;1930
9644;27.05.1930;1930
9645;28.05.1930;1930
9646;29.05.1930;1930
9647;30.05.1930;1930
9648;31.05.1930;1930
9649;01.06.1930;1930
9650;02.06.1930;1930
9651;03.06.1930;1930
9652;04.06.1930;1930
9653;05.06.1930;1930
9654;06.06.1930;1930
9655;07.06.1930;1930
9656;08.06.1930;1930
9657;09.06.1930;1930
9658;10.06.1930;1930
9659;11.06.1930;1930
9660;12.06.1930;1930
9661;13.06.1930;1930
9662;14.06.1930;1930
9663;15.06.1930;1930
9664;16.06.1930;1930
9665;17.06.1930;1930
9666;18.06.1930;1930
9667;19.06.1930;1930
9668;20.06.1930;1930
9669;21.06.1930;1930
9670;22.06.1930;1930
9671;23.06.1930;1930
9672;24.06.1930;1930
9673;25.06.1930;1930
9674;26.06.1930;1930
9675;27.06.1930;1930
9676;28.06.1930;1930
9677;29.06.1930;1930
9678;30.06.1930;1930
9679;01.07.1930;1930
9680;02.07.1930;1930
9681;03.07.1930;1930
9682;04.07.1930;1930
9683;05.07.1930;1930
9684;06.07.1930;1930
9685;07.07.1930;1930
9686;08.07.1930;1930
9687;09.07.1930;1930
9688;10.07.1930;1930
9689;11.07.1930;1930
9690;12.07.1930;1930
9691;13.07.1930;1930
9692;14.07.1930;1930
9693;15.07.1930;1930
9694;16.07.1930;1930
9695;17.07.1930;1930
9696;18.07.1930;1930
9697;19.07.1930;1930
9698;20.07.1930;1930
9699;21.07.1930;1930
9700;22.07.1930;1930
9701;23.07.1930;1930
9702;24.07.1930;1930
9703;25.07.1930;1930
9704;26.07.1930;1930
9705;27.07.1930;1930
9706;28.07.1930;1930
9707;29.07.1930;1930
9708;30.07.1930;1930
9709;31.07.1930;1930
9710;01.08.1930;1930
9711;02.08.1930;1930
9712;03.08.1930;1930
9713;04.08.1930;1930
9714;05.08.1930;1930
9715;06.08.1930;1930
9716;07.08.1930;1930
9717;08.08.1930;1930
9718;09.08.1930;1930
9719;10.08.1930;1930
9720;11.08.1930;1930
9721;12.08.1930;1930
9722;13.08.1930;1930
9723;14.08.1930;1930
9724;15.08.1930;1930
9725;16.08.1930;1930
9726;17.08.1930;1930
9727;18.08.1930;1930
9728;19.08.1930;1930
9729;20.08.1930;1930
9730;21.08.1930;1930
9731;22.08.1930;1930
9732;23.08.1930;1930
9733;24.08.1930;1930
9734;25.08.1930;1930
9735;26.08.1930;1930
9736;27.08.1930;1930
9737;28.08.1930;1930
9738;29.08.1930;1930
9739;30.08.1930;1930
9740;31.08.1930;1930
9741;01.09.1930;1930
9742;02.09.1930;1930
9743;03.09.1930;1930
9744;04.09.1930;1930
9745;05.09.1930;1930
9746;06.09.1930;1930
9747;07.09.1930;1930
9748;08.09.1930;1930
9749;09.09.1930;1930
9750;10.09.1930;1930
9751;11.09.1930;1930
9752;12.09.1930;1930
9753;13.09.1930;1930
9754;14.09.1930;1930
9755;15.09.1930;1930
9756;16.09.1930;1930
9757;17.09.1930;1930
9758;18.09.1930;1930
9759;19.09.1930;1930
9760;20.09.1930;1930
9761;21.09.1930;1930
9762;22.09.1930;1930
9763;23.09.1930;1930
9764;24.09.1930;1930
9765;25.09.1930;1930
9766;26.09.1930;1930
9767;27.09.1930;1930
9768;28.09.1930;1930
9769;29.09.1930;1930
9770;30.09.1930;1930
9771;01.10.1930;1930
9772;02.10.1930;1930
9773;03.10.1930;1930
9774;04.10.1930;1930
9775;05.10.1930;1930
9776;06.10.1930;1930
9777;07.10.1930;1930
9778;08.10.1930;1930
9779;09.10.1930;1930
9780;10.10.1930;1930
9781;11.10.1930;1930
9782;12.10.1930;1930
9783;13.10.1930;1930
9784;14.10.1930;1930
9785;15.10.1930;1930
9786;16.10.1930;1930
9787;17.10.1930;1930
9788;18.10.1930;1930
9789;19.10.1930;1930
9790;20.10.1930;1930
9791;21.10.1930;1930
9792;22.10.1930;1930
9793;23.10.1930;1930
9794;24.10.1930;1930
9795;25.10.1930;1930
9796;26.10.1930;1930
9797;27.10.1930;1930
9798;28.10.1930;1930
9799;29.10.1930;1930
9800;30.10.1930;1930
9801;31.10.1930;1930
9802;01.11.1930;1930
9803;02.11.1930;1930
9804;03.11.1930;1930
9805;04.11.1930;1930
9806;05.11.1930;1930
9807;06.11.1930;1930
9808;07.11.1930;1930
9809;08.11.1930;1930
9810;09.11.1930;1930
9811;10.11.1930;1930
9812;11.11.1930;1930
9813;12.11.1930;1930
9814;13.11.1930;1930
9815;14.11.1930;1930
9816;15.11.1930;1930
9817;16.11.1930;1930
9818;17.11.1930;1930
9819;18.11.1930;1930
9820;19.11.1930;1930
9821;20.11.1930;1930
9822;21.11.1930;1930
9823;22.11.1930;1930
9824;23.11.1930;1930
9825;24.11.1930;1930
9826;25.11.1930;1930
9827;26.11.1930;1930
9828;27.11.1930;1930
9829;28.11.1930;1930
9830;29.11.1930;1930
9831;30.11.1930;1930
9832;01.12.1930;1930
9833;02.12.1930;1930
9834;03.12.1930;1930
9835;04.12.1930;1930
9836;05.12.1930;1930
9837;06.12.1930;1930
9838;07.12.1930;1930
9839;08.12.1930;1930
9840;09.12.1930;1930
9841;10.12.1930;1930
9842;11.12.1930;1930
9843;12.12.1930;1930
9844;13.12.1930;1930
9845;14.12.1930;1930
9846;15.12.1930;1930
9847;16.12.1930;1930
9848;17.12.1930;1930
9849;18.12.1930;1930
9850;19.12.1930;1930
9851;20.12.1930;1930
9852;21.12.1930;1930
9853;22.12.1930;1930
9854;23.12.1930;1930
9855;24.12.1930;1930
9856;25.12.1930;1930
9857;26.12.1930;1930
9858;27.12.1930;1930
9859;28.12.1930;1930
9860;29.12.1930;1930
9861;30.12.1930;1930
9862;31.12.1930;1930
9863;01.01.1931;1931
9864;02.01.1931;1931
9865;03.01.1931;1931
9866;04.01.1931;1931
9867;05.01.1931;1931
9868;06.01.1931;1931
9869;07.01.1931;1931
9870;08.01.1931;1931
9871;09.01.1931;1931
9872;10.01.1931;1931
9873;11.01.1931;1931
9874;12.01.1931;1931
9875;13.01.1931;1931
9876;14.01.1931;1931
9877;15.01.1931;1931
9878;16.01.1931;1931
9879;17.01.1931;1931
9880;18.01.1931;1931
9881;19.01.1931;1931
9882;20.01.1931;1931
9883;21.01.1931;1931
9884;22.01.1931;1931
9885;23.01.1931;1931
9886;24.01.1931;1931
9887;25.01.1931;1931
9888;26.01.1931;1931
9889;27.01.1931;1931
9890;28.01.1931;1931
9891;29.01.1931;1931
9892;30.01.1931;1931
9893;31.01.1931;1931
9894;01.02.1931;1931
9895;02.02.1931;1931
9896;03.02.1931;1931
9897;04.02.1931;1931
9898;05.02.1931;1931
9899;06.02.1931;1931
9900;07.02.1931;1931
9901;08.02.1931;1931
9902;09.02.1931;1931
9903;10.02.1931;1931
9904;11.02.1931;1931
9905;12.02.1931;1931
9906;13.02.1931;1931
9907;14.02.1931;1931
9908;15.02.1931;1931
9909;16.02.1931;1931
9910;17.02.1931;1931
9911;18.02.1931;1931
9912;19.02.1931;1931
9913;20.02.1931;1931
9914;21.02.1931;1931
9915;22.02.1931;1931
9916;23.02.1931;1931
9917;24.02.1931;1931
9918;25.02.1931;1931
9919;26.02.1931;1931
9920;27.02.1931;1931
9921;28.02.1931;1931
9922;01.03.1931;1931
9923;02.03.1931;1931
9924;03.03.1931;1931
9925;04.03.1931;1931
9926;05.03.1931;1931
9927;06.03.1931;1931
9928;07.03.1931;1931
9929;08.03.1931;1931
9930;09.03.1931;1931
9931;10.03.1931;1931
9932;11.03.1931;1931
9933;12.03.1931;1931
9934;13.03.1931;1931
9935;14.03.1931;1931
9936;15.03.1931;1931
9937;16.03.1931;1931
9938;17.03.1931;1931
9939;18.03.1931;1931
9940;19.03.1931;1931
9941;20.03.1931;1931
9942;21.03.1931;1931
9943;22.03.1931;1931
9944;23.03.1931;1931
9945;24.03.1931;1931
9946;25.03.1931;1931
9947;26.03.1931;1931
9948;27.03.1931;1931
9949;28.03.1931;1931
9950;29.03.1931;1931
9951;30.03.1931;1931
9952;31.03.1931;1931
9953;01.04.1931;1931
9954;02.04.1931;1931
9955;03.04.1931;1931
9956;04.04.1931;1931
9957;05.04.1931;1931
9958;06.04.1931;1931
9959;07.04.1931;1931
9960;08.04.1931;1931
9961;09.04.1931;1931
9962;10.04.1931;1931
9963;11.04.1931;1931
9964;12.04.1931;1931
9965;13.04.1931;1931
9966;14.04.1931;1931
9967;15.04.1931;1931
9968;16.04.1931;1931
9969;17.04.1931;1931
9970;18.04.1931;1931
9971;19.04.1931;1931
9972;20.04.1931;1931
9973;21.04.1931;1931
9974;22.04.1931;1931
9975;23.04.1931;1931
9976;24.04.1931;1931
9977;25.04.1931;1931
9978;26.04.1931;1931
9979;27.04.1931;1931
9980;28.04.1931;1931
9981;29.04.1931;1931
9982;30.04.1931;1931
9983;01.05.1931;1931
9984;02.05.1931;1931
9985;03.05.1931;1931
9986;04.05.1931;1931
9987;05.05.1931;1931
9988;06.05.1931;1931
9989;07.05.1931;1931
9990;08.05.1931;1931
9991;09.05.1931;1931
9992;10.05.1931;1931
9993;11.05.1931;1931
9994;12.05.1931;1931
9995;13.05.1931;1931
9996;14.05.1931;1931
9997;15.05.1931;1931
9998;16.05.1931;1931
9999;17.05.1931;1931
10000;18.05.1931;1931
10001;19.05.1931;1931
10002;20.05.1931;1931
10003;21.05.1931;1931
10004;22.05.1931;1931
10005;23.05.1931;1931
10006;24.05.1931;1931
10007;25.05.1931;1931
10008;26.05.1931;1931
10009;27.05.1931;1931
10010;28.05.1931;1931
10011;29.05.1931;1931
10012;30.05.1931;1931
10013;31.05.1931;1931
10014;01.06.1931;1931
10015;02.06.1931;1931
10016;03.06.1931;1931
10017;04.06.1931;1931
10018;05.06.1931;1931
10019;06.06.1931;1931
10020;07.06.1931;1931
10021;08.06.1931;1931
10022;09.06.1931;1931
10023;10.06.1931;1931
10024;11.06.1931;1931
10025;12.06.1931;1931
10026;13.06.1931;1931
10027;14.06.1931;1931
10028;15.06.1931;1931
10029;16.06.1931;1931
10030;17.06.1931;1931
10031;18.06.1931;1931
10032;19.06.1931;1931
10033;20.06.1931;1931
10034;21.06.1931;1931
10035;22.06.1931;1931
10036;23.06.1931;1931
10037;24.06.1931;1931
10038;25.06.1931;1931
10039;26.06.1931;1931
10040;27.06.1931;1931
10041;28.06.1931;1931
10042;29.06.1931;1931
10043;30.06.1931;1931
10044;01.07.1931;1931
10045;02.07.1931;1931
10046;03.07.1931;1931
10047;04.07.1931;1931
10048;05.07.1931;1931
10049;06.07.1931;1931
10050;07.07.1931;1931
10051;08.07.1931;1931
10052;09.07.1931;1931
10053;10.07.1931;1931
10054;11.07.1931;1931
10055;12.07.1931;1931
10056;13.07.1931;1931
10057;14.07.1931;1931
10058;15.07.1931;1931
10059;16.07.1931;1931
10060;17.07.1931;1931
10061;18.07.1931;1931
10062;19.07.1931;1931
10063;20.07.1931;1931
10064;21.07.1931;1931
10065;22.07.1931;1931
10066;23.07.1931;1931
10067;24.07.1931;1931
10068;25.07.1931;1931
10069;26.07.1931;1931
10070;27.07.1931;1931
10071;28.07.1931;1931
10072;29.07.1931;1931
10073;30.07.1931;1931
10074;31.07.1931;1931
10075;01.08.1931;1931
10076;02.08.1931;1931
10077;03.08.1931;1931
10078;04.08.1931;1931
10079;05.08.1931;1931
10080;06.08.1931;1931
10081;07.08.1931;1931
10082;08.08.1931;1931
10083;09.08.1931;1931
10084;10.08.1931;1931
10085;11.08.1931;1931
10086;12.08.1931;1931
10087;13.08.1931;1931
10088;14.08.1931;1931
10089;15.08.1931;1931
10090;16.08.1931;1931
10091;17.08.1931;1931
10092;18.08.1931;1931
10093;19.08.1931;1931
10094;20.08.1931;1931
10095;21.08.1931;1931
10096;22.08.1931;1931
10097;23.08.1931;1931
10098;24.08.1931;1931
10099;25.08.1931;1931
10100;26.08.1931;1931
10101;27.08.1931;1931
10102;28.08.1931;1931
10103;29.08.1931;1931
10104;30.08.1931;1931
10105;31.08.1931;1931
10106;01.09.1931;1931
10107;02.09.1931;1931
10108;03.09.1931;1931
10109;04.09.1931;1931
10110;05.09.1931;1931
10111;06.09.1931;1931
10112;07.09.1931;1931
10113;08.09.1931;1931
10114;09.09.1931;1931
10115;10.09.1931;1931
10116;11.09.1931;1931
10117;12.09.1931;1931
10118;13.09.1931;1931
10119;14.09.1931;1931
10120;15.09.1931;1931
10121;16.09.1931;1931
10122;17.09.1931;1931
10123;18.09.1931;1931
10124;19.09.1931;1931
10125;20.09.1931;1931
10126;21.09.1931;1931
10127;22.09.1931;1931
10128;23.09.1931;1931
10129;24.09.1931;1931
10130;25.09.1931;1931
10131;26.09.1931;1931
10132;27.09.1931;1931
10133;28.09.1931;1931
10134;29.09.1931;1931
10135;30.09.1931;1931
10136;01.10.1931;1931
10137;02.10.1931;1931
10138;03.10.1931;1931
10139;04.10.1931;1931
10140;05.10.1931;1931
10141;06.10.1931;1931
10142;07.10.1931;1931
10143;08.10.1931;1931
10144;09.10.1931;1931
10145;10.10.1931;1931
10146;11.10.1931;1931
10147;12.10.1931;1931
10148;13.10.1931;1931
10149;14.10.1931;1931
10150;15.10.1931;1931
10151;16.10.1931;1931
10152;17.10.1931;1931
10153;18.10.1931;1931
10154;19.10.1931;1931
10155;20.10.1931;1931
10156;21.10.1931;1931
10157;22.10.1931;1931
10158;23.10.1931;1931
10159;24.10.1931;1931
10160;25.10.1931;1931
10161;26.10.1931;1931
10162;27.10.1931;1931
10163;28.10.1931;1931
10164;29.10.1931;1931
10165;30.10.1931;1931
10166;31.10.1931;1931
10167;01.11.1931;1931
10168;02.11.1931;1931
10169;03.11.1931;1931
10170;04.11.1931;1931
10171;05.11.1931;1931
10172;06.11.1931;1931
10173;07.11.1931;1931
10174;08.11.1931;1931
10175;09.11.1931;1931
10176;10.11.1931;1931
10177;11.11.1931;1931
10178;12.11.1931;1931
10179;13.11.1931;1931
10180;14.11.1931;1931
10181;15.11.1931;1931
10182;16.11.1931;1931
10183;17.11.1931;1931
10184;18.11.1931;1931
10185;19.11.1931;1931
10186;20.11.1931;1931
10187;21.11.1931;1931
10188;22.11.1931;1931
10189;23.11.1931;1931
10190;24.11.1931;1931
10191;25.11.1931;1931
10192;26.11.1931;1931
10193;27.11.1931;1931
10194;28.11.1931;1931
10195;29.11.1931;1931
10196;30.11.1931;1931
10197;01.12.1931;1931
10198;02.12.1931;1931
10199;03.12.1931;1931
10200;04.12.1931;1931
10201;05.12.1931;1931
10202;06.12.1931;1931
10203;07.12.1931;1931
10204;08.12.1931;1931
10205;09.12.1931;1931
10206;10.12.1931;1931
10207;11.12.1931;1931
10208;12.12.1931;1931
10209;13.12.1931;1931
10210;14.12.1931;1931
10211;15.12.1931;1931
10212;16.12.1931;1931
10213;17.12.1931;1931
10214;18.12.1931;1931
10215;19.12.1931;1931
10216;20.12.1931;1931
10217;21.12.1931;1931
10218;22.12.1931;1931
10219;23.12.1931;1931
10220;24.12.1931;1931
10221;25.12.1931;1931
10222;26.12.1931;1931
10223;27.12.1931;1931
10224;28.12.1931;1931
10225;29.12.1931;1931
10226;30.12.1931;1931
10227;31.12.1931;1931
10228;01.01.1932;1932
10229;02.01.1932;1932
10230;03.01.1932;1932
10231;04.01.1932;1932
10232;05.01.1932;1932
10233;06.01.1932;1932
10234;07.01.1932;1932
10235;08.01.1932;1932
10236;09.01.1932;1932
10237;10.01.1932;1932
10238;11.01.1932;1932
10239;12.01.1932;1932
10240;13.01.1932;1932
10241;14.01.1932;1932
10242;15.01.1932;1932
10243;16.01.1932;1932
10244;17.01.1932;1932
10245;18.01.1932;1932
10246;19.01.1932;1932
10247;20.01.1932;1932
10248;21.01.1932;1932
10249;22.01.1932;1932
10250;23.01.1932;1932
10251;24.01.1932;1932
10252;25.01.1932;1932
10253;26.01.1932;1932
10254;27.01.1932;1932
10255;28.01.1932;1932
10256;29.01.1932;1932
10257;30.01.1932;1932
10258;31.01.1932;1932
10259;01.02.1932;1932
10260;02.02.1932;1932
10261;03.02.1932;1932
10262;04.02.1932;1932
10263;05.02.1932;1932
10264;06.02.1932;1932
10265;07.02.1932;1932
10266;08.02.1932;1932
10267;09.02.1932;1932
10268;10.02.1932;1932
10269;11.02.1932;1932
10270;12.02.1932;1932
10271;13.02.1932;1932
10272;14.02.1932;1932
10273;15.02.1932;1932
10274;16.02.1932;1932
10275;17.02.1932;1932
10276;18.02.1932;1932
10277;19.02.1932;1932
10278;20.02.1932;1932
10279;21.02.1932;1932
10280;22.02.1932;1932
10281;23.02.1932;1932
10282;24.02.1932;1932
10283;25.02.1932;1932
10284;26.02.1932;1932
10285;27.02.1932;1932
10286;28.02.1932;1932
10287;29.02.1932;1932
10288;01.03.1932;1932
10289;02.03.1932;1932
10290;03.03.1932;1932
10291;04.03.1932;1932
10292;05.03.1932;1932
10293;06.03.1932;1932
10294;07.03.1932;1932
10295;08.03.1932;1932
10296;09.03.1932;1932
10297;10.03.1932;1932
10298;11.03.1932;1932
10299;12.03.1932;1932
10300;13.03.1932;1932
10301;14.03.1932;1932
10302;15.03.1932;1932
10303;16.03.1932;1932
10304;17.03.1932;1932
10305;18.03.1932;1932
10306;19.03.1932;1932
10307;20.03.1932;1932
10308;21.03.1932;1932
10309;22.03.1932;1932
10310;23.03.1932;1932
10311;24.03.1932;1932
10312;25.03.1932;1932
10313;26.03.1932;1932
10314;27.03.1932;1932
10315;28.03.1932;1932
10316;29.03.1932;1932
10317;30.03.1932;1932
10318;31.03.1932;1932
10319;01.04.1932;1932
10320;02.04.1932;1932
10321;03.04.1932;1932
10322;04.04.1932;1932
10323;05.04.1932;1932
10324;06.04.1932;1932
10325;07.04.1932;1932
10326;08.04.1932;1932
10327;09.04.1932;1932
10328;10.04.1932;1932
10329;11.04.1932;1932
10330;12.04.1932;1932
10331;13.04.1932;1932
10332;14.04.1932;1932
10333;15.04.1932;1932
10334;16.04.1932;1932
10335;17.04.1932;1932
10336;18.04.1932;1932
10337;19.04.1932;1932
10338;20.04.1932;1932
10339;21.04.1932;1932
10340;22.04.1932;1932
10341;23.04.1932;1932
10342;24.04.1932;1932
10343;25.04.1932;1932
10344;26.04.1932;1932
10345;27.04.1932;1932
10346;28.04.1932;1932
10347;29.04.1932;1932
10348;30.04.1932;1932
10349;01.05.1932;1932
10350;02.05.1932;1932
10351;03.05.1932;1932
10352;04.05.1932;1932
10353;05.05.1932;1932
10354;06.05.1932;1932
10355;07.05.1932;1932
10356;08.05.1932;1932
10357;09.05.1932;1932
10358;10.05.1932;1932
10359;11.05.1932;1932
10360;12.05.1932;1932
10361;13.05.1932;1932
10362;14.05.1932;1932
10363;15.05.1932;1932
10364;16.05.1932;1932
10365;17.05.1932;1932
10366;18.05.1932;1932
10367;19.05.1932;1932
10368;20.05.1932;1932
10369;21.05.1932;1932
10370;22.05.1932;1932
10371;23.05.1932;1932
10372;24.05.1932;1932
10373;25.05.1932;1932
10374;26.05.1932;1932
10375;27.05.1932;1932
10376;28.05.1932;1932
10377;29.05.1932;1932
10378;30.05.1932;1932
10379;31.05.1932;1932
10380;01.06.1932;1932
10381;02.06.1932;1932
10382;03.06.1932;1932
10383;04.06.1932;1932
10384;05.06.1932;1932
10385;06.06.1932;1932
10386;07.06.1932;1932
10387;08.06.1932;1932
10388;09.06.1932;1932
10389;10.06.1932;1932
10390;11.06.1932;1932
10391;12.06.1932;1932
10392;13.06.1932;1932
10393;14.06.1932;1932
10394;15.06.1932;1932
10395;16.06.1932;1932
10396;17.06.1932;1932
10397;18.06.1932;1932
10398;19.06.1932;1932
10399;20.06.1932;1932
10400;21.06.1932;1932
10401;22.06.1932;1932
10402;23.06.1932;1932
10403;24.06.1932;1932
10404;25.06.1932;1932
10405;26.06.1932;1932
10406;27.06.1932;1932
10407;28.06.1932;1932
10408;29.06.1932;1932
10409;30.06.1932;1932
10410;01.07.1932;1932
10411;02.07.1932;1932
10412;03.07.1932;1932
10413;04.07.1932;1932
10414;05.07.1932;1932
10415;06.07.1932;1932
10416;07.07.1932;1932
10417;08.07.1932;1932
10418;09.07.1932;1932
10419;10.07.1932;1932
10420;11.07.1932;1932
10421;12.07.1932;1932
10422;13.07.1932;1932
10423;14.07.1932;1932
10424;15.07.1932;1932
10425;16.07.1932;1932
10426;17.07.1932;1932
10427;18.07.1932;1932
10428;19.07.1932;1932
10429;20.07.1932;1932
10430;21.07.1932;1932
10431;22.07.1932;1932
10432;23.07.1932;1932
10433;24.07.1932;1932
10434;25.07.1932;1932
10435;26.07.1932;1932
10436;27.07.1932;1932
10437;28.07.1932;1932
10438;29.07.1932;1932
10439;30.07.1932;1932
10440;31.07.1932;1932
10441;01.08.1932;1932
10442;02.08.1932;1932
10443;03.08.1932;1932
10444;04.08.1932;1932
10445;05.08.1932;1932
10446;06.08.1932;1932
10447;07.08.1932;1932
10448;08.08.1932;1932
10449;09.08.1932;1932
10450;10.08.1932;1932
10451;11.08.1932;1932
10452;12.08.1932;1932
10453;13.08.1932;1932
10454;14.08.1932;1932
10455;15.08.1932;1932
10456;16.08.1932;1932
10457;17.08.1932;1932
10458;18.08.1932;1932
10459;19.08.1932;1932
10460;20.08.1932;1932
10461;21.08.1932;1932
10462;22.08.1932;1932
10463;23.08.1932;1932
10464;24.08.1932;1932
10465;25.08.1932;1932
10466;26.08.1932;1932
10467;27.08.1932;1932
10468;28.08.1932;1932
10469;29.08.1932;1932
10470;30.08.1932;1932
10471;31.08.1932;1932
10472;01.09.1932;1932
10473;02.09.1932;1932
10474;03.09.1932;1932
10475;04.09.1932;1932
10476;05.09.1932;1932
10477;06.09.1932;1932
10478;07.09.1932;1932
10479;08.09.1932;1932
10480;09.09.1932;1932
10481;10.09.1932;1932
10482;11.09.1932;1932
10483;12.09.1932;1932
10484;13.09.1932;1932
10485;14.09.1932;1932
10486;15.09.1932;1932
10487;16.09.1932;1932
10488;17.09.1932;1932
10489;18.09.1932;1932
10490;19.09.1932;1932
10491;20.09.1932;1932
10492;21.09.1932;1932
10493;22.09.1932;1932
10494;23.09.1932;1932
10495;24.09.1932;1932
10496;25.09.1932;1932
10497;26.09.1932;1932
10498;27.09.1932;1932
10499;28.09.1932;1932
10500;29.09.1932;1932
10501;30.09.1932;1932
10502;01.10.1932;1932
10503;02.10.1932;1932
10504;03.10.1932;1932
10505;04.10.1932;1932
10506;05.10.1932;1932
10507;06.10.1932;1932
10508;07.10.1932;1932
10509;08.10.1932;1932
10510;09.10.1932;1932
10511;10.10.1932;1932
10512;11.10.1932;1932
10513;12.10.1932;1932
10514;13.10.1932;1932
10515;14.10.1932;1932
10516;15.10.1932;1932
10517;16.10.1932;1932
10518;17.10.1932;1932
10519;18.10.1932;1932
10520;19.10.1932;1932
10521;20.10.1932;1932
10522;21.10.1932;1932
10523;22.10.1932;1932
10524;23.10.1932;1932
10525;24.10.1932;1932
10526;25.10.1932;1932
10527;26.10.1932;1932
10528;27.10.1932;1932
10529;28.10.1932;1932
10530;29.10.1932;1932
10531;30.10.1932;1932
10532;31.10.1932;1932
10533;01.11.1932;1932
10534;02.11.1932;1932
10535;03.11.1932;1932
10536;04.11.1932;1932
10537;05.11.1932;1932
10538;06.11.1932;1932
10539;07.11.1932;1932
10540;08.11.1932;1932
10541;09.11.1932;1932
10542;10.11.1932;1932
10543;11.11.1932;1932
10544;12.11.1932;1932
10545;13.11.1932;1932
10546;14.11.1932;1932
10547;15.11.1932;1932
10548;16.11.1932;1932
10549;17.11.1932;1932
10550;18.11.1932;1932
10551;19.11.1932;1932
10552;20.11.1932;1932
10553;21.11.1932;1932
10554;22.11.1932;1932
10555;23.11.1932;1932
10556;24.11.1932;1932
10557;25.11.1932;1932
10558;26.11.1932;1932
10559;27.11.1932;1932
10560;28.11.1932;1932
10561;29.11.1932;1932
10562;30.11.1932;1932
10563;01.12.1932;1932
10564;02.12.1932;1932
10565;03.12.1932;1932
10566;04.12.1932;1932
10567;05.12.1932;1932
10568;06.12.1932;1932
10569;07.12.1932;1932
10570;08.12.1932;1932
10571;09.12.1932;1932
10572;10.12.1932;1932
10573;11.12.1932;1932
10574;12.12.1932;1932
10575;13.12.1932;1932
10576;14.12.1932;1932
10577;15.12.1932;1932
10578;16.12.1932;1932
10579;17.12.1932;1932
10580;18.12.1932;1932
10581;19.12.1932;1932
10582;20.12.1932;1932
10583;21.12.1932;1932
10584;22.12.1932;1932
10585;23.12.1932;1932
10586;24.12.1932;1932
10587;25.12.1932;1932
10588;26.12.1932;1932
10589;27.12.1932;1932
10590;28.12.1932;1932
10591;29.12.1932;1932
10592;30.12.1932;1932
10593;31.12.1932;1932
10594;01.01.1933;1933
10595;02.01.1933;1933
10596;03.01.1933;1933
10597;04.01.1933;1933
10598;05.01.1933;1933
10599;06.01.1933;1933
10600;07.01.1933;1933
10601;08.01.1933;1933
10602;09.01.1933;1933
10603;10.01.1933;1933
10604;11.01.1933;1933
10605;12.01.1933;1933
10606;13.01.1933;1933
10607;14.01.1933;1933
10608;15.01.1933;1933
10609;16.01.1933;1933
10610;17.01.1933;1933
10611;18.01.1933;1933
10612;19.01.1933;1933
10613;20.01.1933;1933
10614;21.01.1933;1933
10615;22.01.1933;1933
10616;23.01.1933;1933
10617;24.01.1933;1933
10618;25.01.1933;1933
10619;26.01.1933;1933
10620;27.01.1933;1933
10621;28.01.1933;1933
10622;29.01.1933;1933
10623;30.01.1933;1933
10624;31.01.1933;1933
10625;01.02.1933;1933
10626;02.02.1933;1933
10627;03.02.1933;1933
10628;04.02.1933;1933
10629;05.02.1933;1933
10630;06.02.1933;1933
10631;07.02.1933;1933
10632;08.02.1933;1933
10633;09.02.1933;1933
10634;10.02.1933;1933
10635;11.02.1933;1933
10636;12.02.1933;1933
10637;13.02.1933;1933
10638;14.02.1933;1933
10639;15.02.1933;1933
10640;16.02.1933;1933
10641;17.02.1933;1933
10642;18.02.1933;1933
10643;19.02.1933;1933
10644;20.02.1933;1933
10645;21.02.1933;1933
10646;22.02.1933;1933
10647;23.02.1933;1933
10648;24.02.1933;1933
10649;25.02.1933;1933
10650;26.02.1933;1933
10651;27.02.1933;1933
10652;28.02.1933;1933
10653;01.03.1933;1933
10654;02.03.1933;1933
10655;03.03.1933;1933
10656;04.03.1933;1933
10657;05.03.1933;1933
10658;06.03.1933;1933
10659;07.03.1933;1933
10660;08.03.1933;1933
10661;09.03.1933;1933
10662;10.03.1933;1933
10663;11.03.1933;1933
10664;12.03.1933;1933
10665;13.03.1933;1933
10666;14.03.1933;1933
10667;15.03.1933;1933
10668;16.03.1933;1933
10669;17.03.1933;1933
10670;18.03.1933;1933
10671;19.03.1933;1933
10672;20.03.1933;1933
10673;21.03.1933;1933
10674;22.03.1933;1933
10675;23.03.1933;1933
10676;24.03.1933;1933
10677;25.03.1933;1933
10678;26.03.1933;1933
10679;27.03.1933;1933
10680;28.03.1933;1933
10681;29.03.1933;1933
10682;30.03.1933;1933
10683;31.03.1933;1933
10684;01.04.1933;1933
10685;02.04.1933;1933
10686;03.04.1933;1933
10687;04.04.1933;1933
10688;05.04.1933;1933
10689;06.04.1933;1933
10690;07.04.1933;1933
10691;08.04.1933;1933
10692;09.04.1933;1933
10693;10.04.1933;1933
10694;11.04.1933;1933
10695;12.04.1933;1933
10696;13.04.1933;1933
10697;14.04.1933;1933
10698;15.04.1933;1933
10699;16.04.1933;1933
10700;17.04.1933;1933
10701;18.04.1933;1933
10702;19.04.1933;1933
10703;20.04.1933;1933
10704;21.04.1933;1933
10705;22.04.1933;1933
10706;23.04.1933;1933
10707;24.04.1933;1933
10708;25.04.1933;1933
10709;26.04.1933;1933
10710;27.04.1933;1933
10711;28.04.1933;1933
10712;29.04.1933;1933
10713;30.04.1933;1933
10714;01.05.1933;1933
10715;02.05.1933;1933
10716;03.05.1933;1933
10717;04.05.1933;1933
10718;05.05.1933;1933
10719;06.05.1933;1933
10720;07.05.1933;1933
10721;08.05.1933;1933
10722;09.05.1933;1933
10723;10.05.1933;1933
10724;11.05.1933;1933
10725;12.05.1933;1933
10726;13.05.1933;1933
10727;14.05.1933;1933
10728;15.05.1933;1933
10729;16.05.1933;1933
10730;17.05.1933;1933
10731;18.05.1933;1933
10732;19.05.1933;1933
10733;20.05.1933;1933
10734;21.05.1933;1933
10735;22.05.1933;1933
10736;23.05.1933;1933
10737;24.05.1933;1933
10738;25.05.1933;1933
10739;26.05.1933;1933
10740;27.05.1933;1933
10741;28.05.1933;1933
10742;29.05.1933;1933
10743;30.05.1933;1933
10744;31.05.1933;1933
10745;01.06.1933;1933
10746;02.06.1933;1933
10747;03.06.1933;1933
10748;04.06.1933;1933
10749;05.06.1933;1933
10750;06.06.1933;1933
10751;07.06.1933;1933
10752;08.06.1933;1933
10753;09.06.1933;1933
10754;10.06.1933;1933
10755;11.06.1933;1933
10756;12.06.1933;1933
10757;13.06.1933;1933
10758;14.06.1933;1933
10759;15.06.1933;1933
10760;16.06.1933;1933
10761;17.06.1933;1933
10762;18.06.1933;1933
10763;19.06.1933;1933
10764;20.06.1933;1933
10765;21.06.1933;1933
10766;22.06.1933;1933
10767;23.06.1933;1933
10768;24.06.1933;1933
10769;25.06.1933;1933
10770;26.06.1933;1933
10771;27.06.1933;1933
10772;28.06.1933;1933
10773;29.06.1933;1933
10774;30.06.1933;1933
10775;01.07.1933;1933
10776;02.07.1933;1933
10777;03.07.1933;1933
10778;04.07.1933;1933
10779;05.07.1933;1933
10780;06.07.1933;1933
10781;07.07.1933;1933
10782;08.07.1933;1933
10783;09.07.1933;1933
10784;10.07.1933;1933
10785;11.07.1933;1933
10786;12.07.1933;1933
10787;13.07.1933;1933
10788;14.07.1933;1933
10789;15.07.1933;1933
10790;16.07.1933;1933
10791;17.07.1933;1933
10792;18.07.1933;1933
10793;19.07.1933;1933
10794;20.07.1933;1933
10795;21.07.1933;1933
10796;22.07.1933;1933
10797;23.07.1933;1933
10798;24.07.1933;1933
10799;25.07.1933;1933
10800;26.07.1933;1933
10801;27.07.1933;1933
10802;28.07.1933;1933
10803;29.07.1933;1933
10804;30.07.1933;1933
10805;31.07.1933;1933
10806;01.08.1933;1933
10807;02.08.1933;1933
10808;03.08.1933;1933
10809;04.08.1933;1933
10810;05.08.1933;1933
10811;06.08.1933;1933
10812;07.08.1933;1933
10813;08.08.1933;1933
10814;09.08.1933;1933
10815;10.08.1933;1933
10816;11.08.1933;1933
10817;12.08.1933;1933
10818;13.08.1933;1933
10819;14.08.1933;1933
10820;15.08.1933;1933
10821;16.08.1933;1933
10822;17.08.1933;1933
10823;18.08.1933;1933
10824;19.08.1933;1933
10825;20.08.1933;1933
10826;21.08.1933;1933
10827;22.08.1933;1933
10828;23.08.1933;1933
10829;24.08.1933;1933
10830;25.08.1933;1933
10831;26.08.1933;1933
10832;27.08.1933;1933
10833;28.08.1933;1933
10834;29.08.1933;1933
10835;30.08.1933;1933
10836;31.08.1933;1933
10837;01.09.1933;1933
10838;02.09.1933;1933
10839;03.09.1933;1933
10840;04.09.1933;1933
10841;05.09.1933;1933
10842;06.09.1933;1933
10843;07.09.1933;1933
10844;08.09.1933;1933
10845;09.09.1933;1933
10846;10.09.1933;1933
10847;11.09.1933;1933
10848;12.09.1933;1933
10849;13.09.1933;1933
10850;14.09.1933;1933
10851;15.09.1933;1933
10852;16.09.1933;1933
10853;17.09.1933;1933
10854;18.09.1933;1933
10855;19.09.1933;1933
10856;20.09.1933;1933
10857;21.09.1933;1933
10858;22.09.1933;1933
10859;23.09.1933;1933
10860;24.09.1933;1933
10861;25.09.1933;1933
10862;26.09.1933;1933
10863;27.09.1933;1933
10864;28.09.1933;1933
10865;29.09.1933;1933
10866;30.09.1933;1933
10867;01.10.1933;1933
10868;02.10.1933;1933
10869;03.10.1933;1933
10870;04.10.1933;1933
10871;05.10.1933;1933
10872;06.10.1933;1933
10873;07.10.1933;1933
10874;08.10.1933;1933
10875;09.10.1933;1933
10876;10.10.1933;1933
10877;11.10.1933;1933
10878;12.10.1933;1933
10879;13.10.1933;1933
10880;14.10.1933;1933
10881;15.10.1933;1933
10882;16.10.1933;1933
10883;17.10.1933;1933
10884;18.10.1933;1933
10885;19.10.1933;1933
10886;20.10.1933;1933
10887;21.10.1933;1933
10888;22.10.1933;1933
10889;23.10.1933;1933
10890;24.10.1933;1933
10891;25.10.1933;1933
10892;26.10.1933;1933
10893;27.10.1933;1933
10894;28.10.1933;1933
10895;29.10.1933;1933
10896;30.10.1933;1933
10897;31.10.1933;1933
10898;01.11.1933;1933
10899;02.11.1933;1933
10900;03.11.1933;1933
10901;04.11.1933;1933
10902;05.11.1933;1933
10903;06.11.1933;1933
10904;07.11.1933;1933
10905;08.11.1933;1933
10906;09.11.1933;1933
10907;10.11.1933;1933
10908;11.11.1933;1933
10909;12.11.1933;1933
10910;13.11.1933;1933
10911;14.11.1933;1933
10912;15.11.1933;1933
10913;16.11.1933;1933
10914;17.11.1933;1933
10915;18.11.1933;1933
10916;19.11.1933;1933
10917;20.11.1933;1933
10918;21.11.1933;1933
10919;22.11.1933;1933
10920;23.11.1933;1933
10921;24.11.1933;1933
10922;25.11.1933;1933
10923;26.11.1933;1933
10924;27.11.1933;1933
10925;28.11.1933;1933
10926;29.11.1933;1933
10927;30.11.1933;1933
10928;01.12.1933;1933
10929;02.12.1933;1933
10930;03.12.1933;1933
10931;04.12.1933;1933
10932;05.12.1933;1933
10933;06.12.1933;1933
10934;07.12.1933;1933
10935;08.12.1933;1933
10936;09.12.1933;1933
10937;10.12.1933;1933
10938;11.12.1933;1933
10939;12.12.1933;1933
10940;13.12.1933;1933
10941;14.12.1933;1933
10942;15.12.1933;1933
10943;16.12.1933;1933
10944;17.12.1933;1933
10945;18.12.1933;1933
10946;19.12.1933;1933
10947;20.12.1933;1933
10948;21.12.1933;1933
10949;22.12.1933;1933
10950;23.12.1933;1933
10951;24.12.1933;1933
10952;25.12.1933;1933
10953;26.12.1933;1933
10954;27.12.1933;1933
10955;28.12.1933;1933
10956;29.12.1933;1933
10957;30.12.1933;1933
10958;31.12.1933;1933
10959;01.01.1934;1934
10960;02.01.1934;1934
10961;03.01.1934;1934
10962;04.01.1934;1934
10963;05.01.1934;1934
10964;06.01.1934;1934
10965;07.01.1934;1934
10966;08.01.1934;1934
10967;09.01.1934;1934
10968;10.01.1934;1934
10969;11.01.1934;1934
10970;12.01.1934;1934
10971;13.01.1934;1934
10972;14.01.1934;1934
10973;15.01.1934;1934
10974;16.01.1934;1934
10975;17.01.1934;1934
10976;18.01.1934;1934
10977;19.01.1934;1934
10978;20.01.1934;1934
10979;21.01.1934;1934
10980;22.01.1934;1934
10981;23.01.1934;1934
10982;24.01.1934;1934
10983;25.01.1934;1934
10984;26.01.1934;1934
10985;27.01.1934;1934
10986;28.01.1934;1934
10987;29.01.1934;1934
10988;30.01.1934;1934
10989;31.01.1934;1934
10990;01.02.1934;1934
10991;02.02.1934;1934
10992;03.02.1934;1934
10993;04.02.1934;1934
10994;05.02.1934;1934
10995;06.02.1934;1934
10996;07.02.1934;1934
10997;08.02.1934;1934
10998;09.02.1934;1934
10999;10.02.1934;1934
11000;11.02.1934;1934
11001;12.02.1934;1934
11002;13.02.1934;1934
11003;14.02.1934;1934
11004;15.02.1934;1934
11005;16.02.1934;1934
11006;17.02.1934;1934
11007;18.02.1934;1934
11008;19.02.1934;1934
11009;20.02.1934;1934
11010;21.02.1934;1934
11011;22.02.1934;1934
11012;23.02.1934;1934
11013;24.02.1934;1934
11014;25.02.1934;1934
11015;26.02.1934;1934
11016;27.02.1934;1934
11017;28.02.1934;1934
11018;01.03.1934;1934
11019;02.03.1934;1934
11020;03.03.1934;1934
11021;04.03.1934;1934
11022;05.03.1934;1934
11023;06.03.1934;1934
11024;07.03.1934;1934
11025;08.03.1934;1934
11026;09.03.1934;1934
11027;10.03.1934;1934
11028;11.03.1934;1934
11029;12.03.1934;1934
11030;13.03.1934;1934
11031;14.03.1934;1934
11032;15.03.1934;1934
11033;16.03.1934;1934
11034;17.03.1934;1934
11035;18.03.1934;1934
11036;19.03.1934;1934
11037;20.03.1934;1934
11038;21.03.1934;1934
11039;22.03.1934;1934
11040;23.03.1934;1934
11041;24.03.1934;1934
11042;25.03.1934;1934
11043;26.03.1934;1934
11044;27.03.1934;1934
11045;28.03.1934;1934
11046;29.03.1934;1934
11047;30.03.1934;1934
11048;31.03.1934;1934
11049;01.04.1934;1934
11050;02.04.1934;1934
11051;03.04.1934;1934
11052;04.04.1934;1934
11053;05.04.1934;1934
11054;06.04.1934;1934
11055;07.04.1934;1934
11056;08.04.1934;1934
11057;09.04.1934;1934
11058;10.04.1934;1934
11059;11.04.1934;1934
11060;12.04.1934;1934
11061;13.04.1934;1934
11062;14.04.1934;1934
11063;15.04.1934;1934
11064;16.04.1934;1934
11065;17.04.1934;1934
11066;18.04.1934;1934
11067;19.04.1934;1934
11068;20.04.1934;1934
11069;21.04.1934;1934
11070;22.04.1934;1934
11071;23.04.1934;1934
11072;24.04.1934;1934
11073;25.04.1934;1934
11074;26.04.1934;1934
11075;27.04.1934;1934
11076;28.04.1934;1934
11077;29.04.1934;1934
11078;30.04.1934;1934
11079;01.05.1934;1934
11080;02.05.1934;1934
11081;03.05.1934;1934
11082;04.05.1934;1934
11083;05.05.1934;1934
11084;06.05.1934;1934
11085;07.05.1934;1934
11086;08.05.1934;1934
11087;09.05.1934;1934
11088;10.05.1934;1934
11089;11.05.1934;1934
11090;12.05.1934;1934
11091;13.05.1934;1934
11092;14.05.1934;1934
11093;15.05.1934;1934
11094;16.05.1934;1934
11095;17.05.1934;1934
11096;18.05.1934;1934
11097;19.05.1934;1934
11098;20.05.1934;1934
11099;21.05.1934;1934
11100;22.05.1934;1934
11101;23.05.1934;1934
11102;24.05.1934;1934
11103;25.05.1934;1934
11104;26.05.1934;1934
11105;27.05.1934;1934
11106;28.05.1934;1934
11107;29.05.1934;1934
11108;30.05.1934;1934
11109;31.05.1934;1934
11110;01.06.1934;1934
11111;02.06.1934;1934
11112;03.06.1934;1934
11113;04.06.1934;1934
11114;05.06.1934;1934
11115;06.06.1934;1934
11116;07.06.1934;1934
11117;08.06.1934;1934
11118;09.06.1934;1934
11119;10.06.1934;1934
11120;11.06.1934;1934
11121;12.06.1934;1934
11122;13.06.1934;1934
11123;14.06.1934;1934
11124;15.06.1934;1934
11125;16.06.1934;1934
11126;17.06.1934;1934
11127;18.06.1934;1934
11128;19.06.1934;1934
11129;20.06.1934;1934
11130;21.06.1934;1934
11131;22.06.1934;1934
11132;23.06.1934;1934
11133;24.06.1934;1934
11134;25.06.1934;1934
11135;26.06.1934;1934
11136;27.06.1934;1934
11137;28.06.1934;1934
11138;29.06.1934;1934
11139;30.06.1934;1934
11140;01.07.1934;1934
11141;02.07.1934;1934
11142;03.07.1934;1934
11143;04.07.1934;1934
11144;05.07.1934;1934
11145;06.07.1934;1934
11146;07.07.1934;1934
11147;08.07.1934;1934
11148;09.07.1934;1934
11149;10.07.1934;1934
11150;11.07.1934;1934
11151;12.07.1934;1934
11152;13.07.1934;1934
11153;14.07.1934;1934
11154;15.07.1934;1934
11155;16.07.1934;1934
11156;17.07.1934;1934
11157;18.07.1934;1934
11158;19.07.1934;1934
11159;20.07.1934;1934
11160;21.07.1934;1934
11161;22.07.1934;1934
11162;23.07.1934;1934
11163;24.07.1934;1934
11164;25.07.1934;1934
11165;26.07.1934;1934
11166;27.07.1934;1934
11167;28.07.1934;1934
11168;29.07.1934;1934
11169;30.07.1934;1934
11170;31.07.1934;1934
11171;01.08.1934;1934
11172;02.08.1934;1934
11173;03.08.1934;1934
11174;04.08.1934;1934
11175;05.08.1934;1934
11176;06.08.1934;1934
11177;07.08.1934;1934
11178;08.08.1934;1934
11179;09.08.1934;1934
11180;10.08.1934;1934
11181;11.08.1934;1934
11182;12.08.1934;1934
11183;13.08.1934;1934
11184;14.08.1934;1934
11185;15.08.1934;1934
11186;16.08.1934;1934
11187;17.08.1934;1934
11188;18.08.1934;1934
11189;19.08.1934;1934
11190;20.08.1934;1934
11191;21.08.1934;1934
11192;22.08.1934;1934
11193;23.08.1934;1934
11194;24.08.1934;1934
11195;25.08.1934;1934
11196;26.08.1934;1934
11197;27.08.1934;1934
11198;28.08.1934;1934
11199;29.08.1934;1934
11200;30.08.1934;1934
11201;31.08.1934;1934
11202;01.09.1934;1934
11203;02.09.1934;1934
11204;03.09.1934;1934
11205;04.09.1934;1934
11206;05.09.1934;1934
11207;06.09.1934;1934
11208;07.09.1934;1934
11209;08.09.1934;1934
11210;09.09.1934;1934
11211;10.09.1934;1934
11212;11.09.1934;1934
11213;12.09.1934;1934
11214;13.09.1934;1934
11215;14.09.1934;1934
11216;15.09.1934;1934
11217;16.09.1934;1934
11218;17.09.1934;1934
11219;18.09.1934;1934
11220;19.09.1934;1934
11221;20.09.1934;1934
11222;21.09.1934;1934
11223;22.09.1934;1934
11224;23.09.1934;1934
11225;24.09.1934;1934
11226;25.09.1934;1934
11227;26.09.1934;1934
11228;27.09.1934;1934
11229;28.09.1934;1934
11230;29.09.1934;1934
11231;30.09.1934;1934
11232;01.10.1934;1934
11233;02.10.1934;1934
11234;03.10.1934;1934
11235;04.10.1934;1934
11236;05.10.1934;1934
11237;06.10.1934;1934
11238;07.10.1934;1934
11239;08.10.1934;1934
11240;09.10.1934;1934
11241;10.10.1934;1934
11242;11.10.1934;1934
11243;12.10.1934;1934
11244;13.10.1934;1934
11245;14.10.1934;1934
11246;15.10.1934;1934
11247;16.10.1934;1934
11248;17.10.1934;1934
11249;18.10.1934;1934
11250;19.10.1934;1934
11251;20.10.1934;1934
11252;21.10.1934;1934
11253;22.10.1934;1934
11254;23.10.1934;1934
11255;24.10.1934;1934
11256;25.10.1934;1934
11257;26.10.1934;1934
11258;27.10.1934;1934
11259;28.10.1934;1934
11260;29.10.1934;1934
11261;30.10.1934;1934
11262;31.10.1934;1934
11263;01.11.1934;1934
11264;02.11.1934;1934
11265;03.11.1934;1934
11266;04.11.1934;1934
11267;05.11.1934;1934
11268;06.11.1934;1934
11269;07.11.1934;1934
11270;08.11.1934;1934
11271;09.11.1934;1934
11272;10.11.1934;1934
11273;11.11.1934;1934
11274;12.11.1934;1934
11275;13.11.1934;1934
11276;14.11.1934;1934
11277;15.11.1934;1934
11278;16.11.1934;1934
11279;17.11.1934;1934
11280;18.11.1934;1934
11281;19.11.1934;1934
11282;20.11.1934;1934
11283;21.11.1934;1934
11284;22.11.1934;1934
11285;23.11.1934;1934
11286;24.11.1934;1934
11287;25.11.1934;1934
11288;26.11.1934;1934
11289;27.11.1934;1934
11290;28.11.1934;1934
11291;29.11.1934;1934
11292;30.11.1934;1934
11293;01.12.1934;1934
11294;02.12.1934;1934
11295;03.12.1934;1934
11296;04.12.1934;1934
11297;05.12.1934;1934
11298;06.12.1934;1934
11299;07.12.1934;1934
11300;08.12.1934;1934
11301;09.12.1934;1934
11302;10.12.1934;1934
11303;11.12.1934;1934
11304;12.12.1934;1934
11305;13.12.1934;1934
11306;14.12.1934;1934
11307;15.12.1934;1934
11308;16.12.1934;1934
11309;17.12.1934;1934
11310;18.12.1934;1934
11311;19.12.1934;1934
11312;20.12.1934;1934
11313;21.12.1934;1934
11314;22.12.1934;1934
11315;23.12.1934;1934
11316;24.12.1934;1934
11317;25.12.1934;1934
11318;26.12.1934;1934
11319;27.12.1934;1934
11320;28.12.1934;1934
11321;29.12.1934;1934
11322;30.12.1934;1934
11323;31.12.1934;1934
11324;01.01.1935;1935
11325;02.01.1935;1935
11326;03.01.1935;1935
11327;04.01.1935;1935
11328;05.01.1935;1935
11329;06.01.1935;1935
11330;07.01.1935;1935
11331;08.01.1935;1935
11332;09.01.1935;1935
11333;10.01.1935;1935
11334;11.01.1935;1935
11335;12.01.1935;1935
11336;13.01.1935;1935
11337;14.01.1935;1935
11338;15.01.1935;1935
11339;16.01.1935;1935
11340;17.01.1935;1935
11341;18.01.1935;1935
11342;19.01.1935;1935
11343;20.01.1935;1935
11344;21.01.1935;1935
11345;22.01.1935;1935
11346;23.01.1935;1935
11347;24.01.1935;1935
11348;25.01.1935;1935
11349;26.01.1935;1935
11350;27.01.1935;1935
11351;28.01.1935;1935
11352;29.01.1935;1935
11353;30.01.1935;1935
11354;31.01.1935;1935
11355;01.02.1935;1935
11356;02.02.1935;1935
11357;03.02.1935;1935
11358;04.02.1935;1935
11359;05.02.1935;1935
11360;06.02.1935;1935
11361;07.02.1935;1935
11362;08.02.1935;1935
11363;09.02.1935;1935
11364;10.02.1935;1935
11365;11.02.1935;1935
11366;12.02.1935;1935
11367;13.02.1935;1935
11368;14.02.1935;1935
11369;15.02.1935;1935
11370;16.02.1935;1935
11371;17.02.1935;1935
11372;18.02.1935;1935
11373;19.02.1935;1935
11374;20.02.1935;1935
11375;21.02.1935;1935
11376;22.02.1935;1935
11377;23.02.1935;1935
11378;24.02.1935;1935
11379;25.02.1935;1935
11380;26.02.1935;1935
11381;27.02.1935;1935
11382;28.02.1935;1935
11383;01.03.1935;1935
11384;02.03.1935;1935
11385;03.03.1935;1935
11386;04.03.1935;1935
11387;05.03.1935;1935
11388;06.03.1935;1935
11389;07.03.1935;1935
11390;08.03.1935;1935
11391;09.03.1935;1935
11392;10.03.1935;1935
11393;11.03.1935;1935
11394;12.03.1935;1935
11395;13.03.1935;1935
11396;14.03.1935;1935
11397;15.03.1935;1935
11398;16.03.1935;1935
11399;17.03.1935;1935
11400;18.03.1935;1935
11401;19.03.1935;1935
11402;20.03.1935;1935
11403;21.03.1935;1935
11404;22.03.1935;1935
11405;23.03.1935;1935
11406;24.03.1935;1935
11407;25.03.1935;1935
11408;26.03.1935;1935
11409;27.03.1935;1935
11410;28.03.1935;1935
11411;29.03.1935;1935
11412;30.03.1935;1935
11413;31.03.1935;1935
11414;01.04.1935;1935
11415;02.04.1935;1935
11416;03.04.1935;1935
11417;04.04.1935;1935
11418;05.04.1935;1935
11419;06.04.1935;1935
11420;07.04.1935;1935
11421;08.04.1935;1935
11422;09.04.1935;1935
11423;10.04.1935;1935
11424;11.04.1935;1935
11425;12.04.1935;1935
11426;13.04.1935;1935
11427;14.04.1935;1935
11428;15.04.1935;1935
11429;16.04.1935;1935
11430;17.04.1935;1935
11431;18.04.1935;1935
11432;19.04.1935;1935
11433;20.04.1935;1935
11434;21.04.1935;1935
11435;22.04.1935;1935
11436;23.04.1935;1935
11437;24.04.1935;1935
11438;25.04.1935;1935
11439;26.04.1935;1935
11440;27.04.1935;1935
11441;28.04.1935;1935
11442;29.04.1935;1935
11443;30.04.1935;1935
11444;01.05.1935;1935
11445;02.05.1935;1935
11446;03.05.1935;1935
11447;04.05.1935;1935
11448;05.05.1935;1935
11449;06.05.1935;1935
11450;07.05.1935;1935
11451;08.05.1935;1935
11452;09.05.1935;1935
11453;10.05.1935;1935
11454;11.05.1935;1935
11455;12.05.1935;1935
11456;13.05.1935;1935
11457;14.05.1935;1935
11458;15.05.1935;1935
11459;16.05.1935;1935
11460;17.05.1935;1935
11461;18.05.1935;1935
11462;19.05.1935;1935
11463;20.05.1935;1935
11464;21.05.1935;1935
11465;22.05.1935;1935
11466;23.05.1935;1935
11467;24.05.1935;1935
11468;25.05.1935;1935
11469;26.05.1935;1935
11470;27.05.1935;1935
11471;28.05.1935;1935
11472;29.05.1935;1935
11473;30.05.1935;1935
11474;31.05.1935;1935
11475;01.06.1935;1935
11476;02.06.1935;1935
11477;03.06.1935;1935
11478;04.06.1935;1935
11479;05.06.1935;1935
11480;06.06.1935;1935
11481;07.06.1935;1935
11482;08.06.1935;1935
11483;09.06.1935;1935
11484;10.06.1935;1935
11485;11.06.1935;1935
11486;12.06.1935;1935
11487;13.06.1935;1935
11488;14.06.1935;1935
11489;15.06.1935;1935
11490;16.06.1935;1935
11491;17.06.1935;1935
11492;18.06.1935;1935
11493;19.06.1935;1935
11494;20.06.1935;1935
11495;21.06.1935;1935
11496;22.06.1935;1935
11497;23.06.1935;1935
11498;24.06.1935;1935
11499;25.06.1935;1935
11500;26.06.1935;1935
11501;27.06.1935;1935
11502;28.06.1935;1935
11503;29.06.1935;1935
11504;30.06.1935;1935
11505;01.07.1935;1935
11506;02.07.1935;1935
11507;03.07.1935;1935
11508;04.07.1935;1935
11509;05.07.1935;1935
11510;06.07.1935;1935
11511;07.07.1935;1935
11512;08.07.1935;1935
11513;09.07.1935;1935
11514;10.07.1935;1935
11515;11.07.1935;1935
11516;12.07.1935;1935
11517;13.07.1935;1935
11518;14.07.1935;1935
11519;15.07.1935;1935
11520;16.07.1935;1935
11521;17.07.1935;1935
11522;18.07.1935;1935
11523;19.07.1935;1935
11524;20.07.1935;1935
11525;21.07.1935;1935
11526;22.07.1935;1935
11527;23.07.1935;1935
11528;24.07.1935;1935
11529;25.07.1935;1935
11530;26.07.1935;1935
11531;27.07.1935;1935
11532;28.07.1935;1935
11533;29.07.1935;1935
11534;30.07.1935;1935
11535;31.07.1935;1935
11536;01.08.1935;1935
11537;02.08.1935;1935
11538;03.08.1935;1935
11539;04.08.1935;1935
11540;05.08.1935;1935
11541;06.08.1935;1935
11542;07.08.1935;1935
11543;08.08.1935;1935
11544;09.08.1935;1935
11545;10.08.1935;1935
11546;11.08.1935;1935
11547;12.08.1935;1935
11548;13.08.1935;1935
11549;14.08.1935;1935
11550;15.08.1935;1935
11551;16.08.1935;1935
11552;17.08.1935;1935
11553;18.08.1935;1935
11554;19.08.1935;1935
11555;20.08.1935;1935
11556;21.08.1935;1935
11557;22.08.1935;1935
11558;23.08.1935;1935
11559;24.08.1935;1935
11560;25.08.1935;1935
11561;26.08.1935;1935
11562;27.08.1935;1935
11563;28.08.1935;1935
11564;29.08.1935;1935
11565;30.08.1935;1935
11566;31.08.1935;1935
11567;01.09.1935;1935
11568;02.09.1935;1935
11569;03.09.1935;1935
11570;04.09.1935;1935
11571;05.09.1935;1935
11572;06.09.1935;1935
11573;07.09.1935;1935
11574;08.09.1935;1935
11575;09.09.1935;1935
11576;10.09.1935;1935
11577;11.09.1935;1935
11578;12.09.1935;1935
11579;13.09.1935;1935
11580;14.09.1935;1935
11581;15.09.1935;1935
11582;16.09.1935;1935
11583;17.09.1935;1935
11584;18.09.1935;1935
11585;19.09.1935;1935
11586;20.09.1935;1935
11587;21.09.1935;1935
11588;22.09.1935;1935
11589;23.09.1935;1935
11590;24.09.1935;1935
11591;25.09.1935;1935
11592;26.09.1935;1935
11593;27.09.1935;1935
11594;28.09.1935;1935
11595;29.09.1935;1935
11596;30.09.1935;1935
11597;01.10.1935;1935
11598;02.10.1935;1935
11599;03.10.1935;1935
11600;04.10.1935;1935
11601;05.10.1935;1935
11602;06.10.1935;1935
11603;07.10.1935;1935
11604;08.10.1935;1935
11605;09.10.1935;1935
11606;10.10.1935;1935
11607;11.10.1935;1935
11608;12.10.1935;1935
11609;13.10.1935;1935
11610;14.10.1935;1935
11611;15.10.1935;1935
11612;16.10.1935;1935
11613;17.10.1935;1935
11614;18.10.1935;1935
11615;19.10.1935;1935
11616;20.10.1935;1935
11617;21.10.1935;1935
11618;22.10.1935;1935
11619;23.10.1935;1935
11620;24.10.1935;1935
11621;25.10.1935;1935
11622;26.10.1935;1935
11623;27.10.1935;1935
11624;28.10.1935;1935
11625;29.10.1935;1935
11626;30.10.1935;1935
11627;31.10.1935;1935
11628;01.11.1935;1935
11629;02.11.1935;1935
11630;03.11.1935;1935
11631;04.11.1935;1935
11632;05.11.1935;1935
11633;06.11.1935;1935
11634;07.11.1935;1935
11635;08.11.1935;1935
11636;09.11.1935;1935
11637;10.11.1935;1935
11638;11.11.1935;1935
11639;12.11.1935;1935
11640;13.11.1935;1935
11641;14.11.1935;1935
11642;15.11.1935;1935
11643;16.11.1935;1935
11644;17.11.1935;1935
11645;18.11.1935;1935
11646;19.11.1935;1935
11647;20.11.1935;1935
11648;21.11.1935;1935
11649;22.11.1935;1935
11650;23.11.1935;1935
11651;24.11.1935;1935
11652;25.11.1935;1935
11653;26.11.1935;1935
11654;27.11.1935;1935
11655;28.11.1935;1935
11656;29.11.1935;1935
11657;30.11.1935;1935
11658;01.12.1935;1935
11659;02.12.1935;1935
11660;03.12.1935;1935
11661;04.12.1935;1935
11662;05.12.1935;1935
11663;06.12.1935;1935
11664;07.12.1935;1935
11665;08.12.1935;1935
11666;09.12.1935;1935
11667;10.12.1935;1935
11668;11.12.1935;1935
11669;12.12.1935;1935
11670;13.12.1935;1935
11671;14.12.1935;1935
11672;15.12.1935;1935
11673;16.12.1935;1935
11674;17.12.1935;1935
11675;18.12.1935;1935
11676;19.12.1935;1935
11677;20.12.1935;1935
11678;21.12.1935;1935
11679;22.12.1935;1935
11680;23.12.1935;1935
11681;24.12.1935;1935
11682;25.12.1935;1935
11683;26.12.1935;1935
11684;27.12.1935;1935
11685;28.12.1935;1935
11686;29.12.1935;1935
11687;30.12.1935;1935
11688;31.12.1935;1935
11689;01.01.1936;1936
11690;02.01.1936;1936
11691;03.01.1936;1936
11692;04.01.1936;1936
11693;05.01.1936;1936
11694;06.01.1936;1936
11695;07.01.1936;1936
11696;08.01.1936;1936
11697;09.01.1936;1936
11698;10.01.1936;1936
11699;11.01.1936;1936
11700;12.01.1936;1936
11701;13.01.1936;1936
11702;14.01.1936;1936
11703;15.01.1936;1936
11704;16.01.1936;1936
11705;17.01.1936;1936
11706;18.01.1936;1936
11707;19.01.1936;1936
11708;20.01.1936;1936
11709;21.01.1936;1936
11710;22.01.1936;1936
11711;23.01.1936;1936
11712;24.01.1936;1936
11713;25.01.1936;1936
11714;26.01.1936;1936
11715;27.01.1936;1936
11716;28.01.1936;1936
11717;29.01.1936;1936
11718;30.01.1936;1936
11719;31.01.1936;1936
11720;01.02.1936;1936
11721;02.02.1936;1936
11722;03.02.1936;1936
11723;04.02.1936;1936
11724;05.02.1936;1936
11725;06.02.1936;1936
11726;07.02.1936;1936
11727;08.02.1936;1936
11728;09.02.1936;1936
11729;10.02.1936;1936
11730;11.02.1936;1936
11731;12.02.1936;1936
11732;13.02.1936;1936
11733;14.02.1936;1936
11734;15.02.1936;1936
11735;16.02.1936;1936
11736;17.02.1936;1936
11737;18.02.1936;1936
11738;19.02.1936;1936
11739;20.02.1936;1936
11740;21.02.1936;1936
11741;22.02.1936;1936
11742;23.02.1936;1936
11743;24.02.1936;1936
11744;25.02.1936;1936
11745;26.02.1936;1936
11746;27.02.1936;1936
11747;28.02.1936;1936
11748;29.02.1936;1936
11749;01.03.1936;1936
11750;02.03.1936;1936
11751;03.03.1936;1936
11752;04.03.1936;1936
11753;05.03.1936;1936
11754;06.03.1936;1936
11755;07.03.1936;1936
11756;08.03.1936;1936
11757;09.03.1936;1936
11758;10.03.1936;1936
11759;11.03.1936;1936
11760;12.03.1936;1936
11761;13.03.1936;1936
11762;14.03.1936;1936
11763;15.03.1936;1936
11764;16.03.1936;1936
11765;17.03.1936;1936
11766;18.03.1936;1936
11767;19.03.1936;1936
11768;20.03.1936;1936
11769;21.03.1936;1936
11770;22.03.1936;1936
11771;23.03.1936;1936
11772;24.03.1936;1936
11773;25.03.1936;1936
11774;26.03.1936;1936
11775;27.03.1936;1936
11776;28.03.1936;1936
11777;29.03.1936;1936
11778;30.03.1936;1936
11779;31.03.1936;1936
11780;01.04.1936;1936
11781;02.04.1936;1936
11782;03.04.1936;1936
11783;04.04.1936;1936
11784;05.04.1936;1936
11785;06.04.1936;1936
11786;07.04.1936;1936
11787;08.04.1936;1936
11788;09.04.1936;1936
11789;10.04.1936;1936
11790;11.04.1936;1936
11791;12.04.1936;1936
11792;13.04.1936;1936
11793;14.04.1936;1936
11794;15.04.1936;1936
11795;16.04.1936;1936
11796;17.04.1936;1936
11797;18.04.1936;1936
11798;19.04.1936;1936
11799;20.04.1936;1936
11800;21.04.1936;1936
11801;22.04.1936;1936
11802;23.04.1936;1936
11803;24.04.1936;1936
11804;25.04.1936;1936
11805;26.04.1936;1936
11806;27.04.1936;1936
11807;28.04.1936;1936
11808;29.04.1936;1936
11809;30.04.1936;1936
11810;01.05.1936;1936
11811;02.05.1936;1936
11812;03.05.1936;1936
11813;04.05.1936;1936
11814;05.05.1936;1936
11815;06.05.1936;1936
11816;07.05.1936;1936
11817;08.05.1936;1936
11818;09.05.1936;1936
11819;10.05.1936;1936
11820;11.05.1936;1936
11821;12.05.1936;1936
11822;13.05.1936;1936
11823;14.05.1936;1936
11824;15.05.1936;1936
11825;16.05.1936;1936
11826;17.05.1936;1936
11827;18.05.1936;1936
11828;19.05.1936;1936
11829;20.05.1936;1936
11830;21.05.1936;1936
11831;22.05.1936;1936
11832;23.05.1936;1936
11833;24.05.1936;1936
11834;25.05.1936;1936
11835;26.05.1936;1936
11836;27.05.1936;1936
11837;28.05.1936;1936
11838;29.05.1936;1936
11839;30.05.1936;1936
11840;31.05.1936;1936
11841;01.06.1936;1936
11842;02.06.1936;1936
11843;03.06.1936;1936
11844;04.06.1936;1936
11845;05.06.1936;1936
11846;06.06.1936;1936
11847;07.06.1936;1936
11848;08.06.1936;1936
11849;09.06.1936;1936
11850;10.06.1936;1936
11851;11.06.1936;1936
11852;12.06.1936;1936
11853;13.06.1936;1936
11854;14.06.1936;1936
11855;15.06.1936;1936
11856;16.06.1936;1936
11857;17.06.1936;1936
11858;18.06.1936;1936
11859;19.06.1936;1936
11860;20.06.1936;1936
11861;21.06.1936;1936
11862;22.06.1936;1936
11863;23.06.1936;1936
11864;24.06.1936;1936
11865;25.06.1936;1936
11866;26.06.1936;1936
11867;27.06.1936;1936
11868;28.06.1936;1936
11869;29.06.1936;1936
11870;30.06.1936;1936
11871;01.07.1936;1936
11872;02.07.1936;1936
11873;03.07.1936;1936
11874;04.07.1936;1936
11875;05.07.1936;1936
11876;06.07.1936;1936
11877;07.07.1936;1936
11878;08.07.1936;1936
11879;09.07.1936;1936
11880;10.07.1936;1936
11881;11.07.1936;1936
11882;12.07.1936;1936
11883;13.07.1936;1936
11884;14.07.1936;1936
11885;15.07.1936;1936
11886;16.07.1936;1936
11887;17.07.1936;1936
11888;18.07.1936;1936
11889;19.07.1936;1936
11890;20.07.1936;1936
11891;21.07.1936;1936
11892;22.07.1936;1936
11893;23.07.1936;1936
11894;24.07.1936;1936
11895;25.07.1936;1936
11896;26.07.1936;1936
11897;27.07.1936;1936
11898;28.07.1936;1936
11899;29.07.1936;1936
11900;30.07.1936;1936
11901;31.07.1936;1936
11902;01.08.1936;1936
11903;02.08.1936;1936
11904;03.08.1936;1936
11905;04.08.1936;1936
11906;05.08.1936;1936
11907;06.08.1936;1936
11908;07.08.1936;1936
11909;08.08.1936;1936
11910;09.08.1936;1936
11911;10.08.1936;1936
11912;11.08.1936;1936
11913;12.08.1936;1936
11914;13.08.1936;1936
11915;14.08.1936;1936
11916;15.08.1936;1936
11917;16.08.1936;1936
11918;17.08.1936;1936
11919;18.08.1936;1936
11920;19.08.1936;1936
11921;20.08.1936;1936
11922;21.08.1936;1936
11923;22.08.1936;1936
11924;23.08.1936;1936
11925;24.08.1936;1936
11926;25.08.1936;1936
11927;26.08.1936;1936
11928;27.08.1936;1936
11929;28.08.1936;1936
11930;29.08.1936;1936
11931;30.08.1936;1936
11932;31.08.1936;1936
11933;01.09.1936;1936
11934;02.09.1936;1936
11935;03.09.1936;1936
11936;04.09.1936;1936
11937;05.09.1936;1936
11938;06.09.1936;1936
11939;07.09.1936;1936
11940;08.09.1936;1936
11941;09.09.1936;1936
11942;10.09.1936;1936
11943;11.09.1936;1936
11944;12.09.1936;1936
11945;13.09.1936;1936
11946;14.09.1936;1936
11947;15.09.1936;1936
11948;16.09.1936;1936
11949;17.09.1936;1936
11950;18.09.1936;1936
11951;19.09.1936;1936
11952;20.09.1936;1936
11953;21.09.1936;1936
11954;22.09.1936;1936
11955;23.09.1936;1936
11956;24.09.1936;1936
11957;25.09.1936;1936
11958;26.09.1936;1936
11959;27.09.1936;1936
11960;28.09.1936;1936
11961;29.09.1936;1936
11962;30.09.1936;1936
11963;01.10.1936;1936
11964;02.10.1936;1936
11965;03.10.1936;1936
11966;04.10.1936;1936
11967;05.10.1936;1936
11968;06.10.1936;1936
11969;07.10.1936;1936
11970;08.10.1936;1936
11971;09.10.1936;1936
11972;10.10.1936;1936
11973;11.10.1936;1936
11974;12.10.1936;1936
11975;13.10.1936;1936
11976;14.10.1936;1936
11977;15.10.1936;1936
11978;16.10.1936;1936
11979;17.10.1936;1936
11980;18.10.1936;1936
11981;19.10.1936;1936
11982;20.10.1936;1936
11983;21.10.1936;1936
11984;22.10.1936;1936
11985;23.10.1936;1936
11986;24.10.1936;1936
11987;25.10.1936;1936
11988;26.10.1936;1936
11989;27.10.1936;1936
11990;28.10.1936;1936
11991;29.10.1936;1936
11992;30.10.1936;1936
11993;31.10.1936;1936
11994;01.11.1936;1936
11995;02.11.1936;1936
11996;03.11.1936;1936
11997;04.11.1936;1936
11998;05.11.1936;1936
11999;06.11.1936;1936
12000;07.11.1936;1936
12001;08.11.1936;1936
12002;09.11.1936;1936
12003;10.11.1936;1936
12004;11.11.1936;1936
12005;12.11.1936;1936
12006;13.11.1936;1936
12007;14.11.1936;1936
12008;15.11.1936;1936
12009;16.11.1936;1936
12010;17.11.1936;1936
12011;18.11.1936;1936
12012;19.11.1936;1936
12013;20.11.1936;1936
12014;21.11.1936;1936
12015;22.11.1936;1936
12016;23.11.1936;1936
12017;24.11.1936;1936
12018;25.11.1936;1936
12019;26.11.1936;1936
12020;27.11.1936;1936
12021;28.11.1936;1936
12022;29.11.1936;1936
12023;30.11.1936;1936
12024;01.12.1936;1936
12025;02.12.1936;1936
12026;03.12.1936;1936
12027;04.12.1936;1936
12028;05.12.1936;1936
12029;06.12.1936;1936
12030;07.12.1936;1936
12031;08.12.1936;1936
12032;09.12.1936;1936
12033;10.12.1936;1936
12034;11.12.1936;1936
12035;12.12.1936;1936
12036;13.12.1936;1936
12037;14.12.1936;1936
12038;15.12.1936;1936
12039;16.12.1936;1936
12040;17.12.1936;1936
12041;18.12.1936;1936
12042;19.12.1936;1936
12043;20.12.1936;1936
12044;21.12.1936;1936
12045;22.12.1936;1936
12046;23.12.1936;1936
12047;24.12.1936;1936
12048;25.12.1936;1936
12049;26.12.1936;1936
12050;27.12.1936;1936
12051;28.12.1936;1936
12052;29.12.1936;1936
12053;30.12.1936;1936
12054;31.12.1936;1936
12055;01.01.1937;1937
12056;02.01.1937;1937
12057;03.01.1937;1937
12058;04.01.1937;1937
12059;05.01.1937;1937
12060;06.01.1937;1937
12061;07.01.1937;1937
12062;08.01.1937;1937
12063;09.01.1937;1937
12064;10.01.1937;1937
12065;11.01.1937;1937
12066;12.01.1937;1937
12067;13.01.1937;1937
12068;14.01.1937;1937
12069;15.01.1937;1937
12070;16.01.1937;1937
12071;17.01.1937;1937
12072;18.01.1937;1937
12073;19.01.1937;1937
12074;20.01.1937;1937
12075;21.01.1937;1937
12076;22.01.1937;1937
12077;23.01.1937;1937
12078;24.01.1937;1937
12079;25.01.1937;1937
12080;26.01.1937;1937
12081;27.01.1937;1937
12082;28.01.1937;1937
12083;29.01.1937;1937
12084;30.01.1937;1937
12085;31.01.1937;1937
12086;01.02.1937;1937
12087;02.02.1937;1937
12088;03.02.1937;1937
12089;04.02.1937;1937
12090;05.02.1937;1937
12091;06.02.1937;1937
12092;07.02.1937;1937
12093;08.02.1937;1937
12094;09.02.1937;1937
12095;10.02.1937;1937
12096;11.02.1937;1937
12097;12.02.1937;1937
12098;13.02.1937;1937
12099;14.02.1937;1937
12100;15.02.1937;1937
12101;16.02.1937;1937
12102;17.02.1937;1937
12103;18.02.1937;1937
12104;19.02.1937;1937
12105;20.02.1937;1937
12106;21.02.1937;1937
12107;22.02.1937;1937
12108;23.02.1937;1937
12109;24.02.1937;1937
12110;25.02.1937;1937
12111;26.02.1937;1937
12112;27.02.1937;1937
12113;28.02.1937;1937
12114;01.03.1937;1937
12115;02.03.1937;1937
12116;03.03.1937;1937
12117;04.03.1937;1937
12118;05.03.1937;1937
12119;06.03.1937;1937
12120;07.03.1937;1937
12121;08.03.1937;1937
12122;09.03.1937;1937
12123;10.03.1937;1937
12124;11.03.1937;1937
12125;12.03.1937;1937
12126;13.03.1937;1937
12127;14.03.1937;1937
12128;15.03.1937;1937
12129;16.03.1937;1937
12130;17.03.1937;1937
12131;18.03.1937;1937
12132;19.03.1937;1937
12133;20.03.1937;1937
12134;21.03.1937;1937
12135;22.03.1937;1937
12136;23.03.1937;1937
12137;24.03.1937;1937
12138;25.03.1937;1937
12139;26.03.1937;1937
12140;27.03.1937;1937
12141;28.03.1937;1937
12142;29.03.1937;1937
12143;30.03.1937;1937
12144;31.03.1937;1937
12145;01.04.1937;1937
12146;02.04.1937;1937
12147;03.04.1937;1937
12148;04.04.1937;1937
12149;05.04.1937;1937
12150;06.04.1937;1937
12151;07.04.1937;1937
12152;08.04.1937;1937
12153;09.04.1937;1937
12154;10.04.1937;1937
12155;11.04.1937;1937
12156;12.04.1937;1937
12157;13.04.1937;1937
12158;14.04.1937;1937
12159;15.04.1937;1937
12160;16.04.1937;1937
12161;17.04.1937;1937
12162;18.04.1937;1937
12163;19.04.1937;1937
12164;20.04.1937;1937
12165;21.04.1937;1937
12166;22.04.1937;1937
12167;23.04.1937;1937
12168;24.04.1937;1937
12169;25.04.1937;1937
12170;26.04.1937;1937
12171;27.04.1937;1937
12172;28.04.1937;1937
12173;29.04.1937;1937
12174;30.04.1937;1937
12175;01.05.1937;1937
12176;02.05.1937;1937
12177;03.05.1937;1937
12178;04.05.1937;1937
12179;05.05.1937;1937
12180;06.05.1937;1937
12181;07.05.1937;1937
12182;08.05.1937;1937
12183;09.05.1937;1937
12184;10.05.1937;1937
12185;11.05.1937;1937
12186;12.05.1937;1937
12187;13.05.1937;1937
12188;14.05.1937;1937
12189;15.05.1937;1937
12190;16.05.1937;1937
12191;17.05.1937;1937
12192;18.05.1937;1937
12193;19.05.1937;1937
12194;20.05.1937;1937
12195;21.05.1937;1937
12196;22.05.1937;1937
12197;23.05.1937;1937
12198;24.05.1937;1937
12199;25.05.1937;1937
12200;26.05.1937;1937
12201;27.05.1937;1937
12202;28.05.1937;1937
12203;29.05.1937;1937
12204;30.05.1937;1937
12205;31.05.1937;1937
12206;01.06.1937;1937
12207;02.06.1937;1937
12208;03.06.1937;1937
12209;04.06.1937;1937
12210;05.06.1937;1937
12211;06.06.1937;1937
12212;07.06.1937;1937
12213;08.06.1937;1937
12214;09.06.1937;1937
12215;10.06.1937;1937
12216;11.06.1937;1937
12217;12.06.1937;1937
12218;13.06.1937;1937
12219;14.06.1937;1937
12220;15.06.1937;1937
12221;16.06.1937;1937
12222;17.06.1937;1937
12223;18.06.1937;1937
12224;19.06.1937;1937
12225;20.06.1937;1937
12226;21.06.1937;1937
12227;22.06.1937;1937
12228;23.06.1937;1937
12229;24.06.1937;1937
12230;25.06.1937;1937
12231;26.06.1937;1937
12232;27.06.1937;1937
12233;28.06.1937;1937
12234;29.06.1937;1937
12235;30.06.1937;1937
12236;01.07.1937;1937
12237;02.07.1937;1937
12238;03.07.1937;1937
12239;04.07.1937;1937
12240;05.07.1937;1937
12241;06.07.1937;1937
12242;07.07.1937;1937
12243;08.07.1937;1937
12244;09.07.1937;1937
12245;10.07.1937;1937
12246;11.07.1937;1937
12247;12.07.1937;1937
12248;13.07.1937;1937
12249;14.07.1937;1937
12250;15.07.1937;1937
12251;16.07.1937;1937
12252;17.07.1937;1937
12253;18.07.1937;1937
12254;19.07.1937;1937
12255;20.07.1937;1937
12256;21.07.1937;1937
12257;22.07.1937;1937
12258;23.07.1937;1937
12259;24.07.1937;1937
12260;25.07.1937;1937
12261;26.07.1937;1937
12262;27.07.1937;1937
12263;28.07.1937;1937
12264;29.07.1937;1937
12265;30.07.1937;1937
12266;31.07.1937;1937
12267;01.08.1937;1937
12268;02.08.1937;1937
12269;03.08.1937;1937
12270;04.08.1937;1937
12271;05.08.1937;1937
12272;06.08.1937;1937
12273;07.08.1937;1937
12274;08.08.1937;1937
12275;09.08.1937;1937
12276;10.08.1937;1937
12277;11.08.1937;1937
12278;12.08.1937;1937
12279;13.08.1937;1937
12280;14.08.1937;1937
12281;15.08.1937;1937
12282;16.08.1937;1937
12283;17.08.1937;1937
12284;18.08.1937;1937
12285;19.08.1937;1937
12286;20.08.1937;1937
12287;21.08.1937;1937
12288;22.08.1937;1937
12289;23.08.1937;1937
12290;24.08.1937;1937
12291;25.08.1937;1937
12292;26.08.1937;1937
12293;27.08.1937;1937
12294;28.08.1937;1937
12295;29.08.1937;1937
12296;30.08.1937;1937
12297;31.08.1937;1937
12298;01.09.1937;1937
12299;02.09.1937;1937
12300;03.09.1937;1937
12301;04.09.1937;1937
12302;05.09.1937;1937
12303;06.09.1937;1937
12304;07.09.1937;1937
12305;08.09.1937;1937
12306;09.09.1937;1937
12307;10.09.1937;1937
12308;11.09.1937;1937
12309;12.09.1937;1937
12310;13.09.1937;1937
12311;14.09.1937;1937
12312;15.09.1937;1937
12313;16.09.1937;1937
12314;17.09.1937;1937
12315;18.09.1937;1937
12316;19.09.1937;1937
12317;20.09.1937;1937
12318;21.09.1937;1937
12319;22.09.1937;1937
12320;23.09.1937;1937
12321;24.09.1937;1937
12322;25.09.1937;1937
12323;26.09.1937;1937
12324;27.09.1937;1937
12325;28.09.1937;1937
12326;29.09.1937;1937
12327;30.09.1937;1937
12328;01.10.1937;1937
12329;02.10.1937;1937
12330;03.10.1937;1937
12331;04.10.1937;1937
12332;05.10.1937;1937
12333;06.10.1937;1937
12334;07.10.1937;1937
12335;08.10.1937;1937
12336;09.10.1937;1937
12337;10.10.1937;1937
12338;11.10.1937;1937
12339;12.10.1937;1937
12340;13.10.1937;1937
12341;14.10.1937;1937
12342;15.10.1937;1937
12343;16.10.1937;1937
12344;17.10.1937;1937
12345;18.10.1937;1937
12346;19.10.1937;1937
12347;20.10.1937;1937
12348;21.10.1937;1937
12349;22.10.1937;1937
12350;23.10.1937;1937
12351;24.10.1937;1937
12352;25.10.1937;1937
12353;26.10.1937;1937
12354;27.10.1937;1937
12355;28.10.1937;1937
12356;29.10.1937;1937
12357;30.10.1937;1937
12358;31.10.1937;1937
12359;01.11.1937;1937
12360;02.11.1937;1937
12361;03.11.1937;1937
12362;04.11.1937;1937
12363;05.11.1937;1937
12364;06.11.1937;1937
12365;07.11.1937;1937
12366;08.11.1937;1937
12367;09.11.1937;1937
12368;10.11.1937;1937
12369;11.11.1937;1937
12370;12.11.1937;1937
12371;13.11.1937;1937
12372;14.11.1937;1937
12373;15.11.1937;1937
12374;16.11.1937;1937
12375;17.11.1937;1937
12376;18.11.1937;1937
12377;19.11.1937;1937
12378;20.11.1937;1937
12379;21.11.1937;1937
12380;22.11.1937;1937
12381;23.11.1937;1937
12382;24.11.1937;1937
12383;25.11.1937;1937
12384;26.11.1937;1937
12385;27.11.1937;1937
12386;28.11.1937;1937
12387;29.11.1937;1937
12388;30.11.1937;1937
12389;01.12.1937;1937
12390;02.12.1937;1937
12391;03.12.1937;1937
12392;04.12.1937;1937
12393;05.12.1937;1937
12394;06.12.1937;1937
12395;07.12.1937;1937
12396;08.12.1937;1937
12397;09.12.1937;1937
12398;10.12.1937;1937
12399;11.12.1937;1937
12400;12.12.1937;1937
12401;13.12.1937;1937
12402;14.12.1937;1937
12403;15.12.1937;1937
12404;16.12.1937;1937
12405;17.12.1937;1937
12406;18.12.1937;1937
12407;19.12.1937;1937
12408;20.12.1937;1937
12409;21.12.1937;1937
12410;22.12.1937;1937
12411;23.12.1937;1937
12412;24.12.1937;1937
12413;25.12.1937;1937
12414;26.12.1937;1937
12415;27.12.1937;1937
12416;28.12.1937;1937
12417;29.12.1937;1937
12418;30.12.1937;1937
12419;31.12.1937;1937
12420;01.01.1938;1938
12421;02.01.1938;1938
12422;03.01.1938;1938
12423;04.01.1938;1938
12424;05.01.1938;1938
12425;06.01.1938;1938
12426;07.01.1938;1938
12427;08.01.1938;1938
12428;09.01.1938;1938
12429;10.01.1938;1938
12430;11.01.1938;1938
12431;12.01.1938;1938
12432;13.01.1938;1938
12433;14.01.1938;1938
12434;15.01.1938;1938
12435;16.01.1938;1938
12436;17.01.1938;1938
12437;18.01.1938;1938
12438;19.01.1938;1938
12439;20.01.1938;1938
12440;21.01.1938;1938
12441;22.01.1938;1938
12442;23.01.1938;1938
12443;24.01.1938;1938
12444;25.01.1938;1938
12445;26.01.1938;1938
12446;27.01.1938;1938
12447;28.01.1938;1938
12448;29.01.1938;1938
12449;30.01.1938;1938
12450;31.01.1938;1938
12451;01.02.1938;1938
12452;02.02.1938;1938
12453;03.02.1938;1938
12454;04.02.1938;1938
12455;05.02.1938;1938
12456;06.02.1938;1938
12457;07.02.1938;1938
12458;08.02.1938;1938
12459;09.02.1938;1938
12460;10.02.1938;1938
12461;11.02.1938;1938
12462;12.02.1938;1938
12463;13.02.1938;1938
12464;14.02.1938;1938
12465;15.02.1938;1938
12466;16.02.1938;1938
12467;17.02.1938;1938
12468;18.02.1938;1938
12469;19.02.1938;1938
12470;20.02.1938;1938
12471;21.02.1938;1938
12472;22.02.1938;1938
12473;23.02.1938;1938
12474;24.02.1938;1938
12475;25.02.1938;1938
12476;26.02.1938;1938
12477;27.02.1938;1938
12478;28.02.1938;1938
12479;01.03.1938;1938
12480;02.03.1938;1938
12481;03.03.1938;1938
12482;04.03.1938;1938
12483;05.03.1938;1938
12484;06.03.1938;1938
12485;07.03.1938;1938
12486;08.03.1938;1938
12487;09.03.1938;1938
12488;10.03.1938;1938
12489;11.03.1938;1938
12490;12.03.1938;1938
12491;13.03.1938;1938
12492;14.03.1938;1938
12493;15.03.1938;1938
12494;16.03.1938;1938
12495;17.03.1938;1938
12496;18.03.1938;1938
12497;19.03.1938;1938
12498;20.03.1938;1938
12499;21.03.1938;1938
12500;22.03.1938;1938
12501;23.03.1938;1938
12502;24.03.1938;1938
12503;25.03.1938;1938
12504;26.03.1938;1938
12505;27.03.1938;1938
12506;28.03.1938;1938
12507;29.03.1938;1938
12508;30.03.1938;1938
12509;31.03.1938;1938
12510;01.04.1938;1938
12511;02.04.1938;1938
12512;03.04.1938;1938
12513;04.04.1938;1938
12514;05.04.1938;1938
12515;06.04.1938;1938
12516;07.04.1938;1938
12517;08.04.1938;1938
12518;09.04.1938;1938
12519;10.04.1938;1938
12520;11.04.1938;1938
12521;12.04.1938;1938
12522;13.04.1938;1938
12523;14.04.1938;1938
12524;15.04.1938;1938
12525;16.04.1938;1938
12526;17.04.1938;1938
12527;18.04.1938;1938
12528;19.04.1938;1938
12529;20.04.1938;1938
12530;21.04.1938;1938
12531;22.04.1938;1938
12532;23.04.1938;1938
12533;24.04.1938;1938
12534;25.04.1938;1938
12535;26.04.1938;1938
12536;27.04.1938;1938
12537;28.04.1938;1938
12538;29.04.1938;1938
12539;30.04.1938;1938
12540;01.05.1938;1938
12541;02.05.1938;1938
12542;03.05.1938;1938
12543;04.05.1938;1938
12544;05.05.1938;1938
12545;06.05.1938;1938
12546;07.05.1938;1938
12547;08.05.1938;1938
12548;09.05.1938;1938
12549;10.05.1938;1938
12550;11.05.1938;1938
12551;12.05.1938;1938
12552;13.05.1938;1938
12553;14.05.1938;1938
12554;15.05.1938;1938
12555;16.05.1938;1938
12556;17.05.1938;1938
12557;18.05.1938;1938
12558;19.05.1938;1938
12559;20.05.1938;1938
12560;21.05.1938;1938
12561;22.05.1938;1938
12562;23.05.1938;1938
12563;24.05.1938;1938
12564;25.05.1938;1938
12565;26.05.1938;1938
12566;27.05.1938;1938
12567;28.05.1938;1938
12568;29.05.1938;1938
12569;30.05.1938;1938
12570;31.05.1938;1938
12571;01.06.1938;1938
12572;02.06.1938;1938
12573;03.06.1938;1938
12574;04.06.1938;1938
12575;05.06.1938;1938
12576;06.06.1938;1938
12577;07.06.1938;1938
12578;08.06.1938;1938
12579;09.06.1938;1938
12580;10.06.1938;1938
12581;11.06.1938;1938
12582;12.06.1938;1938
12583;13.06.1938;1938
12584;14.06.1938;1938
12585;15.06.1938;1938
12586;16.06.1938;1938
12587;17.06.1938;1938
12588;18.06.1938;1938
12589;19.06.1938;1938
12590;20.06.1938;1938
12591;21.06.1938;1938
12592;22.06.1938;1938
12593;23.06.1938;1938
12594;24.06.1938;1938
12595;25.06.1938;1938
12596;26.06.1938;1938
12597;27.06.1938;1938
12598;28.06.1938;1938
12599;29.06.1938;1938
12600;30.06.1938;1938
12601;01.07.1938;1938
12602;02.07.1938;1938
12603;03.07.1938;1938
12604;04.07.1938;1938
12605;05.07.1938;1938
12606;06.07.1938;1938
12607;07.07.1938;1938
12608;08.07.1938;1938
12609;09.07.1938;1938
12610;10.07.1938;1938
12611;11.07.1938;1938
12612;12.07.1938;1938
12613;13.07.1938;1938
12614;14.07.1938;1938
12615;15.07.1938;1938
12616;16.07.1938;1938
12617;17.07.1938;1938
12618;18.07.1938;1938
12619;19.07.1938;1938
12620;20.07.1938;1938
12621;21.07.1938;1938
12622;22.07.1938;1938
12623;23.07.1938;1938
12624;24.07.1938;1938
12625;25.07.1938;1938
12626;26.07.1938;1938
12627;27.07.1938;1938
12628;28.07.1938;1938
12629;29.07.1938;1938
12630;30.07.1938;1938
12631;31.07.1938;1938
12632;01.08.1938;1938
12633;02.08.1938;1938
12634;03.08.1938;1938
12635;04.08.1938;1938
12636;05.08.1938;1938
12637;06.08.1938;1938
12638;07.08.1938;1938
12639;08.08.1938;1938
12640;09.08.1938;1938
12641;10.08.1938;1938
12642;11.08.1938;1938
12643;12.08.1938;1938
12644;13.08.1938;1938
12645;14.08.1938;1938
12646;15.08.1938;1938
12647;16.08.1938;1938
12648;17.08.1938;1938
12649;18.08.1938;1938
12650;19.08.1938;1938
12651;20.08.1938;1938
12652;21.08.1938;1938
12653;22.08.1938;1938
12654;23.08.1938;1938
12655;24.08.1938;1938
12656;25.08.1938;1938
12657;26.08.1938;1938
12658;27.08.1938;1938
12659;28.08.1938;1938
12660;29.08.1938;1938
12661;30.08.1938;1938
12662;31.08.1938;1938
12663;01.09.1938;1938
12664;02.09.1938;1938
12665;03.09.1938;1938
12666;04.09.1938;1938
12667;05.09.1938;1938
12668;06.09.1938;1938
12669;07.09.1938;1938
12670;08.09.1938;1938
12671;09.09.1938;1938
12672;10.09.1938;1938
12673;11.09.1938;1938
12674;12.09.1938;1938
12675;13.09.1938;1938
12676;14.09.1938;1938
12677;15.09.1938;1938
12678;16.09.1938;1938
12679;17.09.1938;1938
12680;18.09.1938;1938
12681;19.09.1938;1938
12682;20.09.1938;1938
12683;21.09.1938;1938
12684;22.09.1938;1938
12685;23.09.1938;1938
12686;24.09.1938;1938
12687;25.09.1938;1938
12688;26.09.1938;1938
12689;27.09.1938;1938
12690;28.09.1938;1938
12691;29.09.1938;1938
12692;30.09.1938;1938
12693;01.10.1938;1938
12694;02.10.1938;1938
12695;03.10.1938;1938
12696;04.10.1938;1938
12697;05.10.1938;1938
12698;06.10.1938;1938
12699;07.10.1938;1938
12700;08.10.1938;1938
12701;09.10.1938;1938
12702;10.10.1938;1938
12703;11.10.1938;1938
12704;12.10.1938;1938
12705;13.10.1938;1938
12706;14.10.1938;1938
12707;15.10.1938;1938
12708;16.10.1938;1938
12709;17.10.1938;1938
12710;18.10.1938;1938
12711;19.10.1938;1938
12712;20.10.1938;1938
12713;21.10.1938;1938
12714;22.10.1938;1938
12715;23.10.1938;1938
12716;24.10.1938;1938
12717;25.10.1938;1938
12718;26.10.1938;1938
12719;27.10.1938;1938
12720;28.10.1938;1938
12721;29.10.1938;1938
12722;30.10.1938;1938
12723;31.10.1938;1938
12724;01.11.1938;1938
12725;02.11.1938;1938
12726;03.11.1938;1938
12727;04.11.1938;1938
12728;05.11.1938;1938
12729;06.11.1938;1938
12730;07.11.1938;1938
12731;08.11.1938;1938
12732;09.11.1938;1938
12733;10.11.1938;1938
12734;11.11.1938;1938
12735;12.11.1938;1938
12736;13.11.1938;1938
12737;14.11.1938;1938
12738;15.11.1938;1938
12739;16.11.1938;1938
12740;17.11.1938;1938
12741;18.11.1938;1938
12742;19.11.1938;1938
12743;20.11.1938;1938
12744;21.11.1938;1938
12745;22.11.1938;1938
12746;23.11.1938;1938
12747;24.11.1938;1938
12748;25.11.1938;1938
12749;26.11.1938;1938
12750;27.11.1938;1938
12751;28.11.1938;1938
12752;29.11.1938;1938
12753;30.11.1938;1938
12754;01.12.1938;1938
12755;02.12.1938;1938
12756;03.12.1938;1938
12757;04.12.1938;1938
12758;05.12.1938;1938
12759;06.12.1938;1938
12760;07.12.1938;1938
12761;08.12.1938;1938
12762;09.12.1938;1938
12763;10.12.1938;1938
12764;11.12.1938;1938
12765;12.12.1938;1938
12766;13.12.1938;1938
12767;14.12.1938;1938
12768;15.12.1938;1938
12769;16.12.1938;1938
12770;17.12.1938;1938
12771;18.12.1938;1938
12772;19.12.1938;1938
12773;20.12.1938;1938
12774;21.12.1938;1938
12775;22.12.1938;1938
12776;23.12.1938;1938
12777;24.12.1938;1938
12778;25.12.1938;1938
12779;26.12.1938;1938
12780;27.12.1938;1938
12781;28.12.1938;1938
12782;29.12.1938;1938
12783;30.12.1938;1938
12784;31.12.1938;1938
12785;01.01.1939;1939
12786;02.01.1939;1939
12787;03.01.1939;1939
12788;04.01.1939;1939
12789;05.01.1939;1939
12790;06.01.1939;1939
12791;07.01.1939;1939
12792;08.01.1939;1939
12793;09.01.1939;1939
12794;10.01.1939;1939
12795;11.01.1939;1939
12796;12.01.1939;1939
12797;13.01.1939;1939
12798;14.01.1939;1939
12799;15.01.1939;1939
12800;16.01.1939;1939
12801;17.01.1939;1939
12802;18.01.1939;1939
12803;19.01.1939;1939
12804;20.01.1939;1939
12805;21.01.1939;1939
12806;22.01.1939;1939
12807;23.01.1939;1939
12808;24.01.1939;1939
12809;25.01.1939;1939
12810;26.01.1939;1939
12811;27.01.1939;1939
12812;28.01.1939;1939
12813;29.01.1939;1939
12814;30.01.1939;1939
12815;31.01.1939;1939
12816;01.02.1939;1939
12817;02.02.1939;1939
12818;03.02.1939;1939
12819;04.02.1939;1939
12820;05.02.1939;1939
12821;06.02.1939;1939
12822;07.02.1939;1939
12823;08.02.1939;1939
12824;09.02.1939;1939
12825;10.02.1939;1939
12826;11.02.1939;1939
12827;12.02.1939;1939
12828;13.02.1939;1939
12829;14.02.1939;1939
12830;15.02.1939;1939
12831;16.02.1939;1939
12832;17.02.1939;1939
12833;18.02.1939;1939
12834;19.02.1939;1939
12835;20.02.1939;1939
12836;21.02.1939;1939
12837;22.02.1939;1939
12838;23.02.1939;1939
12839;24.02.1939;1939
12840;25.02.1939;1939
12841;26.02.1939;1939
12842;27.02.1939;1939
12843;28.02.1939;1939
12844;01.03.1939;1939
12845;02.03.1939;1939
12846;03.03.1939;1939
12847;04.03.1939;1939
12848;05.03.1939;1939
12849;06.03.1939;1939
12850;07.03.1939;1939
12851;08.03.1939;1939
12852;09.03.1939;1939
12853;10.03.1939;1939
12854;11.03.1939;1939
12855;12.03.1939;1939
12856;13.03.1939;1939
12857;14.03.1939;1939
12858;15.03.1939;1939
12859;16.03.1939;1939
12860;17.03.1939;1939
12861;18.03.1939;1939
12862;19.03.1939;1939
12863;20.03.1939;1939
12864;21.03.1939;1939
12865;22.03.1939;1939
12866;23.03.1939;1939
12867;24.03.1939;1939
12868;25.03.1939;1939
12869;26.03.1939;1939
12870;27.03.1939;1939
12871;28.03.1939;1939
12872;29.03.1939;1939
12873;30.03.1939;1939
12874;31.03.1939;1939
12875;01.04.1939;1939
12876;02.04.1939;1939
12877;03.04.1939;1939
12878;04.04.1939;1939
12879;05.04.1939;1939
12880;06.04.1939;1939
12881;07.04.1939;1939
12882;08.04.1939;1939
12883;09.04.1939;1939
12884;10.04.1939;1939
12885;11.04.1939;1939
12886;12.04.1939;1939
12887;13.04.1939;1939
12888;14.04.1939;1939
12889;15.04.1939;1939
12890;16.04.1939;1939
12891;17.04.1939;1939
12892;18.04.1939;1939
12893;19.04.1939;1939
12894;20.04.1939;1939
12895;21.04.1939;1939
12896;22.04.1939;1939
12897;23.04.1939;1939
12898;24.04.1939;1939
12899;25.04.1939;1939
12900;26.04.1939;1939
12901;27.04.1939;1939
12902;28.04.1939;1939
12903;29.04.1939;1939
12904;30.04.1939;1939
12905;01.05.1939;1939
12906;02.05.1939;1939
12907;03.05.1939;1939
12908;04.05.1939;1939
12909;05.05.1939;1939
12910;06.05.1939;1939
12911;07.05.1939;1939
12912;08.05.1939;1939
12913;09.05.1939;1939
12914;10.05.1939;1939
12915;11.05.1939;1939
12916;12.05.1939;1939
12917;13.05.1939;1939
12918;14.05.1939;1939
12919;15.05.1939;1939
12920;16.05.1939;1939
12921;17.05.1939;1939
12922;18.05.1939;1939
12923;19.05.1939;1939
12924;20.05.1939;1939
12925;21.05.1939;1939
12926;22.05.1939;1939
12927;23.05.1939;1939
12928;24.05.1939;1939
12929;25.05.1939;1939
12930;26.05.1939;1939
12931;27.05.1939;1939
12932;28.05.1939;1939
12933;29.05.1939;1939
12934;30.05.1939;1939
12935;31.05.1939;1939
12936;01.06.1939;1939
12937;02.06.1939;1939
12938;03.06.1939;1939
12939;04.06.1939;1939
12940;05.06.1939;1939
12941;06.06.1939;1939
12942;07.06.1939;1939
12943;08.06.1939;1939
12944;09.06.1939;1939
12945;10.06.1939;1939
12946;11.06.1939;1939
12947;12.06.1939;1939
12948;13.06.1939;1939
12949;14.06.1939;1939
12950;15.06.1939;1939
12951;16.06.1939;1939
12952;17.06.1939;1939
12953;18.06.1939;1939
12954;19.06.1939;1939
12955;20.06.1939;1939
12956;21.06.1939;1939
12957;22.06.1939;1939
12958;23.06.1939;1939
12959;24.06.1939;1939
12960;25.06.1939;1939
12961;26.06.1939;1939
12962;27.06.1939;1939
12963;28.06.1939;1939
12964;29.06.1939;1939
12965;30.06.1939;1939
12966;01.07.1939;1939
12967;02.07.1939;1939
12968;03.07.1939;1939
12969;04.07.1939;1939
12970;05.07.1939;1939
12971;06.07.1939;1939
12972;07.07.1939;1939
12973;08.07.1939;1939
12974;09.07.1939;1939
12975;10.07.1939;1939
12976;11.07.1939;1939
12977;12.07.1939;1939
12978;13.07.1939;1939
12979;14.07.1939;1939
12980;15.07.1939;1939
12981;16.07.1939;1939
12982;17.07.1939;1939
12983;18.07.1939;1939
12984;19.07.1939;1939
12985;20.07.1939;1939
12986;21.07.1939;1939
12987;22.07.1939;1939
12988;23.07.1939;1939
12989;24.07.1939;1939
12990;25.07.1939;1939
12991;26.07.1939;1939
12992;27.07.1939;1939
12993;28.07.1939;1939
12994;29.07.1939;1939
12995;30.07.1939;1939
12996;31.07.1939;1939
12997;01.08.1939;1939
12998;02.08.1939;1939
12999;03.08.1939;1939
13000;04.08.1939;1939
13001;05.08.1939;1939
13002;06.08.1939;1939
13003;07.08.1939;1939
13004;08.08.1939;1939
13005;09.08.1939;1939
13006;10.08.1939;1939
13007;11.08.1939;1939
13008;12.08.1939;1939
13009;13.08.1939;1939
13010;14.08.1939;1939
13011;15.08.1939;1939
13012;16.08.1939;1939
13013;17.08.1939;1939
13014;18.08.1939;1939
13015;19.08.1939;1939
13016;20.08.1939;1939
13017;21.08.1939;1939
13018;22.08.1939;1939
13019;23.08.1939;1939
13020;24.08.1939;1939
13021;25.08.1939;1939
13022;26.08.1939;1939
13023;27.08.1939;1939
13024;28.08.1939;1939
13025;29.08.1939;1939
13026;30.08.1939;1939
13027;31.08.1939;1939
13028;01.09.1939;1939
13029;02.09.1939;1939
13030;03.09.1939;1939
13031;04.09.1939;1939
13032;05.09.1939;1939
13033;06.09.1939;1939
13034;07.09.1939;1939
13035;08.09.1939;1939
13036;09.09.1939;1939
13037;10.09.1939;1939
13038;11.09.1939;1939
13039;12.09.1939;1939
13040;13.09.1939;1939
13041;14.09.1939;1939
13042;15.09.1939;1939
13043;16.09.1939;1939
13044;17.09.1939;1939
13045;18.09.1939;1939
13046;19.09.1939;1939
13047;20.09.1939;1939
13048;21.09.1939;1939
13049;22.09.1939;1939
13050;23.09.1939;1939
13051;24.09.1939;1939
13052;25.09.1939;1939
13053;26.09.1939;1939
13054;27.09.1939;1939
13055;28.09.1939;1939
13056;29.09.1939;1939
13057;30.09.1939;1939
13058;01.10.1939;1939
13059;02.10.1939;1939
13060;03.10.1939;1939
13061;04.10.1939;1939
13062;05.10.1939;1939
13063;06.10.1939;1939
13064;07.10.1939;1939
13065;08.10.1939;1939
13066;09.10.1939;1939
13067;10.10.1939;1939
13068;11.10.1939;1939
13069;12.10.1939;1939
13070;13.10.1939;1939
13071;14.10.1939;1939
13072;15.10.1939;1939
13073;16.10.1939;1939
13074;17.10.1939;1939
13075;18.10.1939;1939
13076;19.10.1939;1939
13077;20.10.1939;1939
13078;21.10.1939;1939
13079;22.10.1939;1939
13080;23.10.1939;1939
13081;24.10.1939;1939
13082;25.10.1939;1939
13083;26.10.1939;1939
13084;27.10.1939;1939
13085;28.10.1939;1939
13086;29.10.1939;1939
13087;30.10.1939;1939
13088;31.10.1939;1939
13089;01.11.1939;1939
13090;02.11.1939;1939
13091;03.11.1939;1939
13092;04.11.1939;1939
13093;05.11.1939;1939
13094;06.11.1939;1939
13095;07.11.1939;1939
13096;08.11.1939;1939
13097;09.11.1939;1939
13098;10.11.1939;1939
13099;11.11.1939;1939
13100;12.11.1939;1939
13101;13.11.1939;1939
13102;14.11.1939;1939
13103;15.11.1939;1939
13104;16.11.1939;1939
13105;17.11.1939;1939
13106;18.11.1939;1939
13107;19.11.1939;1939
13108;20.11.1939;1939
13109;21.11.1939;1939
13110;22.11.1939;1939
13111;23.11.1939;1939
13112;24.11.1939;1939
13113;25.11.1939;1939
13114;26.11.1939;1939
13115;27.11.1939;1939
13116;28.11.1939;1939
13117;29.11.1939;1939
13118;30.11.1939;1939
13119;01.12.1939;1939
13120;02.12.1939;1939
13121;03.12.1939;1939
13122;04.12.1939;1939
13123;05.12.1939;1939
13124;06.12.1939;1939
13125;07.12.1939;1939
13126;08.12.1939;1939
13127;09.12.1939;1939
13128;10.12.1939;1939
13129;11.12.1939;1939
13130;12.12.1939;1939
13131;13.12.1939;1939
13132;14.12.1939;1939
13133;15.12.1939;1939
13134;16.12.1939;1939
13135;17.12.1939;1939
13136;18.12.1939;1939
13137;19.12.1939;1939
13138;20.12.1939;1939
13139;21.12.1939;1939
13140;22.12.1939;1939
13141;23.12.1939;1939
13142;24.12.1939;1939
13143;25.12.1939;1939
13144;26.12.1939;1939
13145;27.12.1939;1939
13146;28.12.1939;1939
13147;29.12.1939;1939
13148;30.12.1939;1939
13149;31.12.1939;1939
13150;01.01.1940;1940
13151;02.01.1940;1940
13152;03.01.1940;1940
13153;04.01.1940;1940
13154;05.01.1940;1940
13155;06.01.1940;1940
13156;07.01.1940;1940
13157;08.01.1940;1940
13158;09.01.1940;1940
13159;10.01.1940;1940
13160;11.01.1940;1940
13161;12.01.1940;1940
13162;13.01.1940;1940
13163;14.01.1940;1940
13164;15.01.1940;1940
13165;16.01.1940;1940
13166;17.01.1940;1940
13167;18.01.1940;1940
13168;19.01.1940;1940
13169;20.01.1940;1940
13170;21.01.1940;1940
13171;22.01.1940;1940
13172;23.01.1940;1940
13173;24.01.1940;1940
13174;25.01.1940;1940
13175;26.01.1940;1940
13176;27.01.1940;1940
13177;28.01.1940;1940
13178;29.01.1940;1940
13179;30.01.1940;1940
13180;31.01.1940;1940
13181;01.02.1940;1940
13182;02.02.1940;1940
13183;03.02.1940;1940
13184;04.02.1940;1940
13185;05.02.1940;1940
13186;06.02.1940;1940
13187;07.02.1940;1940
13188;08.02.1940;1940
13189;09.02.1940;1940
13190;10.02.1940;1940
13191;11.02.1940;1940
13192;12.02.1940;1940
13193;13.02.1940;1940
13194;14.02.1940;1940
13195;15.02.1940;1940
13196;16.02.1940;1940
13197;17.02.1940;1940
13198;18.02.1940;1940
13199;19.02.1940;1940
13200;20.02.1940;1940
13201;21.02.1940;1940
13202;22.02.1940;1940
13203;23.02.1940;1940
13204;24.02.1940;1940
13205;25.02.1940;1940
13206;26.02.1940;1940
13207;27.02.1940;1940
13208;28.02.1940;1940
13209;29.02.1940;1940
13210;01.03.1940;1940
13211;02.03.1940;1940
13212;03.03.1940;1940
13213;04.03.1940;1940
13214;05.03.1940;1940
13215;06.03.1940;1940
13216;07.03.1940;1940
13217;08.03.1940;1940
13218;09.03.1940;1940
13219;10.03.1940;1940
13220;11.03.1940;1940
13221;12.03.1940;1940
13222;13.03.1940;1940
13223;14.03.1940;1940
13224;15.03.1940;1940
13225;16.03.1940;1940
13226;17.03.1940;1940
13227;18.03.1940;1940
13228;19.03.1940;1940
13229;20.03.1940;1940
13230;21.03.1940;1940
13231;22.03.1940;1940
13232;23.03.1940;1940
13233;24.03.1940;1940
13234;25.03.1940;1940
13235;26.03.1940;1940
13236;27.03.1940;1940
13237;28.03.1940;1940
13238;29.03.1940;1940
13239;30.03.1940;1940
13240;31.03.1940;1940
13241;01.04.1940;1940
13242;02.04.1940;1940
13243;03.04.1940;1940
13244;04.04.1940;1940
13245;05.04.1940;1940
13246;06.04.1940;1940
13247;07.04.1940;1940
13248;08.04.1940;1940
13249;09.04.1940;1940
13250;10.04.1940;1940
13251;11.04.1940;1940
13252;12.04.1940;1940
13253;13.04.1940;1940
13254;14.04.1940;1940
13255;15.04.1940;1940
13256;16.04.1940;1940
13257;17.04.1940;1940
13258;18.04.1940;1940
13259;19.04.1940;1940
13260;20.04.1940;1940
13261;21.04.1940;1940
13262;22.04.1940;1940
13263;23.04.1940;1940
13264;24.04.1940;1940
13265;25.04.1940;1940
13266;26.04.1940;1940
13267;27.04.1940;1940
13268;28.04.1940;1940
13269;29.04.1940;1940
13270;30.04.1940;1940
13271;01.05.1940;1940
13272;02.05.1940;1940
13273;03.05.1940;1940
13274;04.05.1940;1940
13275;05.05.1940;1940
13276;06.05.1940;1940
13277;07.05.1940;1940
13278;08.05.1940;1940
13279;09.05.1940;1940
13280;10.05.1940;1940
13281;11.05.1940;1940
13282;12.05.1940;1940
13283;13.05.1940;1940
13284;14.05.1940;1940
13285;15.05.1940;1940
13286;16.05.1940;1940
13287;17.05.1940;1940
13288;18.05.1940;1940
13289;19.05.1940;1940
13290;20.05.1940;1940
13291;21.05.1940;1940
13292;22.05.1940;1940
13293;23.05.1940;1940
13294;24.05.1940;1940
13295;25.05.1940;1940
13296;26.05.1940;1940
13297;27.05.1940;1940
13298;28.05.1940;1940
13299;29.05.1940;1940
13300;30.05.1940;1940
13301;31.05.1940;1940
13302;01.06.1940;1940
13303;02.06.1940;1940
13304;03.06.1940;1940
13305;04.06.1940;1940
13306;05.06.1940;1940
13307;06.06.1940;1940
13308;07.06.1940;1940
13309;08.06.1940;1940
13310;09.06.1940;1940
13311;10.06.1940;1940
13312;11.06.1940;1940
13313;12.06.1940;1940
13314;13.06.1940;1940
13315;14.06.1940;1940
13316;15.06.1940;1940
13317;16.06.1940;1940
13318;17.06.1940;1940
13319;18.06.1940;1940
13320;19.06.1940;1940
13321;20.06.1940;1940
13322;21.06.1940;1940
13323;22.06.1940;1940
13324;23.06.1940;1940
13325;24.06.1940;1940
13326;25.06.1940;1940
13327;26.06.1940;1940
13328;27.06.1940;1940
13329;28.06.1940;1940
13330;29.06.1940;1940
13331;30.06.1940;1940
13332;01.07.1940;1940
13333;02.07.1940;1940
13334;03.07.1940;1940
13335;04.07.1940;1940
13336;05.07.1940;1940
13337;06.07.1940;1940
13338;07.07.1940;1940
13339;08.07.1940;1940
13340;09.07.1940;1940
13341;10.07.1940;1940
13342;11.07.1940;1940
13343;12.07.1940;1940
13344;13.07.1940;1940
13345;14.07.1940;1940
13346;15.07.1940;1940
13347;16.07.1940;1940
13348;17.07.1940;1940
13349;18.07.1940;1940
13350;19.07.1940;1940
13351;20.07.1940;1940
13352;21.07.1940;1940
13353;22.07.1940;1940
13354;23.07.1940;1940
13355;24.07.1940;1940
13356;25.07.1940;1940
13357;26.07.1940;1940
13358;27.07.1940;1940
13359;28.07.1940;1940
13360;29.07.1940;1940
13361;30.07.1940;1940
13362;31.07.1940;1940
13363;01.08.1940;1940
13364;02.08.1940;1940
13365;03.08.1940;1940
13366;04.08.1940;1940
13367;05.08.1940;1940
13368;06.08.1940;1940
13369;07.08.1940;1940
13370;08.08.1940;1940
13371;09.08.1940;1940
13372;10.08.1940;1940
13373;11.08.1940;1940
13374;12.08.1940;1940
13375;13.08.1940;1940
13376;14.08.1940;1940
13377;15.08.1940;1940
13378;16.08.1940;1940
13379;17.08.1940;1940
13380;18.08.1940;1940
13381;19.08.1940;1940
13382;20.08.1940;1940
13383;21.08.1940;1940
13384;22.08.1940;1940
13385;23.08.1940;1940
13386;24.08.1940;1940
13387;25.08.1940;1940
13388;26.08.1940;1940
13389;27.08.1940;1940
13390;28.08.1940;1940
13391;29.08.1940;1940
13392;30.08.1940;1940
13393;31.08.1940;1940
13394;01.09.1940;1940
13395;02.09.1940;1940
13396;03.09.1940;1940
13397;04.09.1940;1940
13398;05.09.1940;1940
13399;06.09.1940;1940
13400;07.09.1940;1940
13401;08.09.1940;1940
13402;09.09.1940;1940
13403;10.09.1940;1940
13404;11.09.1940;1940
13405;12.09.1940;1940
13406;13.09.1940;1940
13407;14.09.1940;1940
13408;15.09.1940;1940
13409;16.09.1940;1940
13410;17.09.1940;1940
13411;18.09.1940;1940
13412;19.09.1940;1940
13413;20.09.1940;1940
13414;21.09.1940;1940
13415;22.09.1940;1940
13416;23.09.1940;1940
13417;24.09.1940;1940
13418;25.09.1940;1940
13419;26.09.1940;1940
13420;27.09.1940;1940
13421;28.09.1940;1940
13422;29.09.1940;1940
13423;30.09.1940;1940
13424;01.10.1940;1940
13425;02.10.1940;1940
13426;03.10.1940;1940
13427;04.10.1940;1940
13428;05.10.1940;1940
13429;06.10.1940;1940
13430;07.10.1940;1940
13431;08.10.1940;1940
13432;09.10.1940;1940
13433;10.10.1940;1940
13434;11.10.1940;1940
13435;12.10.1940;1940
13436;13.10.1940;1940
13437;14.10.1940;1940
13438;15.10.1940;1940
13439;16.10.1940;1940
13440;17.10.1940;1940
13441;18.10.1940;1940
13442;19.10.1940;1940
13443;20.10.1940;1940
13444;21.10.1940;1940
13445;22.10.1940;1940
13446;23.10.1940;1940
13447;24.10.1940;1940
13448;25.10.1940;1940
13449;26.10.1940;1940
13450;27.10.1940;1940
13451;28.10.1940;1940
13452;29.10.1940;1940
13453;30.10.1940;1940
13454;31.10.1940;1940
13455;01.11.1940;1940
13456;02.11.1940;1940
13457;03.11.1940;1940
13458;04.11.1940;1940
13459;05.11.1940;1940
13460;06.11.1940;1940
13461;07.11.1940;1940
13462;08.11.1940;1940
13463;09.11.1940;1940
13464;10.11.1940;1940
13465;11.11.1940;1940
13466;12.11.1940;1940
13467;13.11.1940;1940
13468;14.11.1940;1940
13469;15.11.1940;1940
13470;16.11.1940;1940
13471;17.11.1940;1940
13472;18.11.1940;1940
13473;19.11.1940;1940
13474;20.11.1940;1940
13475;21.11.1940;1940
13476;22.11.1940;1940
13477;23.11.1940;1940
13478;24.11.1940;1940
13479;25.11.1940;1940
13480;26.11.1940;1940
13481;27.11.1940;1940
13482;28.11.1940;1940
13483;29.11.1940;1940
13484;30.11.1940;1940
13485;01.12.1940;1940
13486;02.12.1940;1940
13487;03.12.1940;1940
13488;04.12.1940;1940
13489;05.12.1940;1940
13490;06.12.1940;1940
13491;07.12.1940;1940
13492;08.12.1940;1940
13493;09.12.1940;1940
13494;10.12.1940;1940
13495;11.12.1940;1940
13496;12.12.1940;1940
13497;13.12.1940;1940
13498;14.12.1940;1940
13499;15.12.1940;1940
13500;16.12.1940;1940
13501;17.12.1940;1940
13502;18.12.1940;1940
13503;19.12.1940;1940
13504;20.12.1940;1940
13505;21.12.1940;1940
13506;22.12.1940;1940
13507;23.12.1940;1940
13508;24.12.1940;1940
13509;25.12.1940;1940
13510;26.12.1940;1940
13511;27.12.1940;1940
13512;28.12.1940;1940
13513;29.12.1940;1940
13514;30.12.1940;1940
13515;31.12.1940;1940
13516;01.01.1941;1941
13517;02.01.1941;1941
13518;03.01.1941;1941
13519;04.01.1941;1941
13520;05.01.1941;1941
13521;06.01.1941;1941
13522;07.01.1941;1941
13523;08.01.1941;1941
13524;09.01.1941;1941
13525;10.01.1941;1941
13526;11.01.1941;1941
13527;12.01.1941;1941
13528;13.01.1941;1941
13529;14.01.1941;1941
13530;15.01.1941;1941
13531;16.01.1941;1941
13532;17.01.1941;1941
13533;18.01.1941;1941
13534;19.01.1941;1941
13535;20.01.1941;1941
13536;21.01.1941;1941
13537;22.01.1941;1941
13538;23.01.1941;1941
13539;24.01.1941;1941
13540;25.01.1941;1941
13541;26.01.1941;1941
13542;27.01.1941;1941
13543;28.01.1941;1941
13544;29.01.1941;1941
13545;30.01.1941;1941
13546;31.01.1941;1941
13547;01.02.1941;1941
13548;02.02.1941;1941
13549;03.02.1941;1941
13550;04.02.1941;1941
13551;05.02.1941;1941
13552;06.02.1941;1941
13553;07.02.1941;1941
13554;08.02.1941;1941
13555;09.02.1941;1941
13556;10.02.1941;1941
13557;11.02.1941;1941
13558;12.02.1941;1941
13559;13.02.1941;1941
13560;14.02.1941;1941
13561;15.02.1941;1941
13562;16.02.1941;1941
13563;17.02.1941;1941
13564;18.02.1941;1941
13565;19.02.1941;1941
13566;20.02.1941;1941
13567;21.02.1941;1941
13568;22.02.1941;1941
13569;23.02.1941;1941
13570;24.02.1941;1941
13571;25.02.1941;1941
13572;26.02.1941;1941
13573;27.02.1941;1941
13574;28.02.1941;1941
13575;01.03.1941;1941
13576;02.03.1941;1941
13577;03.03.1941;1941
13578;04.03.1941;1941
13579;05.03.1941;1941
13580;06.03.1941;1941
13581;07.03.1941;1941
13582;08.03.1941;1941
13583;09.03.1941;1941
13584;10.03.1941;1941
13585;11.03.1941;1941
13586;12.03.1941;1941
13587;13.03.1941;1941
13588;14.03.1941;1941
13589;15.03.1941;1941
13590;16.03.1941;1941
13591;17.03.1941;1941
13592;18.03.1941;1941
13593;19.03.1941;1941
13594;20.03.1941;1941
13595;21.03.1941;1941
13596;22.03.1941;1941
13597;23.03.1941;1941
13598;24.03.1941;1941
13599;25.03.1941;1941
13600;26.03.1941;1941
13601;27.03.1941;1941
13602;28.03.1941;1941
13603;29.03.1941;1941
13604;30.03.1941;1941
13605;31.03.1941;1941
13606;01.04.1941;1941
13607;02.04.1941;1941
13608;03.04.1941;1941
13609;04.04.1941;1941
13610;05.04.1941;1941
13611;06.04.1941;1941
13612;07.04.1941;1941
13613;08.04.1941;1941
13614;09.04.1941;1941
13615;10.04.1941;1941
13616;11.04.1941;1941
13617;12.04.1941;1941
13618;13.04.1941;1941
13619;14.04.1941;1941
13620;15.04.1941;1941
13621;16.04.1941;1941
13622;17.04.1941;1941
13623;18.04.1941;1941
13624;19.04.1941;1941
13625;20.04.1941;1941
13626;21.04.1941;1941
13627;22.04.1941;1941
13628;23.04.1941;1941
13629;24.04.1941;1941
13630;25.04.1941;1941
13631;26.04.1941;1941
13632;27.04.1941;1941
13633;28.04.1941;1941
13634;29.04.1941;1941
13635;30.04.1941;1941
13636;01.05.1941;1941
13637;02.05.1941;1941
13638;03.05.1941;1941
13639;04.05.1941;1941
13640;05.05.1941;1941
13641;06.05.1941;1941
13642;07.05.1941;1941
13643;08.05.1941;1941
13644;09.05.1941;1941
13645;10.05.1941;1941
13646;11.05.1941;1941
13647;12.05.1941;1941
13648;13.05.1941;1941
13649;14.05.1941;1941
13650;15.05.1941;1941
13651;16.05.1941;1941
13652;17.05.1941;1941
13653;18.05.1941;1941
13654;19.05.1941;1941
13655;20.05.1941;1941
13656;21.05.1941;1941
13657;22.05.1941;1941
13658;23.05.1941;1941
13659;24.05.1941;1941
13660;25.05.1941;1941
13661;26.05.1941;1941
13662;27.05.1941;1941
13663;28.05.1941;1941
13664;29.05.1941;1941
13665;30.05.1941;1941
13666;31.05.1941;1941
13667;01.06.1941;1941
13668;02.06.1941;1941
13669;03.06.1941;1941
13670;04.06.1941;1941
13671;05.06.1941;1941
13672;06.06.1941;1941
13673;07.06.1941;1941
13674;08.06.1941;1941
13675;09.06.1941;1941
13676;10.06.1941;1941
13677;11.06.1941;1941
13678;12.06.1941;1941
13679;13.06.1941;1941
13680;14.06.1941;1941
13681;15.06.1941;1941
13682;16.06.1941;1941
13683;17.06.1941;1941
13684;18.06.1941;1941
13685;19.06.1941;1941
13686;20.06.1941;1941
13687;21.06.1941;1941
13688;22.06.1941;1941
13689;23.06.1941;1941
13690;24.06.1941;1941
13691;25.06.1941;1941
13692;26.06.1941;1941
13693;27.06.1941;1941
13694;28.06.1941;1941
13695;29.06.1941;1941
13696;30.06.1941;1941
13697;01.07.1941;1941
13698;02.07.1941;1941
13699;03.07.1941;1941
13700;04.07.1941;1941
13701;05.07.1941;1941
13702;06.07.1941;1941
13703;07.07.1941;1941
13704;08.07.1941;1941
13705;09.07.1941;1941
13706;10.07.1941;1941
13707;11.07.1941;1941
13708;12.07.1941;1941
13709;13.07.1941;1941
13710;14.07.1941;1941
13711;15.07.1941;1941
13712;16.07.1941;1941
13713;17.07.1941;1941
13714;18.07.1941;1941
13715;19.07.1941;1941
13716;20.07.1941;1941
13717;21.07.1941;1941
13718;22.07.1941;1941
13719;23.07.1941;1941
13720;24.07.1941;1941
13721;25.07.1941;1941
13722;26.07.1941;1941
13723;27.07.1941;1941
13724;28.07.1941;1941
13725;29.07.1941;1941
13726;30.07.1941;1941
13727;31.07.1941;1941
13728;01.08.1941;1941
13729;02.08.1941;1941
13730;03.08.1941;1941
13731;04.08.1941;1941
13732;05.08.1941;1941
13733;06.08.1941;1941
13734;07.08.1941;1941
13735;08.08.1941;1941
13736;09.08.1941;1941
13737;10.08.1941;1941
13738;11.08.1941;1941
13739;12.08.1941;1941
13740;13.08.1941;1941
13741;14.08.1941;1941
13742;15.08.1941;1941
13743;16.08.1941;1941
13744;17.08.1941;1941
13745;18.08.1941;1941
13746;19.08.1941;1941
13747;20.08.1941;1941
13748;21.08.1941;1941
13749;22.08.1941;1941
13750;23.08.1941;1941
13751;24.08.1941;1941
13752;25.08.1941;1941
13753;26.08.1941;1941
13754;27.08.1941;1941
13755;28.08.1941;1941
13756;29.08.1941;1941
13757;30.08.1941;1941
13758;31.08.1941;1941
13759;01.09.1941;1941
13760;02.09.1941;1941
13761;03.09.1941;1941
13762;04.09.1941;1941
13763;05.09.1941;1941
13764;06.09.1941;1941
13765;07.09.1941;1941
13766;08.09.1941;1941
13767;09.09.1941;1941
13768;10.09.1941;1941
13769;11.09.1941;1941
13770;12.09.1941;1941
13771;13.09.1941;1941
13772;14.09.1941;1941
13773;15.09.1941;1941
13774;16.09.1941;1941
13775;17.09.1941;1941
13776;18.09.1941;1941
13777;19.09.1941;1941
13778;20.09.1941;1941
13779;21.09.1941;1941
13780;22.09.1941;1941
13781;23.09.1941;1941
13782;24.09.1941;1941
13783;25.09.1941;1941
13784;26.09.1941;1941
13785;27.09.1941;1941
13786;28.09.1941;1941
13787;29.09.1941;1941
13788;30.09.1941;1941
13789;01.10.1941;1941
13790;02.10.1941;1941
13791;03.10.1941;1941
13792;04.10.1941;1941
13793;05.10.1941;1941
13794;06.10.1941;1941
13795;07.10.1941;1941
13796;08.10.1941;1941
13797;09.10.1941;1941
13798;10.10.1941;1941
13799;11.10.1941;1941
13800;12.10.1941;1941
13801;13.10.1941;1941
13802;14.10.1941;1941
13803;15.10.1941;1941
13804;16.10.1941;1941
13805;17.10.1941;1941
13806;18.10.1941;1941
13807;19.10.1941;1941
13808;20.10.1941;1941
13809;21.10.1941;1941
13810;22.10.1941;1941
13811;23.10.1941;1941
13812;24.10.1941;1941
13813;25.10.1941;1941
13814;26.10.1941;1941
13815;27.10.1941;1941
13816;28.10.1941;1941
13817;29.10.1941;1941
13818;30.10.1941;1941
13819;31.10.1941;1941
13820;01.11.1941;1941
13821;02.11.1941;1941
13822;03.11.1941;1941
13823;04.11.1941;1941
13824;05.11.1941;1941
13825;06.11.1941;1941
13826;07.11.1941;1941
13827;08.11.1941;1941
13828;09.11.1941;1941
13829;10.11.1941;1941
13830;11.11.1941;1941
13831;12.11.1941;1941
13832;13.11.1941;1941
13833;14.11.1941;1941
13834;15.11.1941;1941
13835;16.11.1941;1941
13836;17.11.1941;1941
13837;18.11.1941;1941
13838;19.11.1941;1941
13839;20.11.1941;1941
13840;21.11.1941;1941
13841;22.11.1941;1941
13842;23.11.1941;1941
13843;24.11.1941;1941
13844;25.11.1941;1941
13845;26.11.1941;1941
13846;27.11.1941;1941
13847;28.11.1941;1941
13848;29.11.1941;1941
13849;30.11.1941;1941
13850;01.12.1941;1941
13851;02.12.1941;1941
13852;03.12.1941;1941
13853;04.12.1941;1941
13854;05.12.1941;1941
13855;06.12.1941;1941
13856;07.12.1941;1941
13857;08.12.1941;1941
13858;09.12.1941;1941
13859;10.12.1941;1941
13860;11.12.1941;1941
13861;12.12.1941;1941
13862;13.12.1941;1941
13863;14.12.1941;1941
13864;15.12.1941;1941
13865;16.12.1941;1941
13866;17.12.1941;1941
13867;18.12.1941;1941
13868;19.12.1941;1941
13869;20.12.1941;1941
13870;21.12.1941;1941
13871;22.12.1941;1941
13872;23.12.1941;1941
13873;24.12.1941;1941
13874;25.12.1941;1941
13875;26.12.1941;1941
13876;27.12.1941;1941
13877;28.12.1941;1941
13878;29.12.1941;1941
13879;30.12.1941;1941
13880;31.12.1941;1941
13881;01.01.1942;1942
13882;02.01.1942;1942
13883;03.01.1942;1942
13884;04.01.1942;1942
13885;05.01.1942;1942
13886;06.01.1942;1942
13887;07.01.1942;1942
13888;08.01.1942;1942
13889;09.01.1942;1942
13890;10.01.1942;1942
13891;11.01.1942;1942
13892;12.01.1942;1942
13893;13.01.1942;1942
13894;14.01.1942;1942
13895;15.01.1942;1942
13896;16.01.1942;1942
13897;17.01.1942;1942
13898;18.01.1942;1942
13899;19.01.1942;1942
13900;20.01.1942;1942
13901;21.01.1942;1942
13902;22.01.1942;1942
13903;23.01.1942;1942
13904;24.01.1942;1942
13905;25.01.1942;1942
13906;26.01.1942;1942
13907;27.01.1942;1942
13908;28.01.1942;1942
13909;29.01.1942;1942
13910;30.01.1942;1942
13911;31.01.1942;1942
13912;01.02.1942;1942
13913;02.02.1942;1942
13914;03.02.1942;1942
13915;04.02.1942;1942
13916;05.02.1942;1942
13917;06.02.1942;1942
13918;07.02.1942;1942
13919;08.02.1942;1942
13920;09.02.1942;1942
13921;10.02.1942;1942
13922;11.02.1942;1942
13923;12.02.1942;1942
13924;13.02.1942;1942
13925;14.02.1942;1942
13926;15.02.1942;1942
13927;16.02.1942;1942
13928;17.02.1942;1942
13929;18.02.1942;1942
13930;19.02.1942;1942
13931;20.02.1942;1942
13932;21.02.1942;1942
13933;22.02.1942;1942
13934;23.02.1942;1942
13935;24.02.1942;1942
13936;25.02.1942;1942
13937;26.02.1942;1942
13938;27.02.1942;1942
13939;28.02.1942;1942
13940;01.03.1942;1942
13941;02.03.1942;1942
13942;03.03.1942;1942
13943;04.03.1942;1942
13944;05.03.1942;1942
13945;06.03.1942;1942
13946;07.03.1942;1942
13947;08.03.1942;1942
13948;09.03.1942;1942
13949;10.03.1942;1942
13950;11.03.1942;1942
13951;12.03.1942;1942
13952;13.03.1942;1942
13953;14.03.1942;1942
13954;15.03.1942;1942
13955;16.03.1942;1942
13956;17.03.1942;1942
13957;18.03.1942;1942
13958;19.03.1942;1942
13959;20.03.1942;1942
13960;21.03.1942;1942
13961;22.03.1942;1942
13962;23.03.1942;1942
13963;24.03.1942;1942
13964;25.03.1942;1942
13965;26.03.1942;1942
13966;27.03.1942;1942
13967;28.03.1942;1942
13968;29.03.1942;1942
13969;30.03.1942;1942
13970;31.03.1942;1942
13971;01.04.1942;1942
13972;02.04.1942;1942
13973;03.04.1942;1942
13974;04.04.1942;1942
13975;05.04.1942;1942
13976;06.04.1942;1942
13977;07.04.1942;1942
13978;08.04.1942;1942
13979;09.04.1942;1942
13980;10.04.1942;1942
13981;11.04.1942;1942
13982;12.04.1942;1942
13983;13.04.1942;1942
13984;14.04.1942;1942
13985;15.04.1942;1942
13986;16.04.1942;1942
13987;17.04.1942;1942
13988;18.04.1942;1942
13989;19.04.1942;1942
13990;20.04.1942;1942
13991;21.04.1942;1942
13992;22.04.1942;1942
13993;23.04.1942;1942
13994;24.04.1942;1942
13995;25.04.1942;1942
13996;26.04.1942;1942
13997;27.04.1942;1942
13998;28.04.1942;1942
13999;29.04.1942;1942
14000;30.04.1942;1942
14001;01.05.1942;1942
14002;02.05.1942;1942
14003;03.05.1942;1942
14004;04.05.1942;1942
14005;05.05.1942;1942
14006;06.05.1942;1942
14007;07.05.1942;1942
14008;08.05.1942;1942
14009;09.05.1942;1942
14010;10.05.1942;1942
14011;11.05.1942;1942
14012;12.05.1942;1942
14013;13.05.1942;1942
14014;14.05.1942;1942
14015;15.05.1942;1942
14016;16.05.1942;1942
14017;17.05.1942;1942
14018;18.05.1942;1942
14019;19.05.1942;1942
14020;20.05.1942;1942
14021;21.05.1942;1942
14022;22.05.1942;1942
14023;23.05.1942;1942
14024;24.05.1942;1942
14025;25.05.1942;1942
14026;26.05.1942;1942
14027;27.05.1942;1942
14028;28.05.1942;1942
14029;29.05.1942;1942
14030;30.05.1942;1942
14031;31.05.1942;1942
14032;01.06.1942;1942
14033;02.06.1942;1942
14034;03.06.1942;1942
14035;04.06.1942;1942
14036;05.06.1942;1942
14037;06.06.1942;1942
14038;07.06.1942;1942
14039;08.06.1942;1942
14040;09.06.1942;1942
14041;10.06.1942;1942
14042;11.06.1942;1942
14043;12.06.1942;1942
14044;13.06.1942;1942
14045;14.06.1942;1942
14046;15.06.1942;1942
14047;16.06.1942;1942
14048;17.06.1942;1942
14049;18.06.1942;1942
14050;19.06.1942;1942
14051;20.06.1942;1942
14052;21.06.1942;1942
14053;22.06.1942;1942
14054;23.06.1942;1942
14055;24.06.1942;1942
14056;25.06.1942;1942
14057;26.06.1942;1942
14058;27.06.1942;1942
14059;28.06.1942;1942
14060;29.06.1942;1942
14061;30.06.1942;1942
14062;01.07.1942;1942
14063;02.07.1942;1942
14064;03.07.1942;1942
14065;04.07.1942;1942
14066;05.07.1942;1942
14067;06.07.1942;1942
14068;07.07.1942;1942
14069;08.07.1942;1942
14070;09.07.1942;1942
14071;10.07.1942;1942
14072;11.07.1942;1942
14073;12.07.1942;1942
14074;13.07.1942;1942
14075;14.07.1942;1942
14076;15.07.1942;1942
14077;16.07.1942;1942
14078;17.07.1942;1942
14079;18.07.1942;1942
14080;19.07.1942;1942
14081;20.07.1942;1942
14082;21.07.1942;1942
14083;22.07.1942;1942
14084;23.07.1942;1942
14085;24.07.1942;1942
14086;25.07.1942;1942
14087;26.07.1942;1942
14088;27.07.1942;1942
14089;28.07.1942;1942
14090;29.07.1942;1942
14091;30.07.1942;1942
14092;31.07.1942;1942
14093;01.08.1942;1942
14094;02.08.1942;1942
14095;03.08.1942;1942
14096;04.08.1942;1942
14097;05.08.1942;1942
14098;06.08.1942;1942
14099;07.08.1942;1942
14100;08.08.1942;1942
14101;09.08.1942;1942
14102;10.08.1942;1942
14103;11.08.1942;1942
14104;12.08.1942;1942
14105;13.08.1942;1942
14106;14.08.1942;1942
14107;15.08.1942;1942
14108;16.08.1942;1942
14109;17.08.1942;1942
14110;18.08.1942;1942
14111;19.08.1942;1942
14112;20.08.1942;1942
14113;21.08.1942;1942
14114;22.08.1942;1942
14115;23.08.1942;1942
14116;24.08.1942;1942
14117;25.08.1942;1942
14118;26.08.1942;1942
14119;27.08.1942;1942
14120;28.08.1942;1942
14121;29.08.1942;1942
14122;30.08.1942;1942
14123;31.08.1942;1942
14124;01.09.1942;1942
14125;02.09.1942;1942
14126;03.09.1942;1942
14127;04.09.1942;1942
14128;05.09.1942;1942
14129;06.09.1942;1942
14130;07.09.1942;1942
14131;08.09.1942;1942
14132;09.09.1942;1942
14133;10.09.1942;1942
14134;11.09.1942;1942
14135;12.09.1942;1942
14136;13.09.1942;1942
14137;14.09.1942;1942
14138;15.09.1942;1942
14139;16.09.1942;1942
14140;17.09.1942;1942
14141;18.09.1942;1942
14142;19.09.1942;1942
14143;20.09.1942;1942
14144;21.09.1942;1942
14145;22.09.1942;1942
14146;23.09.1942;1942
14147;24.09.1942;1942
14148;25.09.1942;1942
14149;26.09.1942;1942
14150;27.09.1942;1942
14151;28.09.1942;1942
14152;29.09.1942;1942
14153;30.09.1942;1942
14154;01.10.1942;1942
14155;02.10.1942;1942
14156;03.10.1942;1942
14157;04.10.1942;1942
14158;05.10.1942;1942
14159;06.10.1942;1942
14160;07.10.1942;1942
14161;08.10.1942;1942
14162;09.10.1942;1942
14163;10.10.1942;1942
14164;11.10.1942;1942
14165;12.10.1942;1942
14166;13.10.1942;1942
14167;14.10.1942;1942
14168;15.10.1942;1942
14169;16.10.1942;1942
14170;17.10.1942;1942
14171;18.10.1942;1942
14172;19.10.1942;1942
14173;20.10.1942;1942
14174;21.10.1942;1942
14175;22.10.1942;1942
14176;23.10.1942;1942
14177;24.10.1942;1942
14178;25.10.1942;1942
14179;26.10.1942;1942
14180;27.10.1942;1942
14181;28.10.1942;1942
14182;29.10.1942;1942
14183;30.10.1942;1942
14184;31.10.1942;1942
14185;01.11.1942;1942
14186;02.11.1942;1942
14187;03.11.1942;1942
14188;04.11.1942;1942
14189;05.11.1942;1942
14190;06.11.1942;1942
14191;07.11.1942;1942
14192;08.11.1942;1942
14193;09.11.1942;1942
14194;10.11.1942;1942
14195;11.11.1942;1942
14196;12.11.1942;1942
14197;13.11.1942;1942
14198;14.11.1942;1942
14199;15.11.1942;1942
14200;16.11.1942;1942
14201;17.11.1942;1942
14202;18.11.1942;1942
14203;19.11.1942;1942
14204;20.11.1942;1942
14205;21.11.1942;1942
14206;22.11.1942;1942
14207;23.11.1942;1942
14208;24.11.1942;1942
14209;25.11.1942;1942
14210;26.11.1942;1942
14211;27.11.1942;1942
14212;28.11.1942;1942
14213;29.11.1942;1942
14214;30.11.1942;1942
14215;01.12.1942;1942
14216;02.12.1942;1942
14217;03.12.1942;1942
14218;04.12.1942;1942
14219;05.12.1942;1942
14220;06.12.1942;1942
14221;07.12.1942;1942
14222;08.12.1942;1942
14223;09.12.1942;1942
14224;10.12.1942;1942
14225;11.12.1942;1942
14226;12.12.1942;1942
14227;13.12.1942;1942
14228;14.12.1942;1942
14229;15.12.1942;1942
14230;16.12.1942;1942
14231;17.12.1942;1942
14232;18.12.1942;1942
14233;19.12.1942;1942
14234;20.12.1942;1942
14235;21.12.1942;1942
14236;22.12.1942;1942
14237;23.12.1942;1942
14238;24.12.1942;1942
14239;25.12.1942;1942
14240;26.12.1942;1942
14241;27.12.1942;1942
14242;28.12.1942;1942
14243;29.12.1942;1942
14244;30.12.1942;1942
14245;31.12.1942;1942
14246;01.01.1943;1943
14247;02.01.1943;1943
14248;03.01.1943;1943
14249;04.01.1943;1943
14250;05.01.1943;1943
14251;06.01.1943;1943
14252;07.01.1943;1943
14253;08.01.1943;1943
14254;09.01.1943;1943
14255;10.01.1943;1943
14256;11.01.1943;1943
14257;12.01.1943;1943
14258;13.01.1943;1943
14259;14.01.1943;1943
14260;15.01.1943;1943
14261;16.01.1943;1943
14262;17.01.1943;1943
14263;18.01.1943;1943
14264;19.01.1943;1943
14265;20.01.1943;1943
14266;21.01.1943;1943
14267;22.01.1943;1943
14268;23.01.1943;1943
14269;24.01.1943;1943
14270;25.01.1943;1943
14271;26.01.1943;1943
14272;27.01.1943;1943
14273;28.01.1943;1943
14274;29.01.1943;1943
14275;30.01.1943;1943
14276;31.01.1943;1943
14277;01.02.1943;1943
14278;02.02.1943;1943
14279;03.02.1943;1943
14280;04.02.1943;1943
14281;05.02.1943;1943
14282;06.02.1943;1943
14283;07.02.1943;1943
14284;08.02.1943;1943
14285;09.02.1943;1943
14286;10.02.1943;1943
14287;11.02.1943;1943
14288;12.02.1943;1943
14289;13.02.1943;1943
14290;14.02.1943;1943
14291;15.02.1943;1943
14292;16.02.1943;1943
14293;17.02.1943;1943
14294;18.02.1943;1943
14295;19.02.1943;1943
14296;20.02.1943;1943
14297;21.02.1943;1943
14298;22.02.1943;1943
14299;23.02.1943;1943
14300;24.02.1943;1943
14301;25.02.1943;1943
14302;26.02.1943;1943
14303;27.02.1943;1943
14304;28.02.1943;1943
14305;01.03.1943;1943
14306;02.03.1943;1943
14307;03.03.1943;1943
14308;04.03.1943;1943
14309;05.03.1943;1943
14310;06.03.1943;1943
14311;07.03.1943;1943
14312;08.03.1943;1943
14313;09.03.1943;1943
14314;10.03.1943;1943
14315;11.03.1943;1943
14316;12.03.1943;1943
14317;13.03.1943;1943
14318;14.03.1943;1943
14319;15.03.1943;1943
14320;16.03.1943;1943
14321;17.03.1943;1943
14322;18.03.1943;1943
14323;19.03.1943;1943
14324;20.03.1943;1943
14325;21.03.1943;1943
14326;22.03.1943;1943
14327;23.03.1943;1943
14328;24.03.1943;1943
14329;25.03.1943;1943
14330;26.03.1943;1943
14331;27.03.1943;1943
14332;28.03.1943;1943
14333;29.03.1943;1943
14334;30.03.1943;1943
14335;31.03.1943;1943
14336;01.04.1943;1943
14337;02.04.1943;1943
14338;03.04.1943;1943
14339;04.04.1943;1943
14340;05.04.1943;1943
14341;06.04.1943;1943
14342;07.04.1943;1943
14343;08.04.1943;1943
14344;09.04.1943;1943
14345;10.04.1943;1943
14346;11.04.1943;1943
14347;12.04.1943;1943
14348;13.04.1943;1943
14349;14.04.1943;1943
14350;15.04.1943;1943
14351;16.04.1943;1943
14352;17.04.1943;1943
14353;18.04.1943;1943
14354;19.04.1943;1943
14355;20.04.1943;1943
14356;21.04.1943;1943
14357;22.04.1943;1943
14358;23.04.1943;1943
14359;24.04.1943;1943
14360;25.04.1943;1943
14361;26.04.1943;1943
14362;27.04.1943;1943
14363;28.04.1943;1943
14364;29.04.1943;1943
14365;30.04.1943;1943
14366;01.05.1943;1943
14367;02.05.1943;1943
14368;03.05.1943;1943
14369;04.05.1943;1943
14370;05.05.1943;1943
14371;06.05.1943;1943
14372;07.05.1943;1943
14373;08.05.1943;1943
14374;09.05.1943;1943
14375;10.05.1943;1943
14376;11.05.1943;1943
14377;12.05.1943;1943
14378;13.05.1943;1943
14379;14.05.1943;1943
14380;15.05.1943;1943
14381;16.05.1943;1943
14382;17.05.1943;1943
14383;18.05.1943;1943
14384;19.05.1943;1943
14385;20.05.1943;1943
14386;21.05.1943;1943
14387;22.05.1943;1943
14388;23.05.1943;1943
14389;24.05.1943;1943
14390;25.05.1943;1943
14391;26.05.1943;1943
14392;27.05.1943;1943
14393;28.05.1943;1943
14394;29.05.1943;1943
14395;30.05.1943;1943
14396;31.05.1943;1943
14397;01.06.1943;1943
14398;02.06.1943;1943
14399;03.06.1943;1943
14400;04.06.1943;1943
14401;05.06.1943;1943
14402;06.06.1943;1943
14403;07.06.1943;1943
14404;08.06.1943;1943
14405;09.06.1943;1943
14406;10.06.1943;1943
14407;11.06.1943;1943
14408;12.06.1943;1943
14409;13.06.1943;1943
14410;14.06.1943;1943
14411;15.06.1943;1943
14412;16.06.1943;1943
14413;17.06.1943;1943
14414;18.06.1943;1943
14415;19.06.1943;1943
14416;20.06.1943;1943
14417;21.06.1943;1943
14418;22.06.1943;1943
14419;23.06.1943;1943
14420;24.06.1943;1943
14421;25.06.1943;1943
14422;26.06.1943;1943
14423;27.06.1943;1943
14424;28.06.1943;1943
14425;29.06.1943;1943
14426;30.06.1943;1943
14427;01.07.1943;1943
14428;02.07.1943;1943
14429;03.07.1943;1943
14430;04.07.1943;1943
14431;05.07.1943;1943
14432;06.07.1943;1943
14433;07.07.1943;1943
14434;08.07.1943;1943
14435;09.07.1943;1943
14436;10.07.1943;1943
14437;11.07.1943;1943
14438;12.07.1943;1943
14439;13.07.1943;1943
14440;14.07.1943;1943
14441;15.07.1943;1943
14442;16.07.1943;1943
14443;17.07.1943;1943
14444;18.07.1943;1943
14445;19.07.1943;1943
14446;20.07.1943;1943
14447;21.07.1943;1943
14448;22.07.1943;1943
14449;23.07.1943;1943
14450;24.07.1943;1943
14451;25.07.1943;1943
14452;26.07.1943;1943
14453;27.07.1943;1943
14454;28.07.1943;1943
14455;29.07.1943;1943
14456;30.07.1943;1943
14457;31.07.1943;1943
14458;01.08.1943;1943
14459;02.08.1943;1943
14460;03.08.1943;1943
14461;04.08.1943;1943
14462;05.08.1943;1943
14463;06.08.1943;1943
14464;07.08.1943;1943
14465;08.08.1943;1943
14466;09.08.1943;1943
14467;10.08.1943;1943
14468;11.08.1943;1943
14469;12.08.1943;1943
14470;13.08.1943;1943
14471;14.08.1943;1943
14472;15.08.1943;1943
14473;16.08.1943;1943
14474;17.08.1943;1943
14475;18.08.1943;1943
14476;19.08.1943;1943
14477;20.08.1943;1943
14478;21.08.1943;1943
14479;22.08.1943;1943
14480;23.08.1943;1943
14481;24.08.1943;1943
14482;25.08.1943;1943
14483;26.08.1943;1943
14484;27.08.1943;1943
14485;28.08.1943;1943
14486;29.08.1943;1943
14487;30.08.1943;1943
14488;31.08.1943;1943
14489;01.09.1943;1943
14490;02.09.1943;1943
14491;03.09.1943;1943
14492;04.09.1943;1943
14493;05.09.1943;1943
14494;06.09.1943;1943
14495;07.09.1943;1943
14496;08.09.1943;1943
14497;09.09.1943;1943
14498;10.09.1943;1943
14499;11.09.1943;1943
14500;12.09.1943;1943
14501;13.09.1943;1943
14502;14.09.1943;1943
14503;15.09.1943;1943
14504;16.09.1943;1943
14505;17.09.1943;1943
14506;18.09.1943;1943
14507;19.09.1943;1943
14508;20.09.1943;1943
14509;21.09.1943;1943
14510;22.09.1943;1943
14511;23.09.1943;1943
14512;24.09.1943;1943
14513;25.09.1943;1943
14514;26.09.1943;1943
14515;27.09.1943;1943
14516;28.09.1943;1943
14517;29.09.1943;1943
14518;30.09.1943;1943
14519;01.10.1943;1943
14520;02.10.1943;1943
14521;03.10.1943;1943
14522;04.10.1943;1943
14523;05.10.1943;1943
14524;06.10.1943;1943
14525;07.10.1943;1943
14526;08.10.1943;1943
14527;09.10.1943;1943
14528;10.10.1943;1943
14529;11.10.1943;1943
14530;12.10.1943;1943
14531;13.10.1943;1943
14532;14.10.1943;1943
14533;15.10.1943;1943
14534;16.10.1943;1943
14535;17.10.1943;1943
14536;18.10.1943;1943
14537;19.10.1943;1943
14538;20.10.1943;1943
14539;21.10.1943;1943
14540;22.10.1943;1943
14541;23.10.1943;1943
14542;24.10.1943;1943
14543;25.10.1943;1943
14544;26.10.1943;1943
14545;27.10.1943;1943
14546;28.10.1943;1943
14547;29.10.1943;1943
14548;30.10.1943;1943
14549;31.10.1943;1943
14550;01.11.1943;1943
14551;02.11.1943;1943
14552;03.11.1943;1943
14553;04.11.1943;1943
14554;05.11.1943;1943
14555;06.11.1943;1943
14556;07.11.1943;1943
14557;08.11.1943;1943
14558;09.11.1943;1943
14559;10.11.1943;1943
14560;11.11.1943;1943
14561;12.11.1943;1943
14562;13.11.1943;1943
14563;14.11.1943;1943
14564;15.11.1943;1943
14565;16.11.1943;1943
14566;17.11.1943;1943
14567;18.11.1943;1943
14568;19.11.1943;1943
14569;20.11.1943;1943
14570;21.11.1943;1943
14571;22.11.1943;1943
14572;23.11.1943;1943
14573;24.11.1943;1943
14574;25.11.1943;1943
14575;26.11.1943;1943
14576;27.11.1943;1943
14577;28.11.1943;1943
14578;29.11.1943;1943
14579;30.11.1943;1943
14580;01.12.1943;1943
14581;02.12.1943;1943
14582;03.12.1943;1943
14583;04.12.1943;1943
14584;05.12.1943;1943
14585;06.12.1943;1943
14586;07.12.1943;1943
14587;08.12.1943;1943
14588;09.12.1943;1943
14589;10.12.1943;1943
14590;11.12.1943;1943
14591;12.12.1943;1943
14592;13.12.1943;1943
14593;14.12.1943;1943
14594;15.12.1943;1943
14595;16.12.1943;1943
14596;17.12.1943;1943
14597;18.12.1943;1943
14598;19.12.1943;1943
14599;20.12.1943;1943
14600;21.12.1943;1943
14601;22.12.1943;1943
14602;23.12.1943;1943
14603;24.12.1943;1943
14604;25.12.1943;1943
14605;26.12.1943;1943
14606;27.12.1943;1943
14607;28.12.1943;1943
14608;29.12.1943;1943
14609;30.12.1943;1943
14610;31.12.1943;1943
14611;01.01.1944;1944
14612;02.01.1944;1944
14613;03.01.1944;1944
14614;04.01.1944;1944
14615;05.01.1944;1944
14616;06.01.1944;1944
14617;07.01.1944;1944
14618;08.01.1944;1944
14619;09.01.1944;1944
14620;10.01.1944;1944
14621;11.01.1944;1944
14622;12.01.1944;1944
14623;13.01.1944;1944
14624;14.01.1944;1944
14625;15.01.1944;1944
14626;16.01.1944;1944
14627;17.01.1944;1944
14628;18.01.1944;1944
14629;19.01.1944;1944
14630;20.01.1944;1944
14631;21.01.1944;1944
14632;22.01.1944;1944
14633;23.01.1944;1944
14634;24.01.1944;1944
14635;25.01.1944;1944
14636;26.01.1944;1944
14637;27.01.1944;1944
14638;28.01.1944;1944
14639;29.01.1944;1944
14640;30.01.1944;1944
14641;31.01.1944;1944
14642;01.02.1944;1944
14643;02.02.1944;1944
14644;03.02.1944;1944
14645;04.02.1944;1944
14646;05.02.1944;1944
14647;06.02.1944;1944
14648;07.02.1944;1944
14649;08.02.1944;1944
14650;09.02.1944;1944
14651;10.02.1944;1944
14652;11.02.1944;1944
14653;12.02.1944;1944
14654;13.02.1944;1944
14655;14.02.1944;1944
14656;15.02.1944;1944
14657;16.02.1944;1944
14658;17.02.1944;1944
14659;18.02.1944;1944
14660;19.02.1944;1944
14661;20.02.1944;1944
14662;21.02.1944;1944
14663;22.02.1944;1944
14664;23.02.1944;1944
14665;24.02.1944;1944
14666;25.02.1944;1944
14667;26.02.1944;1944
14668;27.02.1944;1944
14669;28.02.1944;1944
14670;29.02.1944;1944
14671;01.03.1944;1944
14672;02.03.1944;1944
14673;03.03.1944;1944
14674;04.03.1944;1944
14675;05.03.1944;1944
14676;06.03.1944;1944
14677;07.03.1944;1944
14678;08.03.1944;1944
14679;09.03.1944;1944
14680;10.03.1944;1944
14681;11.03.1944;1944
14682;12.03.1944;1944
14683;13.03.1944;1944
14684;14.03.1944;1944
14685;15.03.1944;1944
14686;16.03.1944;1944
14687;17.03.1944;1944
14688;18.03.1944;1944
14689;19.03.1944;1944
14690;20.03.1944;1944
14691;21.03.1944;1944
14692;22.03.1944;1944
14693;23.03.1944;1944
14694;24.03.1944;1944
14695;25.03.1944;1944
14696;26.03.1944;1944
14697;27.03.1944;1944
14698;28.03.1944;1944
14699;29.03.1944;1944
14700;30.03.1944;1944
14701;31.03.1944;1944
14702;01.04.1944;1944
14703;02.04.1944;1944
14704;03.04.1944;1944
14705;04.04.1944;1944
14706;05.04.1944;1944
14707;06.04.1944;1944
14708;07.04.1944;1944
14709;08.04.1944;1944
14710;09.04.1944;1944
14711;10.04.1944;1944
14712;11.04.1944;1944
14713;12.04.1944;1944
14714;13.04.1944;1944
14715;14.04.1944;1944
14716;15.04.1944;1944
14717;16.04.1944;1944
14718;17.04.1944;1944
14719;18.04.1944;1944
14720;19.04.1944;1944
14721;20.04.1944;1944
14722;21.04.1944;1944
14723;22.04.1944;1944
14724;23.04.1944;1944
14725;24.04.1944;1944
14726;25.04.1944;1944
14727;26.04.1944;1944
14728;27.04.1944;1944
14729;28.04.1944;1944
14730;29.04.1944;1944
14731;30.04.1944;1944
14732;01.05.1944;1944
14733;02.05.1944;1944
14734;03.05.1944;1944
14735;04.05.1944;1944
14736;05.05.1944;1944
14737;06.05.1944;1944
14738;07.05.1944;1944
14739;08.05.1944;1944
14740;09.05.1944;1944
14741;10.05.1944;1944
14742;11.05.1944;1944
14743;12.05.1944;1944
14744;13.05.1944;1944
14745;14.05.1944;1944
14746;15.05.1944;1944
14747;16.05.1944;1944
14748;17.05.1944;1944
14749;18.05.1944;1944
14750;19.05.1944;1944
14751;20.05.1944;1944
14752;21.05.1944;1944
14753;22.05.1944;1944
14754;23.05.1944;1944
14755;24.05.1944;1944
14756;25.05.1944;1944
14757;26.05.1944;1944
14758;27.05.1944;1944
14759;28.05.1944;1944
14760;29.05.1944;1944
14761;30.05.1944;1944
14762;31.05.1944;1944
14763;01.06.1944;1944
14764;02.06.1944;1944
14765;03.06.1944;1944
14766;04.06.1944;1944
14767;05.06.1944;1944
14768;06.06.1944;1944
14769;07.06.1944;1944
14770;08.06.1944;1944
14771;09.06.1944;1944
14772;10.06.1944;1944
14773;11.06.1944;1944
14774;12.06.1944;1944
14775;13.06.1944;1944
14776;14.06.1944;1944
14777;15.06.1944;1944
14778;16.06.1944;1944
14779;17.06.1944;1944
14780;18.06.1944;1944
14781;19.06.1944;1944
14782;20.06.1944;1944
14783;21.06.1944;1944
14784;22.06.1944;1944
14785;23.06.1944;1944
14786;24.06.1944;1944
14787;25.06.1944;1944
14788;26.06.1944;1944
14789;27.06.1944;1944
14790;28.06.1944;1944
14791;29.06.1944;1944
14792;30.06.1944;1944
14793;01.07.1944;1944
14794;02.07.1944;1944
14795;03.07.1944;1944
14796;04.07.1944;1944
14797;05.07.1944;1944
14798;06.07.1944;1944
14799;07.07.1944;1944
14800;08.07.1944;1944
14801;09.07.1944;1944
14802;10.07.1944;1944
14803;11.07.1944;1944
14804;12.07.1944;1944
14805;13.07.1944;1944
14806;14.07.1944;1944
14807;15.07.1944;1944
14808;16.07.1944;1944
14809;17.07.1944;1944
14810;18.07.1944;1944
14811;19.07.1944;1944
14812;20.07.1944;1944
14813;21.07.1944;1944
14814;22.07.1944;1944
14815;23.07.1944;1944
14816;24.07.1944;1944
14817;25.07.1944;1944
14818;26.07.1944;1944
14819;27.07.1944;1944
14820;28.07.1944;1944
14821;29.07.1944;1944
14822;30.07.1944;1944
14823;31.07.1944;1944
14824;01.08.1944;1944
14825;02.08.1944;1944
14826;03.08.1944;1944
14827;04.08.1944;1944
14828;05.08.1944;1944
14829;06.08.1944;1944
14830;07.08.1944;1944
14831;08.08.1944;1944
14832;09.08.1944;1944
14833;10.08.1944;1944
14834;11.08.1944;1944
14835;12.08.1944;1944
14836;13.08.1944;1944
14837;14.08.1944;1944
14838;15.08.1944;1944
14839;16.08.1944;1944
14840;17.08.1944;1944
14841;18.08.1944;1944
14842;19.08.1944;1944
14843;20.08.1944;1944
14844;21.08.1944;1944
14845;22.08.1944;1944
14846;23.08.1944;1944
14847;24.08.1944;1944
14848;25.08.1944;1944
14849;26.08.1944;1944
14850;27.08.1944;1944
14851;28.08.1944;1944
14852;29.08.1944;1944
14853;30.08.1944;1944
14854;31.08.1944;1944
14855;01.09.1944;1944
14856;02.09.1944;1944
14857;03.09.1944;1944
14858;04.09.1944;1944
14859;05.09.1944;1944
14860;06.09.1944;1944
14861;07.09.1944;1944
14862;08.09.1944;1944
14863;09.09.1944;1944
14864;10.09.1944;1944
14865;11.09.1944;1944
14866;12.09.1944;1944
14867;13.09.1944;1944
14868;14.09.1944;1944
14869;15.09.1944;1944
14870;16.09.1944;1944
14871;17.09.1944;1944
14872;18.09.1944;1944
14873;19.09.1944;1944
14874;20.09.1944;1944
14875;21.09.1944;1944
14876;22.09.1944;1944
14877;23.09.1944;1944
14878;24.09.1944;1944
14879;25.09.1944;1944
14880;26.09.1944;1944
14881;27.09.1944;1944
14882;28.09.1944;1944
14883;29.09.1944;1944
14884;30.09.1944;1944
14885;01.10.1944;1944
14886;02.10.1944;1944
14887;03.10.1944;1944
14888;04.10.1944;1944
14889;05.10.1944;1944
14890;06.10.1944;1944
14891;07.10.1944;1944
14892;08.10.1944;1944
14893;09.10.1944;1944
14894;10.10.1944;1944
14895;11.10.1944;1944
14896;12.10.1944;1944
14897;13.10.1944;1944
14898;14.10.1944;1944
14899;15.10.1944;1944
14900;16.10.1944;1944
14901;17.10.1944;1944
14902;18.10.1944;1944
14903;19.10.1944;1944
14904;20.10.1944;1944
14905;21.10.1944;1944
14906;22.10.1944;1944
14907;23.10.1944;1944
14908;24.10.1944;1944
14909;25.10.1944;1944
14910;26.10.1944;1944
14911;27.10.1944;1944
14912;28.10.1944;1944
14913;29.10.1944;1944
14914;30.10.1944;1944
14915;31.10.1944;1944
14916;01.11.1944;1944
14917;02.11.1944;1944
14918;03.11.1944;1944
14919;04.11.1944;1944
14920;05.11.1944;1944
14921;06.11.1944;1944
14922;07.11.1944;1944
14923;08.11.1944;1944
14924;09.11.1944;1944
14925;10.11.1944;1944
14926;11.11.1944;1944
14927;12.11.1944;1944
14928;13.11.1944;1944
14929;14.11.1944;1944
14930;15.11.1944;1944
14931;16.11.1944;1944
14932;17.11.1944;1944
14933;18.11.1944;1944
14934;19.11.1944;1944
14935;20.11.1944;1944
14936;21.11.1944;1944
14937;22.11.1944;1944
14938;23.11.1944;1944
14939;24.11.1944;1944
14940;25.11.1944;1944
14941;26.11.1944;1944
14942;27.11.1944;1944
14943;28.11.1944;1944
14944;29.11.1944;1944
14945;30.11.1944;1944
14946;01.12.1944;1944
14947;02.12.1944;1944
14948;03.12.1944;1944
14949;04.12.1944;1944
14950;05.12.1944;1944
14951;06.12.1944;1944
14952;07.12.1944;1944
14953;08.12.1944;1944
14954;09.12.1944;1944
14955;10.12.1944;1944
14956;11.12.1944;1944
14957;12.12.1944;1944
14958;13.12.1944;1944
14959;14.12.1944;1944
14960;15.12.1944;1944
14961;16.12.1944;1944
14962;17.12.1944;1944
14963;18.12.1944;1944
14964;19.12.1944;1944
14965;20.12.1944;1944
14966;21.12.1944;1944
14967;22.12.1944;1944
14968;23.12.1944;1944
14969;24.12.1944;1944
14970;25.12.1944;1944
14971;26.12.1944;1944
14972;27.12.1944;1944
14973;28.12.1944;1944
14974;29.12.1944;1944
14975;30.12.1944;1944
14976;31.12.1944;1944
14977;01.01.1945;1945
14978;02.01.1945;1945
14979;03.01.1945;1945
14980;04.01.1945;1945
14981;05.01.1945;1945
14982;06.01.1945;1945
14983;07.01.1945;1945
14984;08.01.1945;1945
14985;09.01.1945;1945
14986;10.01.1945;1945
14987;11.01.1945;1945
14988;12.01.1945;1945
14989;13.01.1945;1945
14990;14.01.1945;1945
14991;15.01.1945;1945
14992;16.01.1945;1945
14993;17.01.1945;1945
14994;18.01.1945;1945
14995;19.01.1945;1945
14996;20.01.1945;1945
14997;21.01.1945;1945
14998;22.01.1945;1945
14999;23.01.1945;1945
15000;24.01.1945;1945
15001;25.01.1945;1945
15002;26.01.1945;1945
15003;27.01.1945;1945
15004;28.01.1945;1945
15005;29.01.1945;1945
15006;30.01.1945;1945
15007;31.01.1945;1945
15008;01.02.1945;1945
15009;02.02.1945;1945
15010;03.02.1945;1945
15011;04.02.1945;1945
15012;05.02.1945;1945
15013;06.02.1945;1945
15014;07.02.1945;1945
15015;08.02.1945;1945
15016;09.02.1945;1945
15017;10.02.1945;1945
15018;11.02.1945;1945
15019;12.02.1945;1945
15020;13.02.1945;1945
15021;14.02.1945;1945
15022;15.02.1945;1945
15023;16.02.1945;1945
15024;17.02.1945;1945
15025;18.02.1945;1945
15026;19.02.1945;1945
15027;20.02.1945;1945
15028;21.02.1945;1945
15029;22.02.1945;1945
15030;23.02.1945;1945
15031;24.02.1945;1945
15032;25.02.1945;1945
15033;26.02.1945;1945
15034;27.02.1945;1945
15035;28.02.1945;1945
15036;01.03.1945;1945
15037;02.03.1945;1945
15038;03.03.1945;1945
15039;04.03.1945;1945
15040;05.03.1945;1945
15041;06.03.1945;1945
15042;07.03.1945;1945
15043;08.03.1945;1945
15044;09.03.1945;1945
15045;10.03.1945;1945
15046;11.03.1945;1945
15047;12.03.1945;1945
15048;13.03.1945;1945
15049;14.03.1945;1945
15050;15.03.1945;1945
15051;16.03.1945;1945
15052;17.03.1945;1945
15053;18.03.1945;1945
15054;19.03.1945;1945
15055;20.03.1945;1945
15056;21.03.1945;1945
15057;22.03.1945;1945
15058;23.03.1945;1945
15059;24.03.1945;1945
15060;25.03.1945;1945
15061;26.03.1945;1945
15062;27.03.1945;1945
15063;28.03.1945;1945
15064;29.03.1945;1945
15065;30.03.1945;1945
15066;31.03.1945;1945
15067;01.04.1945;1945
15068;02.04.1945;1945
15069;03.04.1945;1945
15070;04.04.1945;1945
15071;05.04.1945;1945
15072;06.04.1945;1945
15073;07.04.1945;1945
15074;08.04.1945;1945
15075;09.04.1945;1945
15076;10.04.1945;1945
15077;11.04.1945;1945
15078;12.04.1945;1945
15079;13.04.1945;1945
15080;14.04.1945;1945
15081;15.04.1945;1945
15082;16.04.1945;1945
15083;17.04.1945;1945
15084;18.04.1945;1945
15085;19.04.1945;1945
15086;20.04.1945;1945
15087;21.04.1945;1945
15088;22.04.1945;1945
15089;23.04.1945;1945
15090;24.04.1945;1945
15091;25.04.1945;1945
15092;26.04.1945;1945
15093;27.04.1945;1945
15094;28.04.1945;1945
15095;29.04.1945;1945
15096;30.04.1945;1945
15097;01.05.1945;1945
15098;02.05.1945;1945
15099;03.05.1945;1945
15100;04.05.1945;1945
15101;05.05.1945;1945
15102;06.05.1945;1945
15103;07.05.1945;1945
15104;08.05.1945;1945
15105;09.05.1945;1945
15106;10.05.1945;1945
15107;11.05.1945;1945
15108;12.05.1945;1945
15109;13.05.1945;1945
15110;14.05.1945;1945
15111;15.05.1945;1945
15112;16.05.1945;1945
15113;17.05.1945;1945
15114;18.05.1945;1945
15115;19.05.1945;1945
15116;20.05.1945;1945
15117;21.05.1945;1945
15118;22.05.1945;1945
15119;23.05.1945;1945
15120;24.05.1945;1945
15121;25.05.1945;1945
15122;26.05.1945;1945
15123;27.05.1945;1945
15124;28.05.1945;1945
15125;29.05.1945;1945
15126;30.05.1945;1945
15127;31.05.1945;1945
15128;01.06.1945;1945
15129;02.06.1945;1945
15130;03.06.1945;1945
15131;04.06.1945;1945
15132;05.06.1945;1945
15133;06.06.1945;1945
15134;07.06.1945;1945
15135;08.06.1945;1945
15136;09.06.1945;1945
15137;10.06.1945;1945
15138;11.06.1945;1945
15139;12.06.1945;1945
15140;13.06.1945;1945
15141;14.06.1945;1945
15142;15.06.1945;1945
15143;16.06.1945;1945
15144;17.06.1945;1945
15145;18.06.1945;1945
15146;19.06.1945;1945
15147;20.06.1945;1945
15148;21.06.1945;1945
15149;22.06.1945;1945
15150;23.06.1945;1945
15151;24.06.1945;1945
15152;25.06.1945;1945
15153;26.06.1945;1945
15154;27.06.1945;1945
15155;28.06.1945;1945
15156;29.06.1945;1945
15157;30.06.1945;1945
15158;01.07.1945;1945
15159;02.07.1945;1945
15160;03.07.1945;1945
15161;04.07.1945;1945
15162;05.07.1945;1945
15163;06.07.1945;1945
15164;07.07.1945;1945
15165;08.07.1945;1945
15166;09.07.1945;1945
15167;10.07.1945;1945
15168;11.07.1945;1945
15169;12.07.1945;1945
15170;13.07.1945;1945
15171;14.07.1945;1945
15172;15.07.1945;1945
15173;16.07.1945;1945
15174;17.07.1945;1945
15175;18.07.1945;1945
15176;19.07.1945;1945
15177;20.07.1945;1945
15178;21.07.1945;1945
15179;22.07.1945;1945
15180;23.07.1945;1945
15181;24.07.1945;1945
15182;25.07.1945;1945
15183;26.07.1945;1945
15184;27.07.1945;1945
15185;28.07.1945;1945
15186;29.07.1945;1945
15187;30.07.1945;1945
15188;31.07.1945;1945
15189;01.08.1945;1945
15190;02.08.1945;1945
15191;03.08.1945;1945
15192;04.08.1945;1945
15193;05.08.1945;1945
15194;06.08.1945;1945
15195;07.08.1945;1945
15196;08.08.1945;1945
15197;09.08.1945;1945
15198;10.08.1945;1945
15199;11.08.1945;1945
15200;12.08.1945;1945
15201;13.08.1945;1945
15202;14.08.1945;1945
15203;15.08.1945;1945
15204;16.08.1945;1945
15205;17.08.1945;1945
15206;18.08.1945;1945
15207;19.08.1945;1945
15208;20.08.1945;1945
15209;21.08.1945;1945
15210;22.08.1945;1945
15211;23.08.1945;1945
15212;24.08.1945;1945
15213;25.08.1945;1945
15214;26.08.1945;1945
15215;27.08.1945;1945
15216;28.08.1945;1945
15217;29.08.1945;1945
15218;30.08.1945;1945
15219;31.08.1945;1945
15220;01.09.1945;1945
15221;02.09.1945;1945
15222;03.09.1945;1945
15223;04.09.1945;1945
15224;05.09.1945;1945
15225;06.09.1945;1945
15226;07.09.1945;1945
15227;08.09.1945;1945
15228;09.09.1945;1945
15229;10.09.1945;1945
15230;11.09.1945;1945
15231;12.09.1945;1945
15232;13.09.1945;1945
15233;14.09.1945;1945
15234;15.09.1945;1945
15235;16.09.1945;1945
15236;17.09.1945;1945
15237;18.09.1945;1945
15238;19.09.1945;1945
15239;20.09.1945;1945
15240;21.09.1945;1945
15241;22.09.1945;1945
15242;23.09.1945;1945
15243;24.09.1945;1945
15244;25.09.1945;1945
15245;26.09.1945;1945
15246;27.09.1945;1945
15247;28.09.1945;1945
15248;29.09.1945;1945
15249;30.09.1945;1945
15250;01.10.1945;1945
15251;02.10.1945;1945
15252;03.10.1945;1945
15253;04.10.1945;1945
15254;05.10.1945;1945
15255;06.10.1945;1945
15256;07.10.1945;1945
15257;08.10.1945;1945
15258;09.10.1945;1945
15259;10.10.1945;1945
15260;11.10.1945;1945
15261;12.10.1945;1945
15262;13.10.1945;1945
15263;14.10.1945;1945
15264;15.10.1945;1945
15265;16.10.1945;1945
15266;17.10.1945;1945
15267;18.10.1945;1945
15268;19.10.1945;1945
15269;20.10.1945;1945
15270;21.10.1945;1945
15271;22.10.1945;1945
15272;23.10.1945;1945
15273;24.10.1945;1945
15274;25.10.1945;1945
15275;26.10.1945;1945
15276;27.10.1945;1945
15277;28.10.1945;1945
15278;29.10.1945;1945
15279;30.10.1945;1945
15280;31.10.1945;1945
15281;01.11.1945;1945
15282;02.11.1945;1945
15283;03.11.1945;1945
15284;04.11.1945;1945
15285;05.11.1945;1945
15286;06.11.1945;1945
15287;07.11.1945;1945
15288;08.11.1945;1945
15289;09.11.1945;1945
15290;10.11.1945;1945
15291;11.11.1945;1945
15292;12.11.1945;1945
15293;13.11.1945;1945
15294;14.11.1945;1945
15295;15.11.1945;1945
15296;16.11.1945;1945
15297;17.11.1945;1945
15298;18.11.1945;1945
15299;19.11.1945;1945
15300;20.11.1945;1945
15301;21.11.1945;1945
15302;22.11.1945;1945
15303;23.11.1945;1945
15304;24.11.1945;1945
15305;25.11.1945;1945
15306;26.11.1945;1945
15307;27.11.1945;1945
15308;28.11.1945;1945
15309;29.11.1945;1945
15310;30.11.1945;1945
15311;01.12.1945;1945
15312;02.12.1945;1945
15313;03.12.1945;1945
15314;04.12.1945;1945
15315;05.12.1945;1945
15316;06.12.1945;1945
15317;07.12.1945;1945
15318;08.12.1945;1945
15319;09.12.1945;1945
15320;10.12.1945;1945
15321;11.12.1945;1945
15322;12.12.1945;1945
15323;13.12.1945;1945
15324;14.12.1945;1945
15325;15.12.1945;1945
15326;16.12.1945;1945
15327;17.12.1945;1945
15328;18.12.1945;1945
15329;19.12.1945;1945
15330;20.12.1945;1945
15331;21.12.1945;1945
15332;22.12.1945;1945
15333;23.12.1945;1945
15334;24.12.1945;1945
15335;25.12.1945;1945
15336;26.12.1945;1945
15337;27.12.1945;1945
15338;28.12.1945;1945
15339;29.12.1945;1945
15340;30.12.1945;1945
15341;31.12.1945;1945
15342;01.01.1946;1946
15343;02.01.1946;1946
15344;03.01.1946;1946
15345;04.01.1946;1946
15346;05.01.1946;1946
15347;06.01.1946;1946
15348;07.01.1946;1946
15349;08.01.1946;1946
15350;09.01.1946;1946
15351;10.01.1946;1946
15352;11.01.1946;1946
15353;12.01.1946;1946
15354;13.01.1946;1946
15355;14.01.1946;1946
15356;15.01.1946;1946
15357;16.01.1946;1946
15358;17.01.1946;1946
15359;18.01.1946;1946
15360;19.01.1946;1946
15361;20.01.1946;1946
15362;21.01.1946;1946
15363;22.01.1946;1946
15364;23.01.1946;1946
15365;24.01.1946;1946
15366;25.01.1946;1946
15367;26.01.1946;1946
15368;27.01.1946;1946
15369;28.01.1946;1946
15370;29.01.1946;1946
15371;30.01.1946;1946
15372;31.01.1946;1946
15373;01.02.1946;1946
15374;02.02.1946;1946
15375;03.02.1946;1946
15376;04.02.1946;1946
15377;05.02.1946;1946
15378;06.02.1946;1946
15379;07.02.1946;1946
15380;08.02.1946;1946
15381;09.02.1946;1946
15382;10.02.1946;1946
15383;11.02.1946;1946
15384;12.02.1946;1946
15385;13.02.1946;1946
15386;14.02.1946;1946
15387;15.02.1946;1946
15388;16.02.1946;1946
15389;17.02.1946;1946
15390;18.02.1946;1946
15391;19.02.1946;1946
15392;20.02.1946;1946
15393;21.02.1946;1946
15394;22.02.1946;1946
15395;23.02.1946;1946
15396;24.02.1946;1946
15397;25.02.1946;1946
15398;26.02.1946;1946
15399;27.02.1946;1946
15400;28.02.1946;1946
15401;01.03.1946;1946
15402;02.03.1946;1946
15403;03.03.1946;1946
15404;04.03.1946;1946
15405;05.03.1946;1946
15406;06.03.1946;1946
15407;07.03.1946;1946
15408;08.03.1946;1946
15409;09.03.1946;1946
15410;10.03.1946;1946
15411;11.03.1946;1946
15412;12.03.1946;1946
15413;13.03.1946;1946
15414;14.03.1946;1946
15415;15.03.1946;1946
15416;16.03.1946;1946
15417;17.03.1946;1946
15418;18.03.1946;1946
15419;19.03.1946;1946
15420;20.03.1946;1946
15421;21.03.1946;1946
15422;22.03.1946;1946
15423;23.03.1946;1946
15424;24.03.1946;1946
15425;25.03.1946;1946
15426;26.03.1946;1946
15427;27.03.1946;1946
15428;28.03.1946;1946
15429;29.03.1946;1946
15430;30.03.1946;1946
15431;31.03.1946;1946
15432;01.04.1946;1946
15433;02.04.1946;1946
15434;03.04.1946;1946
15435;04.04.1946;1946
15436;05.04.1946;1946
15437;06.04.1946;1946
15438;07.04.1946;1946
15439;08.04.1946;1946
15440;09.04.1946;1946
15441;10.04.1946;1946
15442;11.04.1946;1946
15443;12.04.1946;1946
15444;13.04.1946;1946
15445;14.04.1946;1946
15446;15.04.1946;1946
15447;16.04.1946;1946
15448;17.04.1946;1946
15449;18.04.1946;1946
15450;19.04.1946;1946
15451;20.04.1946;1946
15452;21.04.1946;1946
15453;22.04.1946;1946
15454;23.04.1946;1946
15455;24.04.1946;1946
15456;25.04.1946;1946
15457;26.04.1946;1946
15458;27.04.1946;1946
15459;28.04.1946;1946
15460;29.04.1946;1946
15461;30.04.1946;1946
15462;01.05.1946;1946
15463;02.05.1946;1946
15464;03.05.1946;1946
15465;04.05.1946;1946
15466;05.05.1946;1946
15467;06.05.1946;1946
15468;07.05.1946;1946
15469;08.05.1946;1946
15470;09.05.1946;1946
15471;10.05.1946;1946
15472;11.05.1946;1946
15473;12.05.1946;1946
15474;13.05.1946;1946
15475;14.05.1946;1946
15476;15.05.1946;1946
15477;16.05.1946;1946
15478;17.05.1946;1946
15479;18.05.1946;1946
15480;19.05.1946;1946
15481;20.05.1946;1946
15482;21.05.1946;1946
15483;22.05.1946;1946
15484;23.05.1946;1946
15485;24.05.1946;1946
15486;25.05.1946;1946
15487;26.05.1946;1946
15488;27.05.1946;1946
15489;28.05.1946;1946
15490;29.05.1946;1946
15491;30.05.1946;1946
15492;31.05.1946;1946
15493;01.06.1946;1946
15494;02.06.1946;1946
15495;03.06.1946;1946
15496;04.06.1946;1946
15497;05.06.1946;1946
15498;06.06.1946;1946
15499;07.06.1946;1946
15500;08.06.1946;1946
15501;09.06.1946;1946
15502;10.06.1946;1946
15503;11.06.1946;1946
15504;12.06.1946;1946
15505;13.06.1946;1946
15506;14.06.1946;1946
15507;15.06.1946;1946
15508;16.06.1946;1946
15509;17.06.1946;1946
15510;18.06.1946;1946
15511;19.06.1946;1946
15512;20.06.1946;1946
15513;21.06.1946;1946
15514;22.06.1946;1946
15515;23.06.1946;1946
15516;24.06.1946;1946
15517;25.06.1946;1946
15518;26.06.1946;1946
15519;27.06.1946;1946
15520;28.06.1946;1946
15521;29.06.1946;1946
15522;30.06.1946;1946
15523;01.07.1946;1946
15524;02.07.1946;1946
15525;03.07.1946;1946
15526;04.07.1946;1946
15527;05.07.1946;1946
15528;06.07.1946;1946
15529;07.07.1946;1946
15530;08.07.1946;1946
15531;09.07.1946;1946
15532;10.07.1946;1946
15533;11.07.1946;1946
15534;12.07.1946;1946
15535;13.07.1946;1946
15536;14.07.1946;1946
15537;15.07.1946;1946
15538;16.07.1946;1946
15539;17.07.1946;1946
15540;18.07.1946;1946
15541;19.07.1946;1946
15542;20.07.1946;1946
15543;21.07.1946;1946
15544;22.07.1946;1946
15545;23.07.1946;1946
15546;24.07.1946;1946
15547;25.07.1946;1946
15548;26.07.1946;1946
15549;27.07.1946;1946
15550;28.07.1946;1946
15551;29.07.1946;1946
15552;30.07.1946;1946
15553;31.07.1946;1946
15554;01.08.1946;1946
15555;02.08.1946;1946
15556;03.08.1946;1946
15557;04.08.1946;1946
15558;05.08.1946;1946
15559;06.08.1946;1946
15560;07.08.1946;1946
15561;08.08.1946;1946
15562;09.08.1946;1946
15563;10.08.1946;1946
15564;11.08.1946;1946
15565;12.08.1946;1946
15566;13.08.1946;1946
15567;14.08.1946;1946
15568;15.08.1946;1946
15569;16.08.1946;1946
15570;17.08.1946;1946
15571;18.08.1946;1946
15572;19.08.1946;1946
15573;20.08.1946;1946
15574;21.08.1946;1946
15575;22.08.1946;1946
15576;23.08.1946;1946
15577;24.08.1946;1946
15578;25.08.1946;1946
15579;26.08.1946;1946
15580;27.08.1946;1946
15581;28.08.1946;1946
15582;29.08.1946;1946
15583;30.08.1946;1946
15584;31.08.1946;1946
15585;01.09.1946;1946
15586;02.09.1946;1946
15587;03.09.1946;1946
15588;04.09.1946;1946
15589;05.09.1946;1946
15590;06.09.1946;1946
15591;07.09.1946;1946
15592;08.09.1946;1946
15593;09.09.1946;1946
15594;10.09.1946;1946
15595;11.09.1946;1946
15596;12.09.1946;1946
15597;13.09.1946;1946
15598;14.09.1946;1946
15599;15.09.1946;1946
15600;16.09.1946;1946
15601;17.09.1946;1946
15602;18.09.1946;1946
15603;19.09.1946;1946
15604;20.09.1946;1946
15605;21.09.1946;1946
15606;22.09.1946;1946
15607;23.09.1946;1946
15608;24.09.1946;1946
15609;25.09.1946;1946
15610;26.09.1946;1946
15611;27.09.1946;1946
15612;28.09.1946;1946
15613;29.09.1946;1946
15614;30.09.1946;1946
15615;01.10.1946;1946
15616;02.10.1946;1946
15617;03.10.1946;1946
15618;04.10.1946;1946
15619;05.10.1946;1946
15620;06.10.1946;1946
15621;07.10.1946;1946
15622;08.10.1946;1946
15623;09.10.1946;1946
15624;10.10.1946;1946
15625;11.10.1946;1946
15626;12.10.1946;1946
15627;13.10.1946;1946
15628;14.10.1946;1946
15629;15.10.1946;1946
15630;16.10.1946;1946
15631;17.10.1946;1946
15632;18.10.1946;1946
15633;19.10.1946;1946
15634;20.10.1946;1946
15635;21.10.1946;1946
15636;22.10.1946;1946
15637;23.10.1946;1946
15638;24.10.1946;1946
15639;25.10.1946;1946
15640;26.10.1946;1946
15641;27.10.1946;1946
15642;28.10.1946;1946
15643;29.10.1946;1946
15644;30.10.1946;1946
15645;31.10.1946;1946
15646;01.11.1946;1946
15647;02.11.1946;1946
15648;03.11.1946;1946
15649;04.11.1946;1946
15650;05.11.1946;1946
15651;06.11.1946;1946
15652;07.11.1946;1946
15653;08.11.1946;1946
15654;09.11.1946;1946
15655;10.11.1946;1946
15656;11.11.1946;1946
15657;12.11.1946;1946
15658;13.11.1946;1946
15659;14.11.1946;1946
15660;15.11.1946;1946
15661;16.11.1946;1946
15662;17.11.1946;1946
15663;18.11.1946;1946
15664;19.11.1946;1946
15665;20.11.1946;1946
15666;21.11.1946;1946
15667;22.11.1946;1946
15668;23.11.1946;1946
15669;24.11.1946;1946
15670;25.11.1946;1946
15671;26.11.1946;1946
15672;27.11.1946;1946
15673;28.11.1946;1946
15674;29.11.1946;1946
15675;30.11.1946;1946
15676;01.12.1946;1946
15677;02.12.1946;1946
15678;03.12.1946;1946
15679;04.12.1946;1946
15680;05.12.1946;1946
15681;06.12.1946;1946
15682;07.12.1946;1946
15683;08.12.1946;1946
15684;09.12.1946;1946
15685;10.12.1946;1946
15686;11.12.1946;1946
15687;12.12.1946;1946
15688;13.12.1946;1946
15689;14.12.1946;1946
15690;15.12.1946;1946
15691;16.12.1946;1946
15692;17.12.1946;1946
15693;18.12.1946;1946
15694;19.12.1946;1946
15695;20.12.1946;1946
15696;21.12.1946;1946
15697;22.12.1946;1946
15698;23.12.1946;1946
15699;24.12.1946;1946
15700;25.12.1946;1946
15701;26.12.1946;1946
15702;27.12.1946;1946
15703;28.12.1946;1946
15704;29.12.1946;1946
15705;30.12.1946;1946
15706;31.12.1946;1946
15707;01.01.1947;1947
15708;02.01.1947;1947
15709;03.01.1947;1947
15710;04.01.1947;1947
15711;05.01.1947;1947
15712;06.01.1947;1947
15713;07.01.1947;1947
15714;08.01.1947;1947
15715;09.01.1947;1947
15716;10.01.1947;1947
15717;11.01.1947;1947
15718;12.01.1947;1947
15719;13.01.1947;1947
15720;14.01.1947;1947
15721;15.01.1947;1947
15722;16.01.1947;1947
15723;17.01.1947;1947
15724;18.01.1947;1947
15725;19.01.1947;1947
15726;20.01.1947;1947
15727;21.01.1947;1947
15728;22.01.1947;1947
15729;23.01.1947;1947
15730;24.01.1947;1947
15731;25.01.1947;1947
15732;26.01.1947;1947
15733;27.01.1947;1947
15734;28.01.1947;1947
15735;29.01.1947;1947
15736;30.01.1947;1947
15737;31.01.1947;1947
15738;01.02.1947;1947
15739;02.02.1947;1947
15740;03.02.1947;1947
15741;04.02.1947;1947
15742;05.02.1947;1947
15743;06.02.1947;1947
15744;07.02.1947;1947
15745;08.02.1947;1947
15746;09.02.1947;1947
15747;10.02.1947;1947
15748;11.02.1947;1947
15749;12.02.1947;1947
15750;13.02.1947;1947
15751;14.02.1947;1947
15752;15.02.1947;1947
15753;16.02.1947;1947
15754;17.02.1947;1947
15755;18.02.1947;1947
15756;19.02.1947;1947
15757;20.02.1947;1947
15758;21.02.1947;1947
15759;22.02.1947;1947
15760;23.02.1947;1947
15761;24.02.1947;1947
15762;25.02.1947;1947
15763;26.02.1947;1947
15764;27.02.1947;1947
15765;28.02.1947;1947
15766;01.03.1947;1947
15767;02.03.1947;1947
15768;03.03.1947;1947
15769;04.03.1947;1947
15770;05.03.1947;1947
15771;06.03.1947;1947
15772;07.03.1947;1947
15773;08.03.1947;1947
15774;09.03.1947;1947
15775;10.03.1947;1947
15776;11.03.1947;1947
15777;12.03.1947;1947
15778;13.03.1947;1947
15779;14.03.1947;1947
15780;15.03.1947;1947
15781;16.03.1947;1947
15782;17.03.1947;1947
15783;18.03.1947;1947
15784;19.03.1947;1947
15785;20.03.1947;1947
15786;21.03.1947;1947
15787;22.03.1947;1947
15788;23.03.1947;1947
15789;24.03.1947;1947
15790;25.03.1947;1947
15791;26.03.1947;1947
15792;27.03.1947;1947
15793;28.03.1947;1947
15794;29.03.1947;1947
15795;30.03.1947;1947
15796;31.03.1947;1947
15797;01.04.1947;1947
15798;02.04.1947;1947
15799;03.04.1947;1947
15800;04.04.1947;1947
15801;05.04.1947;1947
15802;06.04.1947;1947
15803;07.04.1947;1947
15804;08.04.1947;1947
15805;09.04.1947;1947
15806;10.04.1947;1947
15807;11.04.1947;1947
15808;12.04.1947;1947
15809;13.04.1947;1947
15810;14.04.1947;1947
15811;15.04.1947;1947
15812;16.04.1947;1947
15813;17.04.1947;1947
15814;18.04.1947;1947
15815;19.04.1947;1947
15816;20.04.1947;1947
15817;21.04.1947;1947
15818;22.04.1947;1947
15819;23.04.1947;1947
15820;24.04.1947;1947
15821;25.04.1947;1947
15822;26.04.1947;1947
15823;27.04.1947;1947
15824;28.04.1947;1947
15825;29.04.1947;1947
15826;30.04.1947;1947
15827;01.05.1947;1947
15828;02.05.1947;1947
15829;03.05.1947;1947
15830;04.05.1947;1947
15831;05.05.1947;1947
15832;06.05.1947;1947
15833;07.05.1947;1947
15834;08.05.1947;1947
15835;09.05.1947;1947
15836;10.05.1947;1947
15837;11.05.1947;1947
15838;12.05.1947;1947
15839;13.05.1947;1947
15840;14.05.1947;1947
15841;15.05.1947;1947
15842;16.05.1947;1947
15843;17.05.1947;1947
15844;18.05.1947;1947
15845;19.05.1947;1947
15846;20.05.1947;1947
15847;21.05.1947;1947
15848;22.05.1947;1947
15849;23.05.1947;1947
15850;24.05.1947;1947
15851;25.05.1947;1947
15852;26.05.1947;1947
15853;27.05.1947;1947
15854;28.05.1947;1947
15855;29.05.1947;1947
15856;30.05.1947;1947
15857;31.05.1947;1947
15858;01.06.1947;1947
15859;02.06.1947;1947
15860;03.06.1947;1947
15861;04.06.1947;1947
15862;05.06.1947;1947
15863;06.06.1947;1947
15864;07.06.1947;1947
15865;08.06.1947;1947
15866;09.06.1947;1947
15867;10.06.1947;1947
15868;11.06.1947;1947
15869;12.06.1947;1947
15870;13.06.1947;1947
15871;14.06.1947;1947
15872;15.06.1947;1947
15873;16.06.1947;1947
15874;17.06.1947;1947
15875;18.06.1947;1947
15876;19.06.1947;1947
15877;20.06.1947;1947
15878;21.06.1947;1947
15879;22.06.1947;1947
15880;23.06.1947;1947
15881;24.06.1947;1947
15882;25.06.1947;1947
15883;26.06.1947;1947
15884;27.06.1947;1947
15885;28.06.1947;1947
15886;29.06.1947;1947
15887;30.06.1947;1947
15888;01.07.1947;1947
15889;02.07.1947;1947
15890;03.07.1947;1947
15891;04.07.1947;1947
15892;05.07.1947;1947
15893;06.07.1947;1947
15894;07.07.1947;1947
15895;08.07.1947;1947
15896;09.07.1947;1947
15897;10.07.1947;1947
15898;11.07.1947;1947
15899;12.07.1947;1947
15900;13.07.1947;1947
15901;14.07.1947;1947
15902;15.07.1947;1947
15903;16.07.1947;1947
15904;17.07.1947;1947
15905;18.07.1947;1947
15906;19.07.1947;1947
15907;20.07.1947;1947
15908;21.07.1947;1947
15909;22.07.1947;1947
15910;23.07.1947;1947
15911;24.07.1947;1947
15912;25.07.1947;1947
15913;26.07.1947;1947
15914;27.07.1947;1947
15915;28.07.1947;1947
15916;29.07.1947;1947
15917;30.07.1947;1947
15918;31.07.1947;1947
15919;01.08.1947;1947
15920;02.08.1947;1947
15921;03.08.1947;1947
15922;04.08.1947;1947
15923;05.08.1947;1947
15924;06.08.1947;1947
15925;07.08.1947;1947
15926;08.08.1947;1947
15927;09.08.1947;1947
15928;10.08.1947;1947
15929;11.08.1947;1947
15930;12.08.1947;1947
15931;13.08.1947;1947
15932;14.08.1947;1947
15933;15.08.1947;1947
15934;16.08.1947;1947
15935;17.08.1947;1947
15936;18.08.1947;1947
15937;19.08.1947;1947
15938;20.08.1947;1947
15939;21.08.1947;1947
15940;22.08.1947;1947
15941;23.08.1947;1947
15942;24.08.1947;1947
15943;25.08.1947;1947
15944;26.08.1947;1947
15945;27.08.1947;1947
15946;28.08.1947;1947
15947;29.08.1947;1947
15948;30.08.1947;1947
15949;31.08.1947;1947
15950;01.09.1947;1947
15951;02.09.1947;1947
15952;03.09.1947;1947
15953;04.09.1947;1947
15954;05.09.1947;1947
15955;06.09.1947;1947
15956;07.09.1947;1947
15957;08.09.1947;1947
15958;09.09.1947;1947
15959;10.09.1947;1947
15960;11.09.1947;1947
15961;12.09.1947;1947
15962;13.09.1947;1947
15963;14.09.1947;1947
15964;15.09.1947;1947
15965;16.09.1947;1947
15966;17.09.1947;1947
15967;18.09.1947;1947
15968;19.09.1947;1947
15969;20.09.1947;1947
15970;21.09.1947;1947
15971;22.09.1947;1947
15972;23.09.1947;1947
15973;24.09.1947;1947
15974;25.09.1947;1947
15975;26.09.1947;1947
15976;27.09.1947;1947
15977;28.09.1947;1947
15978;29.09.1947;1947
15979;30.09.1947;1947
15980;01.10.1947;1947
15981;02.10.1947;1947
15982;03.10.1947;1947
15983;04.10.1947;1947
15984;05.10.1947;1947
15985;06.10.1947;1947
15986;07.10.1947;1947
15987;08.10.1947;1947
15988;09.10.1947;1947
15989;10.10.1947;1947
15990;11.10.1947;1947
15991;12.10.1947;1947
15992;13.10.1947;1947
15993;14.10.1947;1947
15994;15.10.1947;1947
15995;16.10.1947;1947
15996;17.10.1947;1947
15997;18.10.1947;1947
15998;19.10.1947;1947
15999;20.10.1947;1947
16000;21.10.1947;1947
16001;22.10.1947;1947
16002;23.10.1947;1947
16003;24.10.1947;1947
16004;25.10.1947;1947
16005;26.10.1947;1947
16006;27.10.1947;1947
16007;28.10.1947;1947
16008;29.10.1947;1947
16009;30.10.1947;1947
16010;31.10.1947;1947
16011;01.11.1947;1947
16012;02.11.1947;1947
16013;03.11.1947;1947
16014;04.11.1947;1947
16015;05.11.1947;1947
16016;06.11.1947;1947
16017;07.11.1947;1947
16018;08.11.1947;1947
16019;09.11.1947;1947
16020;10.11.1947;1947
16021;11.11.1947;1947
16022;12.11.1947;1947
16023;13.11.1947;1947
16024;14.11.1947;1947
16025;15.11.1947;1947
16026;16.11.1947;1947
16027;17.11.1947;1947
16028;18.11.1947;1947
16029;19.11.1947;1947
16030;20.11.1947;1947
16031;21.11.1947;1947
16032;22.11.1947;1947
16033;23.11.1947;1947
16034;24.11.1947;1947
16035;25.11.1947;1947
16036;26.11.1947;1947
16037;27.11.1947;1947
16038;28.11.1947;1947
16039;29.11.1947;1947
16040;30.11.1947;1947
16041;01.12.1947;1947
16042;02.12.1947;1947
16043;03.12.1947;1947
16044;04.12.1947;1947
16045;05.12.1947;1947
16046;06.12.1947;1947
16047;07.12.1947;1947
16048;08.12.1947;1947
16049;09.12.1947;1947
16050;10.12.1947;1947
16051;11.12.1947;1947
16052;12.12.1947;1947
16053;13.12.1947;1947
16054;14.12.1947;1947
16055;15.12.1947;1947
16056;16.12.1947;1947
16057;17.12.1947;1947
16058;18.12.1947;1947
16059;19.12.1947;1947
16060;20.12.1947;1947
16061;21.12.1947;1947
16062;22.12.1947;1947
16063;23.12.1947;1947
16064;24.12.1947;1947
16065;25.12.1947;1947
16066;26.12.1947;1947
16067;27.12.1947;1947
16068;28.12.1947;1947
16069;29.12.1947;1947
16070;30.12.1947;1947
16071;31.12.1947;1947
16072;01.01.1948;1948
16073;02.01.1948;1948
16074;03.01.1948;1948
16075;04.01.1948;1948
16076;05.01.1948;1948
16077;06.01.1948;1948
16078;07.01.1948;1948
16079;08.01.1948;1948
16080;09.01.1948;1948
16081;10.01.1948;1948
16082;11.01.1948;1948
16083;12.01.1948;1948
16084;13.01.1948;1948
16085;14.01.1948;1948
16086;15.01.1948;1948
16087;16.01.1948;1948
16088;17.01.1948;1948
16089;18.01.1948;1948
16090;19.01.1948;1948
16091;20.01.1948;1948
16092;21.01.1948;1948
16093;22.01.1948;1948
16094;23.01.1948;1948
16095;24.01.1948;1948
16096;25.01.1948;1948
16097;26.01.1948;1948
16098;27.01.1948;1948
16099;28.01.1948;1948
16100;29.01.1948;1948
16101;30.01.1948;1948
16102;31.01.1948;1948
16103;01.02.1948;1948
16104;02.02.1948;1948
16105;03.02.1948;1948
16106;04.02.1948;1948
16107;05.02.1948;1948
16108;06.02.1948;1948
16109;07.02.1948;1948
16110;08.02.1948;1948
16111;09.02.1948;1948
16112;10.02.1948;1948
16113;11.02.1948;1948
16114;12.02.1948;1948
16115;13.02.1948;1948
16116;14.02.1948;1948
16117;15.02.1948;1948
16118;16.02.1948;1948
16119;17.02.1948;1948
16120;18.02.1948;1948
16121;19.02.1948;1948
16122;20.02.1948;1948
16123;21.02.1948;1948
16124;22.02.1948;1948
16125;23.02.1948;1948
16126;24.02.1948;1948
16127;25.02.1948;1948
16128;26.02.1948;1948
16129;27.02.1948;1948
16130;28.02.1948;1948
16131;29.02.1948;1948
16132;01.03.1948;1948
16133;02.03.1948;1948
16134;03.03.1948;1948
16135;04.03.1948;1948
16136;05.03.1948;1948
16137;06.03.1948;1948
16138;07.03.1948;1948
16139;08.03.1948;1948
16140;09.03.1948;1948
16141;10.03.1948;1948
16142;11.03.1948;1948
16143;12.03.1948;1948
16144;13.03.1948;1948
16145;14.03.1948;1948
16146;15.03.1948;1948
16147;16.03.1948;1948
16148;17.03.1948;1948
16149;18.03.1948;1948
16150;19.03.1948;1948
16151;20.03.1948;1948
16152;21.03.1948;1948
16153;22.03.1948;1948
16154;23.03.1948;1948
16155;24.03.1948;1948
16156;25.03.1948;1948
16157;26.03.1948;1948
16158;27.03.1948;1948
16159;28.03.1948;1948
16160;29.03.1948;1948
16161;30.03.1948;1948
16162;31.03.1948;1948
16163;01.04.1948;1948
16164;02.04.1948;1948
16165;03.04.1948;1948
16166;04.04.1948;1948
16167;05.04.1948;1948
16168;06.04.1948;1948
16169;07.04.1948;1948
16170;08.04.1948;1948
16171;09.04.1948;1948
16172;10.04.1948;1948
16173;11.04.1948;1948
16174;12.04.1948;1948
16175;13.04.1948;1948
16176;14.04.1948;1948
16177;15.04.1948;1948
16178;16.04.1948;1948
16179;17.04.1948;1948
16180;18.04.1948;1948
16181;19.04.1948;1948
16182;20.04.1948;1948
16183;21.04.1948;1948
16184;22.04.1948;1948
16185;23.04.1948;1948
16186;24.04.1948;1948
16187;25.04.1948;1948
16188;26.04.1948;1948
16189;27.04.1948;1948
16190;28.04.1948;1948
16191;29.04.1948;1948
16192;30.04.1948;1948
16193;01.05.1948;1948
16194;02.05.1948;1948
16195;03.05.1948;1948
16196;04.05.1948;1948
16197;05.05.1948;1948
16198;06.05.1948;1948
16199;07.05.1948;1948
16200;08.05.1948;1948
16201;09.05.1948;1948
16202;10.05.1948;1948
16203;11.05.1948;1948
16204;12.05.1948;1948
16205;13.05.1948;1948
16206;14.05.1948;1948
16207;15.05.1948;1948
16208;16.05.1948;1948
16209;17.05.1948;1948
16210;18.05.1948;1948
16211;19.05.1948;1948
16212;20.05.1948;1948
16213;21.05.1948;1948
16214;22.05.1948;1948
16215;23.05.1948;1948
16216;24.05.1948;1948
16217;25.05.1948;1948
16218;26.05.1948;1948
16219;27.05.1948;1948
16220;28.05.1948;1948
16221;29.05.1948;1948
16222;30.05.1948;1948
16223;31.05.1948;1948
16224;01.06.1948;1948
16225;02.06.1948;1948
16226;03.06.1948;1948
16227;04.06.1948;1948
16228;05.06.1948;1948
16229;06.06.1948;1948
16230;07.06.1948;1948
16231;08.06.1948;1948
16232;09.06.1948;1948
16233;10.06.1948;1948
16234;11.06.1948;1948
16235;12.06.1948;1948
16236;13.06.1948;1948
16237;14.06.1948;1948
16238;15.06.1948;1948
16239;16.06.1948;1948
16240;17.06.1948;1948
16241;18.06.1948;1948
16242;19.06.1948;1948
16243;20.06.1948;1948
16244;21.06.1948;1948
16245;22.06.1948;1948
16246;23.06.1948;1948
16247;24.06.1948;1948
16248;25.06.1948;1948
16249;26.06.1948;1948
16250;27.06.1948;1948
16251;28.06.1948;1948
16252;29.06.1948;1948
16253;30.06.1948;1948
16254;01.07.1948;1948
16255;02.07.1948;1948
16256;03.07.1948;1948
16257;04.07.1948;1948
16258;05.07.1948;1948
16259;06.07.1948;1948
16260;07.07.1948;1948
16261;08.07.1948;1948
16262;09.07.1948;1948
16263;10.07.1948;1948
16264;11.07.1948;1948
16265;12.07.1948;1948
16266;13.07.1948;1948
16267;14.07.1948;1948
16268;15.07.1948;1948
16269;16.07.1948;1948
16270;17.07.1948;1948
16271;18.07.1948;1948
16272;19.07.1948;1948
16273;20.07.1948;1948
16274;21.07.1948;1948
16275;22.07.1948;1948
16276;23.07.1948;1948
16277;24.07.1948;1948
16278;25.07.1948;1948
16279;26.07.1948;1948
16280;27.07.1948;1948
16281;28.07.1948;1948
16282;29.07.1948;1948
16283;30.07.1948;1948
16284;31.07.1948;1948
16285;01.08.1948;1948
16286;02.08.1948;1948
16287;03.08.1948;1948
16288;04.08.1948;1948
16289;05.08.1948;1948
16290;06.08.1948;1948
16291;07.08.1948;1948
16292;08.08.1948;1948
16293;09.08.1948;1948
16294;10.08.1948;1948
16295;11.08.1948;1948
16296;12.08.1948;1948
16297;13.08.1948;1948
16298;14.08.1948;1948
16299;15.08.1948;1948
16300;16.08.1948;1948
16301;17.08.1948;1948
16302;18.08.1948;1948
16303;19.08.1948;1948
16304;20.08.1948;1948
16305;21.08.1948;1948
16306;22.08.1948;1948
16307;23.08.1948;1948
16308;24.08.1948;1948
16309;25.08.1948;1948
16310;26.08.1948;1948
16311;27.08.1948;1948
16312;28.08.1948;1948
16313;29.08.1948;1948
16314;30.08.1948;1948
16315;31.08.1948;1948
16316;01.09.1948;1948
16317;02.09.1948;1948
16318;03.09.1948;1948
16319;04.09.1948;1948
16320;05.09.1948;1948
16321;06.09.1948;1948
16322;07.09.1948;1948
16323;08.09.1948;1948
16324;09.09.1948;1948
16325;10.09.1948;1948
16326;11.09.1948;1948
16327;12.09.1948;1948
16328;13.09.1948;1948
16329;14.09.1948;1948
16330;15.09.1948;1948
16331;16.09.1948;1948
16332;17.09.1948;1948
16333;18.09.1948;1948
16334;19.09.1948;1948
16335;20.09.1948;1948
16336;21.09.1948;1948
16337;22.09.1948;1948
16338;23.09.1948;1948
16339;24.09.1948;1948
16340;25.09.1948;1948
16341;26.09.1948;1948
16342;27.09.1948;1948
16343;28.09.1948;1948
16344;29.09.1948;1948
16345;30.09.1948;1948
16346;01.10.1948;1948
16347;02.10.1948;1948
16348;03.10.1948;1948
16349;04.10.1948;1948
16350;05.10.1948;1948
16351;06.10.1948;1948
16352;07.10.1948;1948
16353;08.10.1948;1948
16354;09.10.1948;1948
16355;10.10.1948;1948
16356;11.10.1948;1948
16357;12.10.1948;1948
16358;13.10.1948;1948
16359;14.10.1948;1948
16360;15.10.1948;1948
16361;16.10.1948;1948
16362;17.10.1948;1948
16363;18.10.1948;1948
16364;19.10.1948;1948
16365;20.10.1948;1948
16366;21.10.1948;1948
16367;22.10.1948;1948
16368;23.10.1948;1948
16369;24.10.1948;1948
16370;25.10.1948;1948
16371;26.10.1948;1948
16372;27.10.1948;1948
16373;28.10.1948;1948
16374;29.10.1948;1948
16375;30.10.1948;1948
16376;31.10.1948;1948
16377;01.11.1948;1948
16378;02.11.1948;1948
16379;03.11.1948;1948
16380;04.11.1948;1948
16381;05.11.1948;1948
16382;06.11.1948;1948
16383;07.11.1948;1948
16384;08.11.1948;1948
16385;09.11.1948;1948
16386;10.11.1948;1948
16387;11.11.1948;1948
16388;12.11.1948;1948
16389;13.11.1948;1948
16390;14.11.1948;1948
16391;15.11.1948;1948
16392;16.11.1948;1948
16393;17.11.1948;1948
16394;18.11.1948;1948
16395;19.11.1948;1948
16396;20.11.1948;1948
16397;21.11.1948;1948
16398;22.11.1948;1948
16399;23.11.1948;1948
16400;24.11.1948;1948
16401;25.11.1948;1948
16402;26.11.1948;1948
16403;27.11.1948;1948
16404;28.11.1948;1948
16405;29.11.1948;1948
16406;30.11.1948;1948
16407;01.12.1948;1948
16408;02.12.1948;1948
16409;03.12.1948;1948
16410;04.12.1948;1948
16411;05.12.1948;1948
16412;06.12.1948;1948
16413;07.12.1948;1948
16414;08.12.1948;1948
16415;09.12.1948;1948
16416;10.12.1948;1948
16417;11.12.1948;1948
16418;12.12.1948;1948
16419;13.12.1948;1948
16420;14.12.1948;1948
16421;15.12.1948;1948
16422;16.12.1948;1948
16423;17.12.1948;1948
16424;18.12.1948;1948
16425;19.12.1948;1948
16426;20.12.1948;1948
16427;21.12.1948;1948
16428;22.12.1948;1948
16429;23.12.1948;1948
16430;24.12.1948;1948
16431;25.12.1948;1948
16432;26.12.1948;1948
16433;27.12.1948;1948
16434;28.12.1948;1948
16435;29.12.1948;1948
16436;30.12.1948;1948
16437;31.12.1948;1948
16438;01.01.1949;1949
16439;02.01.1949;1949
16440;03.01.1949;1949
16441;04.01.1949;1949
16442;05.01.1949;1949
16443;06.01.1949;1949
16444;07.01.1949;1949
16445;08.01.1949;1949
16446;09.01.1949;1949
16447;10.01.1949;1949
16448;11.01.1949;1949
16449;12.01.1949;1949
16450;13.01.1949;1949
16451;14.01.1949;1949
16452;15.01.1949;1949
16453;16.01.1949;1949
16454;17.01.1949;1949
16455;18.01.1949;1949
16456;19.01.1949;1949
16457;20.01.1949;1949
16458;21.01.1949;1949
16459;22.01.1949;1949
16460;23.01.1949;1949
16461;24.01.1949;1949
16462;25.01.1949;1949
16463;26.01.1949;1949
16464;27.01.1949;1949
16465;28.01.1949;1949
16466;29.01.1949;1949
16467;30.01.1949;1949
16468;31.01.1949;1949
16469;01.02.1949;1949
16470;02.02.1949;1949
16471;03.02.1949;1949
16472;04.02.1949;1949
16473;05.02.1949;1949
16474;06.02.1949;1949
16475;07.02.1949;1949
16476;08.02.1949;1949
16477;09.02.1949;1949
16478;10.02.1949;1949
16479;11.02.1949;1949
16480;12.02.1949;1949
16481;13.02.1949;1949
16482;14.02.1949;1949
16483;15.02.1949;1949
16484;16.02.1949;1949
16485;17.02.1949;1949
16486;18.02.1949;1949
16487;19.02.1949;1949
16488;20.02.1949;1949
16489;21.02.1949;1949
16490;22.02.1949;1949
16491;23.02.1949;1949
16492;24.02.1949;1949
16493;25.02.1949;1949
16494;26.02.1949;1949
16495;27.02.1949;1949
16496;28.02.1949;1949
16497;01.03.1949;1949
16498;02.03.1949;1949
16499;03.03.1949;1949
16500;04.03.1949;1949
16501;05.03.1949;1949
16502;06.03.1949;1949
16503;07.03.1949;1949
16504;08.03.1949;1949
16505;09.03.1949;1949
16506;10.03.1949;1949
16507;11.03.1949;1949
16508;12.03.1949;1949
16509;13.03.1949;1949
16510;14.03.1949;1949
16511;15.03.1949;1949
16512;16.03.1949;1949
16513;17.03.1949;1949
16514;18.03.1949;1949
16515;19.03.1949;1949
16516;20.03.1949;1949
16517;21.03.1949;1949
16518;22.03.1949;1949
16519;23.03.1949;1949
16520;24.03.1949;1949
16521;25.03.1949;1949
16522;26.03.1949;1949
16523;27.03.1949;1949
16524;28.03.1949;1949
16525;29.03.1949;1949
16526;30.03.1949;1949
16527;31.03.1949;1949
16528;01.04.1949;1949
16529;02.04.1949;1949
16530;03.04.1949;1949
16531;04.04.1949;1949
16532;05.04.1949;1949
16533;06.04.1949;1949
16534;07.04.1949;1949
16535;08.04.1949;1949
16536;09.04.1949;1949
16537;10.04.1949;1949
16538;11.04.1949;1949
16539;12.04.1949;1949
16540;13.04.1949;1949
16541;14.04.1949;1949
16542;15.04.1949;1949
16543;16.04.1949;1949
16544;17.04.1949;1949
16545;18.04.1949;1949
16546;19.04.1949;1949
16547;20.04.1949;1949
16548;21.04.1949;1949
16549;22.04.1949;1949
16550;23.04.1949;1949
16551;24.04.1949;1949
16552;25.04.1949;1949
16553;26.04.1949;1949
16554;27.04.1949;1949
16555;28.04.1949;1949
16556;29.04.1949;1949
16557;30.04.1949;1949
16558;01.05.1949;1949
16559;02.05.1949;1949
16560;03.05.1949;1949
16561;04.05.1949;1949
16562;05.05.1949;1949
16563;06.05.1949;1949
16564;07.05.1949;1949
16565;08.05.1949;1949
16566;09.05.1949;1949
16567;10.05.1949;1949
16568;11.05.1949;1949
16569;12.05.1949;1949
16570;13.05.1949;1949
16571;14.05.1949;1949
16572;15.05.1949;1949
16573;16.05.1949;1949
16574;17.05.1949;1949
16575;18.05.1949;1949
16576;19.05.1949;1949
16577;20.05.1949;1949
16578;21.05.1949;1949
16579;22.05.1949;1949
16580;23.05.1949;1949
16581;24.05.1949;1949
16582;25.05.1949;1949
16583;26.05.1949;1949
16584;27.05.1949;1949
16585;28.05.1949;1949
16586;29.05.1949;1949
16587;30.05.1949;1949
16588;31.05.1949;1949
16589;01.06.1949;1949
16590;02.06.1949;1949
16591;03.06.1949;1949
16592;04.06.1949;1949
16593;05.06.1949;1949
16594;06.06.1949;1949
16595;07.06.1949;1949
16596;08.06.1949;1949
16597;09.06.1949;1949
16598;10.06.1949;1949
16599;11.06.1949;1949
16600;12.06.1949;1949
16601;13.06.1949;1949
16602;14.06.1949;1949
16603;15.06.1949;1949
16604;16.06.1949;1949
16605;17.06.1949;1949
16606;18.06.1949;1949
16607;19.06.1949;1949
16608;20.06.1949;1949
16609;21.06.1949;1949
16610;22.06.1949;1949
16611;23.06.1949;1949
16612;24.06.1949;1949
16613;25.06.1949;1949
16614;26.06.1949;1949
16615;27.06.1949;1949
16616;28.06.1949;1949
16617;29.06.1949;1949
16618;30.06.1949;1949
16619;01.07.1949;1949
16620;02.07.1949;1949
16621;03.07.1949;1949
16622;04.07.1949;1949
16623;05.07.1949;1949
16624;06.07.1949;1949
16625;07.07.1949;1949
16626;08.07.1949;1949
16627;09.07.1949;1949
16628;10.07.1949;1949
16629;11.07.1949;1949
16630;12.07.1949;1949
16631;13.07.1949;1949
16632;14.07.1949;1949
16633;15.07.1949;1949
16634;16.07.1949;1949
16635;17.07.1949;1949
16636;18.07.1949;1949
16637;19.07.1949;1949
16638;20.07.1949;1949
16639;21.07.1949;1949
16640;22.07.1949;1949
16641;23.07.1949;1949
16642;24.07.1949;1949
16643;25.07.1949;1949
16644;26.07.1949;1949
16645;27.07.1949;1949
16646;28.07.1949;1949
16647;29.07.1949;1949
16648;30.07.1949;1949
16649;31.07.1949;1949
16650;01.08.1949;1949
16651;02.08.1949;1949
16652;03.08.1949;1949
16653;04.08.1949;1949
16654;05.08.1949;1949
16655;06.08.1949;1949
16656;07.08.1949;1949
16657;08.08.1949;1949
16658;09.08.1949;1949
16659;10.08.1949;1949
16660;11.08.1949;1949
16661;12.08.1949;1949
16662;13.08.1949;1949
16663;14.08.1949;1949
16664;15.08.1949;1949
16665;16.08.1949;1949
16666;17.08.1949;1949
16667;18.08.1949;1949
16668;19.08.1949;1949
16669;20.08.1949;1949
16670;21.08.1949;1949
16671;22.08.1949;1949
16672;23.08.1949;1949
16673;24.08.1949;1949
16674;25.08.1949;1949
16675;26.08.1949;1949
16676;27.08.1949;1949
16677;28.08.1949;1949
16678;29.08.1949;1949
16679;30.08.1949;1949
16680;31.08.1949;1949
16681;01.09.1949;1949
16682;02.09.1949;1949
16683;03.09.1949;1949
16684;04.09.1949;1949
16685;05.09.1949;1949
16686;06.09.1949;1949
16687;07.09.1949;1949
16688;08.09.1949;1949
16689;09.09.1949;1949
16690;10.09.1949;1949
16691;11.09.1949;1949
16692;12.09.1949;1949
16693;13.09.1949;1949
16694;14.09.1949;1949
16695;15.09.1949;1949
16696;16.09.1949;1949
16697;17.09.1949;1949
16698;18.09.1949;1949
16699;19.09.1949;1949
16700;20.09.1949;1949
16701;21.09.1949;1949
16702;22.09.1949;1949
16703;23.09.1949;1949
16704;24.09.1949;1949
16705;25.09.1949;1949
16706;26.09.1949;1949
16707;27.09.1949;1949
16708;28.09.1949;1949
16709;29.09.1949;1949
16710;30.09.1949;1949
16711;01.10.1949;1949
16712;02.10.1949;1949
16713;03.10.1949;1949
16714;04.10.1949;1949
16715;05.10.1949;1949
16716;06.10.1949;1949
16717;07.10.1949;1949
16718;08.10.1949;1949
16719;09.10.1949;1949
16720;10.10.1949;1949
16721;11.10.1949;1949
16722;12.10.1949;1949
16723;13.10.1949;1949
16724;14.10.1949;1949
16725;15.10.1949;1949
16726;16.10.1949;1949
16727;17.10.1949;1949
16728;18.10.1949;1949
16729;19.10.1949;1949
16730;20.10.1949;1949
16731;21.10.1949;1949
16732;22.10.1949;1949
16733;23.10.1949;1949
16734;24.10.1949;1949
16735;25.10.1949;1949
16736;26.10.1949;1949
16737;27.10.1949;1949
16738;28.10.1949;1949
16739;29.10.1949;1949
16740;30.10.1949;1949
16741;31.10.1949;1949
16742;01.11.1949;1949
16743;02.11.1949;1949
16744;03.11.1949;1949
16745;04.11.1949;1949
16746;05.11.1949;1949
16747;06.11.1949;1949
16748;07.11.1949;1949
16749;08.11.1949;1949
16750;09.11.1949;1949
16751;10.11.1949;1949
16752;11.11.1949;1949
16753;12.11.1949;1949
16754;13.11.1949;1949
16755;14.11.1949;1949
16756;15.11.1949;1949
16757;16.11.1949;1949
16758;17.11.1949;1949
16759;18.11.1949;1949
16760;19.11.1949;1949
16761;20.11.1949;1949
16762;21.11.1949;1949
16763;22.11.1949;1949
16764;23.11.1949;1949
16765;24.11.1949;1949
16766;25.11.1949;1949
16767;26.11.1949;1949
16768;27.11.1949;1949
16769;28.11.1949;1949
16770;29.11.1949;1949
16771;30.11.1949;1949
16772;01.12.1949;1949
16773;02.12.1949;1949
16774;03.12.1949;1949
16775;04.12.1949;1949
16776;05.12.1949;1949
16777;06.12.1949;1949
16778;07.12.1949;1949
16779;08.12.1949;1949
16780;09.12.1949;1949
16781;10.12.1949;1949
16782;11.12.1949;1949
16783;12.12.1949;1949
16784;13.12.1949;1949
16785;14.12.1949;1949
16786;15.12.1949;1949
16787;16.12.1949;1949
16788;17.12.1949;1949
16789;18.12.1949;1949
16790;19.12.1949;1949
16791;20.12.1949;1949
16792;21.12.1949;1949
16793;22.12.1949;1949
16794;23.12.1949;1949
16795;24.12.1949;1949
16796;25.12.1949;1949
16797;26.12.1949;1949
16798;27.12.1949;1949
16799;28.12.1949;1949
16800;29.12.1949;1949
16801;30.12.1949;1949
16802;31.12.1949;1949
16803;01.01.1950;1950
16804;02.01.1950;1950
16805;03.01.1950;1950
16806;04.01.1950;1950
16807;05.01.1950;1950
16808;06.01.1950;1950
16809;07.01.1950;1950
16810;08.01.1950;1950
16811;09.01.1950;1950
16812;10.01.1950;1950
16813;11.01.1950;1950
16814;12.01.1950;1950
16815;13.01.1950;1950
16816;14.01.1950;1950
16817;15.01.1950;1950
16818;16.01.1950;1950
16819;17.01.1950;1950
16820;18.01.1950;1950
16821;19.01.1950;1950
16822;20.01.1950;1950
16823;21.01.1950;1950
16824;22.01.1950;1950
16825;23.01.1950;1950
16826;24.01.1950;1950
16827;25.01.1950;1950
16828;26.01.1950;1950
16829;27.01.1950;1950
16830;28.01.1950;1950
16831;29.01.1950;1950
16832;30.01.1950;1950
16833;31.01.1950;1950
16834;01.02.1950;1950
16835;02.02.1950;1950
16836;03.02.1950;1950
16837;04.02.1950;1950
16838;05.02.1950;1950
16839;06.02.1950;1950
16840;07.02.1950;1950
16841;08.02.1950;1950
16842;09.02.1950;1950
16843;10.02.1950;1950
16844;11.02.1950;1950
16845;12.02.1950;1950
16846;13.02.1950;1950
16847;14.02.1950;1950
16848;15.02.1950;1950
16849;16.02.1950;1950
16850;17.02.1950;1950
16851;18.02.1950;1950
16852;19.02.1950;1950
16853;20.02.1950;1950
16854;21.02.1950;1950
16855;22.02.1950;1950
16856;23.02.1950;1950
16857;24.02.1950;1950
16858;25.02.1950;1950
16859;26.02.1950;1950
16860;27.02.1950;1950
16861;28.02.1950;1950
16862;01.03.1950;1950
16863;02.03.1950;1950
16864;03.03.1950;1950
16865;04.03.1950;1950
16866;05.03.1950;1950
16867;06.03.1950;1950
16868;07.03.1950;1950
16869;08.03.1950;1950
16870;09.03.1950;1950
16871;10.03.1950;1950
16872;11.03.1950;1950
16873;12.03.1950;1950
16874;13.03.1950;1950
16875;14.03.1950;1950
16876;15.03.1950;1950
16877;16.03.1950;1950
16878;17.03.1950;1950
16879;18.03.1950;1950
16880;19.03.1950;1950
16881;20.03.1950;1950
16882;21.03.1950;1950
16883;22.03.1950;1950
16884;23.03.1950;1950
16885;24.03.1950;1950
16886;25.03.1950;1950
16887;26.03.1950;1950
16888;27.03.1950;1950
16889;28.03.1950;1950
16890;29.03.1950;1950
16891;30.03.1950;1950
16892;31.03.1950;1950
16893;01.04.1950;1950
16894;02.04.1950;1950
16895;03.04.1950;1950
16896;04.04.1950;1950
16897;05.04.1950;1950
16898;06.04.1950;1950
16899;07.04.1950;1950
16900;08.04.1950;1950
16901;09.04.1950;1950
16902;10.04.1950;1950
16903;11.04.1950;1950
16904;12.04.1950;1950
16905;13.04.1950;1950
16906;14.04.1950;1950
16907;15.04.1950;1950
16908;16.04.1950;1950
16909;17.04.1950;1950
16910;18.04.1950;1950
16911;19.04.1950;1950
16912;20.04.1950;1950
16913;21.04.1950;1950
16914;22.04.1950;1950
16915;23.04.1950;1950
16916;24.04.1950;1950
16917;25.04.1950;1950
16918;26.04.1950;1950
16919;27.04.1950;1950
16920;28.04.1950;1950
16921;29.04.1950;1950
16922;30.04.1950;1950
16923;01.05.1950;1950
16924;02.05.1950;1950
16925;03.05.1950;1950
16926;04.05.1950;1950
16927;05.05.1950;1950
16928;06.05.1950;1950
16929;07.05.1950;1950
16930;08.05.1950;1950
16931;09.05.1950;1950
16932;10.05.1950;1950
16933;11.05.1950;1950
16934;12.05.1950;1950
16935;13.05.1950;1950
16936;14.05.1950;1950
16937;15.05.1950;1950
16938;16.05.1950;1950
16939;17.05.1950;1950
16940;18.05.1950;1950
16941;19.05.1950;1950
16942;20.05.1950;1950
16943;21.05.1950;1950
16944;22.05.1950;1950
16945;23.05.1950;1950
16946;24.05.1950;1950
16947;25.05.1950;1950
16948;26.05.1950;1950
16949;27.05.1950;1950
16950;28.05.1950;1950
16951;29.05.1950;1950
16952;30.05.1950;1950
16953;31.05.1950;1950
16954;01.06.1950;1950
16955;02.06.1950;1950
16956;03.06.1950;1950
16957;04.06.1950;1950
16958;05.06.1950;1950
16959;06.06.1950;1950
16960;07.06.1950;1950
16961;08.06.1950;1950
16962;09.06.1950;1950
16963;10.06.1950;1950
16964;11.06.1950;1950
16965;12.06.1950;1950
16966;13.06.1950;1950
16967;14.06.1950;1950
16968;15.06.1950;1950
16969;16.06.1950;1950
16970;17.06.1950;1950
16971;18.06.1950;1950
16972;19.06.1950;1950
16973;20.06.1950;1950
16974;21.06.1950;1950
16975;22.06.1950;1950
16976;23.06.1950;1950
16977;24.06.1950;1950
16978;25.06.1950;1950
16979;26.06.1950;1950
16980;27.06.1950;1950
16981;28.06.1950;1950
16982;29.06.1950;1950
16983;30.06.1950;1950
16984;01.07.1950;1950
16985;02.07.1950;1950
16986;03.07.1950;1950
16987;04.07.1950;1950
16988;05.07.1950;1950
16989;06.07.1950;1950
16990;07.07.1950;1950
16991;08.07.1950;1950
16992;09.07.1950;1950
16993;10.07.1950;1950
16994;11.07.1950;1950
16995;12.07.1950;1950
16996;13.07.1950;1950
16997;14.07.1950;1950
16998;15.07.1950;1950
16999;16.07.1950;1950
17000;17.07.1950;1950
17001;18.07.1950;1950
17002;19.07.1950;1950
17003;20.07.1950;1950
17004;21.07.1950;1950
17005;22.07.1950;1950
17006;23.07.1950;1950
17007;24.07.1950;1950
17008;25.07.1950;1950
17009;26.07.1950;1950
17010;27.07.1950;1950
17011;28.07.1950;1950
17012;29.07.1950;1950
17013;30.07.1950;1950
17014;31.07.1950;1950
17015;01.08.1950;1950
17016;02.08.1950;1950
17017;03.08.1950;1950
17018;04.08.1950;1950
17019;05.08.1950;1950
17020;06.08.1950;1950
17021;07.08.1950;1950
17022;08.08.1950;1950
17023;09.08.1950;1950
17024;10.08.1950;1950
17025;11.08.1950;1950
17026;12.08.1950;1950
17027;13.08.1950;1950
17028;14.08.1950;1950
17029;15.08.1950;1950
17030;16.08.1950;1950
17031;17.08.1950;1950
17032;18.08.1950;1950
17033;19.08.1950;1950
17034;20.08.1950;1950
17035;21.08.1950;1950
17036;22.08.1950;1950
17037;23.08.1950;1950
17038;24.08.1950;1950
17039;25.08.1950;1950
17040;26.08.1950;1950
17041;27.08.1950;1950
17042;28.08.1950;1950
17043;29.08.1950;1950
17044;30.08.1950;1950
17045;31.08.1950;1950
17046;01.09.1950;1950
17047;02.09.1950;1950
17048;03.09.1950;1950
17049;04.09.1950;1950
17050;05.09.1950;1950
17051;06.09.1950;1950
17052;07.09.1950;1950
17053;08.09.1950;1950
17054;09.09.1950;1950
17055;10.09.1950;1950
17056;11.09.1950;1950
17057;12.09.1950;1950
17058;13.09.1950;1950
17059;14.09.1950;1950
17060;15.09.1950;1950
17061;16.09.1950;1950
17062;17.09.1950;1950
17063;18.09.1950;1950
17064;19.09.1950;1950
17065;20.09.1950;1950
17066;21.09.1950;1950
17067;22.09.1950;1950
17068;23.09.1950;1950
17069;24.09.1950;1950
17070;25.09.1950;1950
17071;26.09.1950;1950
17072;27.09.1950;1950
17073;28.09.1950;1950
17074;29.09.1950;1950
17075;30.09.1950;1950
17076;01.10.1950;1950
17077;02.10.1950;1950
17078;03.10.1950;1950
17079;04.10.1950;1950
17080;05.10.1950;1950
17081;06.10.1950;1950
17082;07.10.1950;1950
17083;08.10.1950;1950
17084;09.10.1950;1950
17085;10.10.1950;1950
17086;11.10.1950;1950
17087;12.10.1950;1950
17088;13.10.1950;1950
17089;14.10.1950;1950
17090;15.10.1950;1950
17091;16.10.1950;1950
17092;17.10.1950;1950
17093;18.10.1950;1950
17094;19.10.1950;1950
17095;20.10.1950;1950
17096;21.10.1950;1950
17097;22.10.1950;1950
17098;23.10.1950;1950
17099;24.10.1950;1950
17100;25.10.1950;1950
17101;26.10.1950;1950
17102;27.10.1950;1950
17103;28.10.1950;1950
17104;29.10.1950;1950
17105;30.10.1950;1950
17106;31.10.1950;1950
17107;01.11.1950;1950
17108;02.11.1950;1950
17109;03.11.1950;1950
17110;04.11.1950;1950
17111;05.11.1950;1950
17112;06.11.1950;1950
17113;07.11.1950;1950
17114;08.11.1950;1950
17115;09.11.1950;1950
17116;10.11.1950;1950
17117;11.11.1950;1950
17118;12.11.1950;1950
17119;13.11.1950;1950
17120;14.11.1950;1950
17121;15.11.1950;1950
17122;16.11.1950;1950
17123;17.11.1950;1950
17124;18.11.1950;1950
17125;19.11.1950;1950
17126;20.11.1950;1950
17127;21.11.1950;1950
17128;22.11.1950;1950
17129;23.11.1950;1950
17130;24.11.1950;1950
17131;25.11.1950;1950
17132;26.11.1950;1950
17133;27.11.1950;1950
17134;28.11.1950;1950
17135;29.11.1950;1950
17136;30.11.1950;1950
17137;01.12.1950;1950
17138;02.12.1950;1950
17139;03.12.1950;1950
17140;04.12.1950;1950
17141;05.12.1950;1950
17142;06.12.1950;1950
17143;07.12.1950;1950
17144;08.12.1950;1950
17145;09.12.1950;1950
17146;10.12.1950;1950
17147;11.12.1950;1950
17148;12.12.1950;1950
17149;13.12.1950;1950
17150;14.12.1950;1950
17151;15.12.1950;1950
17152;16.12.1950;1950
17153;17.12.1950;1950
17154;18.12.1950;1950
17155;19.12.1950;1950
17156;20.12.1950;1950
17157;21.12.1950;1950
17158;22.12.1950;1950
17159;23.12.1950;1950
17160;24.12.1950;1950
17161;25.12.1950;1950
17162;26.12.1950;1950
17163;27.12.1950;1950
17164;28.12.1950;1950
17165;29.12.1950;1950
17166;30.12.1950;1950
17167;31.12.1950;1950
17168;01.01.1951;1951
17169;02.01.1951;1951
17170;03.01.1951;1951
17171;04.01.1951;1951
17172;05.01.1951;1951
17173;06.01.1951;1951
17174;07.01.1951;1951
17175;08.01.1951;1951
17176;09.01.1951;1951
17177;10.01.1951;1951
17178;11.01.1951;1951
17179;12.01.1951;1951
17180;13.01.1951;1951
17181;14.01.1951;1951
17182;15.01.1951;1951
17183;16.01.1951;1951
17184;17.01.1951;1951
17185;18.01.1951;1951
17186;19.01.1951;1951
17187;20.01.1951;1951
17188;21.01.1951;1951
17189;22.01.1951;1951
17190;23.01.1951;1951
17191;24.01.1951;1951
17192;25.01.1951;1951
17193;26.01.1951;1951
17194;27.01.1951;1951
17195;28.01.1951;1951
17196;29.01.1951;1951
17197;30.01.1951;1951
17198;31.01.1951;1951
17199;01.02.1951;1951
17200;02.02.1951;1951
17201;03.02.1951;1951
17202;04.02.1951;1951
17203;05.02.1951;1951
17204;06.02.1951;1951
17205;07.02.1951;1951
17206;08.02.1951;1951
17207;09.02.1951;1951
17208;10.02.1951;1951
17209;11.02.1951;1951
17210;12.02.1951;1951
17211;13.02.1951;1951
17212;14.02.1951;1951
17213;15.02.1951;1951
17214;16.02.1951;1951
17215;17.02.1951;1951
17216;18.02.1951;1951
17217;19.02.1951;1951
17218;20.02.1951;1951
17219;21.02.1951;1951
17220;22.02.1951;1951
17221;23.02.1951;1951
17222;24.02.1951;1951
17223;25.02.1951;1951
17224;26.02.1951;1951
17225;27.02.1951;1951
17226;28.02.1951;1951
17227;01.03.1951;1951
17228;02.03.1951;1951
17229;03.03.1951;1951
17230;04.03.1951;1951
17231;05.03.1951;1951
17232;06.03.1951;1951
17233;07.03.1951;1951
17234;08.03.1951;1951
17235;09.03.1951;1951
17236;10.03.1951;1951
17237;11.03.1951;1951
17238;12.03.1951;1951
17239;13.03.1951;1951
17240;14.03.1951;1951
17241;15.03.1951;1951
17242;16.03.1951;1951
17243;17.03.1951;1951
17244;18.03.1951;1951
17245;19.03.1951;1951
17246;20.03.1951;1951
17247;21.03.1951;1951
17248;22.03.1951;1951
17249;23.03.1951;1951
17250;24.03.1951;1951
17251;25.03.1951;1951
17252;26.03.1951;1951
17253;27.03.1951;1951
17254;28.03.1951;1951
17255;29.03.1951;1951
17256;30.03.1951;1951
17257;31.03.1951;1951
17258;01.04.1951;1951
17259;02.04.1951;1951
17260;03.04.1951;1951
17261;04.04.1951;1951
17262;05.04.1951;1951
17263;06.04.1951;1951
17264;07.04.1951;1951
17265;08.04.1951;1951
17266;09.04.1951;1951
17267;10.04.1951;1951
17268;11.04.1951;1951
17269;12.04.1951;1951
17270;13.04.1951;1951
17271;14.04.1951;1951
17272;15.04.1951;1951
17273;16.04.1951;1951
17274;17.04.1951;1951
17275;18.04.1951;1951
17276;19.04.1951;1951
17277;20.04.1951;1951
17278;21.04.1951;1951
17279;22.04.1951;1951
17280;23.04.1951;1951
17281;24.04.1951;1951
17282;25.04.1951;1951
17283;26.04.1951;1951
17284;27.04.1951;1951
17285;28.04.1951;1951
17286;29.04.1951;1951
17287;30.04.1951;1951
17288;01.05.1951;1951
17289;02.05.1951;1951
17290;03.05.1951;1951
17291;04.05.1951;1951
17292;05.05.1951;1951
17293;06.05.1951;1951
17294;07.05.1951;1951
17295;08.05.1951;1951
17296;09.05.1951;1951
17297;10.05.1951;1951
17298;11.05.1951;1951
17299;12.05.1951;1951
17300;13.05.1951;1951
17301;14.05.1951;1951
17302;15.05.1951;1951
17303;16.05.1951;1951
17304;17.05.1951;1951
17305;18.05.1951;1951
17306;19.05.1951;1951
17307;20.05.1951;1951
17308;21.05.1951;1951
17309;22.05.1951;1951
17310;23.05.1951;1951
17311;24.05.1951;1951
17312;25.05.1951;1951
17313;26.05.1951;1951
17314;27.05.1951;1951
17315;28.05.1951;1951
17316;29.05.1951;1951
17317;30.05.1951;1951
17318;31.05.1951;1951
17319;01.06.1951;1951
17320;02.06.1951;1951
17321;03.06.1951;1951
17322;04.06.1951;1951
17323;05.06.1951;1951
17324;06.06.1951;1951
17325;07.06.1951;1951
17326;08.06.1951;1951
17327;09.06.1951;1951
17328;10.06.1951;1951
17329;11.06.1951;1951
17330;12.06.1951;1951
17331;13.06.1951;1951
17332;14.06.1951;1951
17333;15.06.1951;1951
17334;16.06.1951;1951
17335;17.06.1951;1951
17336;18.06.1951;1951
17337;19.06.1951;1951
17338;20.06.1951;1951
17339;21.06.1951;1951
17340;22.06.1951;1951
17341;23.06.1951;1951
17342;24.06.1951;1951
17343;25.06.1951;1951
17344;26.06.1951;1951
17345;27.06.1951;1951
17346;28.06.1951;1951
17347;29.06.1951;1951
17348;30.06.1951;1951
17349;01.07.1951;1951
17350;02.07.1951;1951
17351;03.07.1951;1951
17352;04.07.1951;1951
17353;05.07.1951;1951
17354;06.07.1951;1951
17355;07.07.1951;1951
17356;08.07.1951;1951
17357;09.07.1951;1951
17358;10.07.1951;1951
17359;11.07.1951;1951
17360;12.07.1951;1951
17361;13.07.1951;1951
17362;14.07.1951;1951
17363;15.07.1951;1951
17364;16.07.1951;1951
17365;17.07.1951;1951
17366;18.07.1951;1951
17367;19.07.1951;1951
17368;20.07.1951;1951
17369;21.07.1951;1951
17370;22.07.1951;1951
17371;23.07.1951;1951
17372;24.07.1951;1951
17373;25.07.1951;1951
17374;26.07.1951;1951
17375;27.07.1951;1951
17376;28.07.1951;1951
17377;29.07.1951;1951
17378;30.07.1951;1951
17379;31.07.1951;1951
17380;01.08.1951;1951
17381;02.08.1951;1951
17382;03.08.1951;1951
17383;04.08.1951;1951
17384;05.08.1951;1951
17385;06.08.1951;1951
17386;07.08.1951;1951
17387;08.08.1951;1951
17388;09.08.1951;1951
17389;10.08.1951;1951
17390;11.08.1951;1951
17391;12.08.1951;1951
17392;13.08.1951;1951
17393;14.08.1951;1951
17394;15.08.1951;1951
17395;16.08.1951;1951
17396;17.08.1951;1951
17397;18.08.1951;1951
17398;19.08.1951;1951
17399;20.08.1951;1951
17400;21.08.1951;1951
17401;22.08.1951;1951
17402;23.08.1951;1951
17403;24.08.1951;1951
17404;25.08.1951;1951
17405;26.08.1951;1951
17406;27.08.1951;1951
17407;28.08.1951;1951
17408;29.08.1951;1951
17409;30.08.1951;1951
17410;31.08.1951;1951
17411;01.09.1951;1951
17412;02.09.1951;1951
17413;03.09.1951;1951
17414;04.09.1951;1951
17415;05.09.1951;1951
17416;06.09.1951;1951
17417;07.09.1951;1951
17418;08.09.1951;1951
17419;09.09.1951;1951
17420;10.09.1951;1951
17421;11.09.1951;1951
17422;12.09.1951;1951
17423;13.09.1951;1951
17424;14.09.1951;1951
17425;15.09.1951;1951
17426;16.09.1951;1951
17427;17.09.1951;1951
17428;18.09.1951;1951
17429;19.09.1951;1951
17430;20.09.1951;1951
17431;21.09.1951;1951
17432;22.09.1951;1951
17433;23.09.1951;1951
17434;24.09.1951;1951
17435;25.09.1951;1951
17436;26.09.1951;1951
17437;27.09.1951;1951
17438;28.09.1951;1951
17439;29.09.1951;1951
17440;30.09.1951;1951
17441;01.10.1951;1951
17442;02.10.1951;1951
17443;03.10.1951;1951
17444;04.10.1951;1951
17445;05.10.1951;1951
17446;06.10.1951;1951
17447;07.10.1951;1951
17448;08.10.1951;1951
17449;09.10.1951;1951
17450;10.10.1951;1951
17451;11.10.1951;1951
17452;12.10.1951;1951
17453;13.10.1951;1951
17454;14.10.1951;1951
17455;15.10.1951;1951
17456;16.10.1951;1951
17457;17.10.1951;1951
17458;18.10.1951;1951
17459;19.10.1951;1951
17460;20.10.1951;1951
17461;21.10.1951;1951
17462;22.10.1951;1951
17463;23.10.1951;1951
17464;24.10.1951;1951
17465;25.10.1951;1951
17466;26.10.1951;1951
17467;27.10.1951;1951
17468;28.10.1951;1951
17469;29.10.1951;1951
17470;30.10.1951;1951
17471;31.10.1951;1951
17472;01.11.1951;1951
17473;02.11.1951;1951
17474;03.11.1951;1951
17475;04.11.1951;1951
17476;05.11.1951;1951
17477;06.11.1951;1951
17478;07.11.1951;1951
17479;08.11.1951;1951
17480;09.11.1951;1951
17481;10.11.1951;1951
17482;11.11.1951;1951
17483;12.11.1951;1951
17484;13.11.1951;1951
17485;14.11.1951;1951
17486;15.11.1951;1951
17487;16.11.1951;1951
17488;17.11.1951;1951
17489;18.11.1951;1951
17490;19.11.1951;1951
17491;20.11.1951;1951
17492;21.11.1951;1951
17493;22.11.1951;1951
17494;23.11.1951;1951
17495;24.11.1951;1951
17496;25.11.1951;1951
17497;26.11.1951;1951
17498;27.11.1951;1951
17499;28.11.1951;1951
17500;29.11.1951;1951
17501;30.11.1951;1951
17502;01.12.1951;1951
17503;02.12.1951;1951
17504;03.12.1951;1951
17505;04.12.1951;1951
17506;05.12.1951;1951
17507;06.12.1951;1951
17508;07.12.1951;1951
17509;08.12.1951;1951
17510;09.12.1951;1951
17511;10.12.1951;1951
17512;11.12.1951;1951
17513;12.12.1951;1951
17514;13.12.1951;1951
17515;14.12.1951;1951
17516;15.12.1951;1951
17517;16.12.1951;1951
17518;17.12.1951;1951
17519;18.12.1951;1951
17520;19.12.1951;1951
17521;20.12.1951;1951
17522;21.12.1951;1951
17523;22.12.1951;1951
17524;23.12.1951;1951
17525;24.12.1951;1951
17526;25.12.1951;1951
17527;26.12.1951;1951
17528;27.12.1951;1951
17529;28.12.1951;1951
17530;29.12.1951;1951
17531;30.12.1951;1951
17532;31.12.1951;1951
17533;01.01.1952;1952
17534;02.01.1952;1952
17535;03.01.1952;1952
17536;04.01.1952;1952
17537;05.01.1952;1952
17538;06.01.1952;1952
17539;07.01.1952;1952
17540;08.01.1952;1952
17541;09.01.1952;1952
17542;10.01.1952;1952
17543;11.01.1952;1952
17544;12.01.1952;1952
17545;13.01.1952;1952
17546;14.01.1952;1952
17547;15.01.1952;1952
17548;16.01.1952;1952
17549;17.01.1952;1952
17550;18.01.1952;1952
17551;19.01.1952;1952
17552;20.01.1952;1952
17553;21.01.1952;1952
17554;22.01.1952;1952
17555;23.01.1952;1952
17556;24.01.1952;1952
17557;25.01.1952;1952
17558;26.01.1952;1952
17559;27.01.1952;1952
17560;28.01.1952;1952
17561;29.01.1952;1952
17562;30.01.1952;1952
17563;31.01.1952;1952
17564;01.02.1952;1952
17565;02.02.1952;1952
17566;03.02.1952;1952
17567;04.02.1952;1952
17568;05.02.1952;1952
17569;06.02.1952;1952
17570;07.02.1952;1952
17571;08.02.1952;1952
17572;09.02.1952;1952
17573;10.02.1952;1952
17574;11.02.1952;1952
17575;12.02.1952;1952
17576;13.02.1952;1952
17577;14.02.1952;1952
17578;15.02.1952;1952
17579;16.02.1952;1952
17580;17.02.1952;1952
17581;18.02.1952;1952
17582;19.02.1952;1952
17583;20.02.1952;1952
17584;21.02.1952;1952
17585;22.02.1952;1952
17586;23.02.1952;1952
17587;24.02.1952;1952
17588;25.02.1952;1952
17589;26.02.1952;1952
17590;27.02.1952;1952
17591;28.02.1952;1952
17592;29.02.1952;1952
17593;01.03.1952;1952
17594;02.03.1952;1952
17595;03.03.1952;1952
17596;04.03.1952;1952
17597;05.03.1952;1952
17598;06.03.1952;1952
17599;07.03.1952;1952
17600;08.03.1952;1952
17601;09.03.1952;1952
17602;10.03.1952;1952
17603;11.03.1952;1952
17604;12.03.1952;1952
17605;13.03.1952;1952
17606;14.03.1952;1952
17607;15.03.1952;1952
17608;16.03.1952;1952
17609;17.03.1952;1952
17610;18.03.1952;1952
17611;19.03.1952;1952
17612;20.03.1952;1952
17613;21.03.1952;1952
17614;22.03.1952;1952
17615;23.03.1952;1952
17616;24.03.1952;1952
17617;25.03.1952;1952
17618;26.03.1952;1952
17619;27.03.1952;1952
17620;28.03.1952;1952
17621;29.03.1952;1952
17622;30.03.1952;1952
17623;31.03.1952;1952
17624;01.04.1952;1952
17625;02.04.1952;1952
17626;03.04.1952;1952
17627;04.04.1952;1952
17628;05.04.1952;1952
17629;06.04.1952;1952
17630;07.04.1952;1952
17631;08.04.1952;1952
17632;09.04.1952;1952
17633;10.04.1952;1952
17634;11.04.1952;1952
17635;12.04.1952;1952
17636;13.04.1952;1952
17637;14.04.1952;1952
17638;15.04.1952;1952
17639;16.04.1952;1952
17640;17.04.1952;1952
17641;18.04.1952;1952
17642;19.04.1952;1952
17643;20.04.1952;1952
17644;21.04.1952;1952
17645;22.04.1952;1952
17646;23.04.1952;1952
17647;24.04.1952;1952
17648;25.04.1952;1952
17649;26.04.1952;1952
17650;27.04.1952;1952
17651;28.04.1952;1952
17652;29.04.1952;1952
17653;30.04.1952;1952
17654;01.05.1952;1952
17655;02.05.1952;1952
17656;03.05.1952;1952
17657;04.05.1952;1952
17658;05.05.1952;1952
17659;06.05.1952;1952
17660;07.05.1952;1952
17661;08.05.1952;1952
17662;09.05.1952;1952
17663;10.05.1952;1952
17664;11.05.1952;1952
17665;12.05.1952;1952
17666;13.05.1952;1952
17667;14.05.1952;1952
17668;15.05.1952;1952
17669;16.05.1952;1952
17670;17.05.1952;1952
17671;18.05.1952;1952
17672;19.05.1952;1952
17673;20.05.1952;1952
17674;21.05.1952;1952
17675;22.05.1952;1952
17676;23.05.1952;1952
17677;24.05.1952;1952
17678;25.05.1952;1952
17679;26.05.1952;1952
17680;27.05.1952;1952
17681;28.05.1952;1952
17682;29.05.1952;1952
17683;30.05.1952;1952
17684;31.05.1952;1952
17685;01.06.1952;1952
17686;02.06.1952;1952
17687;03.06.1952;1952
17688;04.06.1952;1952
17689;05.06.1952;1952
17690;06.06.1952;1952
17691;07.06.1952;1952
17692;08.06.1952;1952
17693;09.06.1952;1952
17694;10.06.1952;1952
17695;11.06.1952;1952
17696;12.06.1952;1952
17697;13.06.1952;1952
17698;14.06.1952;1952
17699;15.06.1952;1952
17700;16.06.1952;1952
17701;17.06.1952;1952
17702;18.06.1952;1952
17703;19.06.1952;1952
17704;20.06.1952;1952
17705;21.06.1952;1952
17706;22.06.1952;1952
17707;23.06.1952;1952
17708;24.06.1952;1952
17709;25.06.1952;1952
17710;26.06.1952;1952
17711;27.06.1952;1952
17712;28.06.1952;1952
17713;29.06.1952;1952
17714;30.06.1952;1952
17715;01.07.1952;1952
17716;02.07.1952;1952
17717;03.07.1952;1952
17718;04.07.1952;1952
17719;05.07.1952;1952
17720;06.07.1952;1952
17721;07.07.1952;1952
17722;08.07.1952;1952
17723;09.07.1952;1952
17724;10.07.1952;1952
17725;11.07.1952;1952
17726;12.07.1952;1952
17727;13.07.1952;1952
17728;14.07.1952;1952
17729;15.07.1952;1952
17730;16.07.1952;1952
17731;17.07.1952;1952
17732;18.07.1952;1952
17733;19.07.1952;1952
17734;20.07.1952;1952
17735;21.07.1952;1952
17736;22.07.1952;1952
17737;23.07.1952;1952
17738;24.07.1952;1952
17739;25.07.1952;1952
17740;26.07.1952;1952
17741;27.07.1952;1952
17742;28.07.1952;1952
17743;29.07.1952;1952
17744;30.07.1952;1952
17745;31.07.1952;1952
17746;01.08.1952;1952
17747;02.08.1952;1952
17748;03.08.1952;1952
17749;04.08.1952;1952
17750;05.08.1952;1952
17751;06.08.1952;1952
17752;07.08.1952;1952
17753;08.08.1952;1952
17754;09.08.1952;1952
17755;10.08.1952;1952
17756;11.08.1952;1952
17757;12.08.1952;1952
17758;13.08.1952;1952
17759;14.08.1952;1952
17760;15.08.1952;1952
17761;16.08.1952;1952
17762;17.08.1952;1952
17763;18.08.1952;1952
17764;19.08.1952;1952
17765;20.08.1952;1952
17766;21.08.1952;1952
17767;22.08.1952;1952
17768;23.08.1952;1952
17769;24.08.1952;1952
17770;25.08.1952;1952
17771;26.08.1952;1952
17772;27.08.1952;1952
17773;28.08.1952;1952
17774;29.08.1952;1952
17775;30.08.1952;1952
17776;31.08.1952;1952
17777;01.09.1952;1952
17778;02.09.1952;1952
17779;03.09.1952;1952
17780;04.09.1952;1952
17781;05.09.1952;1952
17782;06.09.1952;1952
17783;07.09.1952;1952
17784;08.09.1952;1952
17785;09.09.1952;1952
17786;10.09.1952;1952
17787;11.09.1952;1952
17788;12.09.1952;1952
17789;13.09.1952;1952
17790;14.09.1952;1952
17791;15.09.1952;1952
17792;16.09.1952;1952
17793;17.09.1952;1952
17794;18.09.1952;1952
17795;19.09.1952;1952
17796;20.09.1952;1952
17797;21.09.1952;1952
17798;22.09.1952;1952
17799;23.09.1952;1952
17800;24.09.1952;1952
17801;25.09.1952;1952
17802;26.09.1952;1952
17803;27.09.1952;1952
17804;28.09.1952;1952
17805;29.09.1952;1952
17806;30.09.1952;1952
17807;01.10.1952;1952
17808;02.10.1952;1952
17809;03.10.1952;1952
17810;04.10.1952;1952
17811;05.10.1952;1952
17812;06.10.1952;1952
17813;07.10.1952;1952
17814;08.10.1952;1952
17815;09.10.1952;1952
17816;10.10.1952;1952
17817;11.10.1952;1952
17818;12.10.1952;1952
17819;13.10.1952;1952
17820;14.10.1952;1952
17821;15.10.1952;1952
17822;16.10.1952;1952
17823;17.10.1952;1952
17824;18.10.1952;1952
17825;19.10.1952;1952
17826;20.10.1952;1952
17827;21.10.1952;1952
17828;22.10.1952;1952
17829;23.10.1952;1952
17830;24.10.1952;1952
17831;25.10.1952;1952
17832;26.10.1952;1952
17833;27.10.1952;1952
17834;28.10.1952;1952
17835;29.10.1952;1952
17836;30.10.1952;1952
17837;31.10.1952;1952
17838;01.11.1952;1952
17839;02.11.1952;1952
17840;03.11.1952;1952
17841;04.11.1952;1952
17842;05.11.1952;1952
17843;06.11.1952;1952
17844;07.11.1952;1952
17845;08.11.1952;1952
17846;09.11.1952;1952
17847;10.11.1952;1952
17848;11.11.1952;1952
17849;12.11.1952;1952
17850;13.11.1952;1952
17851;14.11.1952;1952
17852;15.11.1952;1952
17853;16.11.1952;1952
17854;17.11.1952;1952
17855;18.11.1952;1952
17856;19.11.1952;1952
17857;20.11.1952;1952
17858;21.11.1952;1952
17859;22.11.1952;1952
17860;23.11.1952;1952
17861;24.11.1952;1952
17862;25.11.1952;1952
17863;26.11.1952;1952
17864;27.11.1952;1952
17865;28.11.1952;1952
17866;29.11.1952;1952
17867;30.11.1952;1952
17868;01.12.1952;1952
17869;02.12.1952;1952
17870;03.12.1952;1952
17871;04.12.1952;1952
17872;05.12.1952;1952
17873;06.12.1952;1952
17874;07.12.1952;1952
17875;08.12.1952;1952
17876;09.12.1952;1952
17877;10.12.1952;1952
17878;11.12.1952;1952
17879;12.12.1952;1952
17880;13.12.1952;1952
17881;14.12.1952;1952
17882;15.12.1952;1952
17883;16.12.1952;1952
17884;17.12.1952;1952
17885;18.12.1952;1952
17886;19.12.1952;1952
17887;20.12.1952;1952
17888;21.12.1952;1952
17889;22.12.1952;1952
17890;23.12.1952;1952
17891;24.12.1952;1952
17892;25.12.1952;1952
17893;26.12.1952;1952
17894;27.12.1952;1952
17895;28.12.1952;1952
17896;29.12.1952;1952
17897;30.12.1952;1952
17898;31.12.1952;1952
17899;01.01.1953;1953
17900;02.01.1953;1953
17901;03.01.1953;1953
17902;04.01.1953;1953
17903;05.01.1953;1953
17904;06.01.1953;1953
17905;07.01.1953;1953
17906;08.01.1953;1953
17907;09.01.1953;1953
17908;10.01.1953;1953
17909;11.01.1953;1953
17910;12.01.1953;1953
17911;13.01.1953;1953
17912;14.01.1953;1953
17913;15.01.1953;1953
17914;16.01.1953;1953
17915;17.01.1953;1953
17916;18.01.1953;1953
17917;19.01.1953;1953
17918;20.01.1953;1953
17919;21.01.1953;1953
17920;22.01.1953;1953
17921;23.01.1953;1953
17922;24.01.1953;1953
17923;25.01.1953;1953
17924;26.01.1953;1953
17925;27.01.1953;1953
17926;28.01.1953;1953
17927;29.01.1953;1953
17928;30.01.1953;1953
17929;31.01.1953;1953
17930;01.02.1953;1953
17931;02.02.1953;1953
17932;03.02.1953;1953
17933;04.02.1953;1953
17934;05.02.1953;1953
17935;06.02.1953;1953
17936;07.02.1953;1953
17937;08.02.1953;1953
17938;09.02.1953;1953
17939;10.02.1953;1953
17940;11.02.1953;1953
17941;12.02.1953;1953
17942;13.02.1953;1953
17943;14.02.1953;1953
17944;15.02.1953;1953
17945;16.02.1953;1953
17946;17.02.1953;1953
17947;18.02.1953;1953
17948;19.02.1953;1953
17949;20.02.1953;1953
17950;21.02.1953;1953
17951;22.02.1953;1953
17952;23.02.1953;1953
17953;24.02.1953;1953
17954;25.02.1953;1953
17955;26.02.1953;1953
17956;27.02.1953;1953
17957;28.02.1953;1953
17958;01.03.1953;1953
17959;02.03.1953;1953
17960;03.03.1953;1953
17961;04.03.1953;1953
17962;05.03.1953;1953
17963;06.03.1953;1953
17964;07.03.1953;1953
17965;08.03.1953;1953
17966;09.03.1953;1953
17967;10.03.1953;1953
17968;11.03.1953;1953
17969;12.03.1953;1953
17970;13.03.1953;1953
17971;14.03.1953;1953
17972;15.03.1953;1953
17973;16.03.1953;1953
17974;17.03.1953;1953
17975;18.03.1953;1953
17976;19.03.1953;1953
17977;20.03.1953;1953
17978;21.03.1953;1953
17979;22.03.1953;1953
17980;23.03.1953;1953
17981;24.03.1953;1953
17982;25.03.1953;1953
17983;26.03.1953;1953
17984;27.03.1953;1953
17985;28.03.1953;1953
17986;29.03.1953;1953
17987;30.03.1953;1953
17988;31.03.1953;1953
17989;01.04.1953;1953
17990;02.04.1953;1953
17991;03.04.1953;1953
17992;04.04.1953;1953
17993;05.04.1953;1953
17994;06.04.1953;1953
17995;07.04.1953;1953
17996;08.04.1953;1953
17997;09.04.1953;1953
17998;10.04.1953;1953
17999;11.04.1953;1953
18000;12.04.1953;1953
18001;13.04.1953;1953
18002;14.04.1953;1953
18003;15.04.1953;1953
18004;16.04.1953;1953
18005;17.04.1953;1953
18006;18.04.1953;1953
18007;19.04.1953;1953
18008;20.04.1953;1953
18009;21.04.1953;1953
18010;22.04.1953;1953
18011;23.04.1953;1953
18012;24.04.1953;1953
18013;25.04.1953;1953
18014;26.04.1953;1953
18015;27.04.1953;1953
18016;28.04.1953;1953
18017;29.04.1953;1953
18018;30.04.1953;1953
18019;01.05.1953;1953
18020;02.05.1953;1953
18021;03.05.1953;1953
18022;04.05.1953;1953
18023;05.05.1953;1953
18024;06.05.1953;1953
18025;07.05.1953;1953
18026;08.05.1953;1953
18027;09.05.1953;1953
18028;10.05.1953;1953
18029;11.05.1953;1953
18030;12.05.1953;1953
18031;13.05.1953;1953
18032;14.05.1953;1953
18033;15.05.1953;1953
18034;16.05.1953;1953
18035;17.05.1953;1953
18036;18.05.1953;1953
18037;19.05.1953;1953
18038;20.05.1953;1953
18039;21.05.1953;1953
18040;22.05.1953;1953
18041;23.05.1953;1953
18042;24.05.1953;1953
18043;25.05.1953;1953
18044;26.05.1953;1953
18045;27.05.1953;1953
18046;28.05.1953;1953
18047;29.05.1953;1953
18048;30.05.1953;1953
18049;31.05.1953;1953
18050;01.06.1953;1953
18051;02.06.1953;1953
18052;03.06.1953;1953
18053;04.06.1953;1953
18054;05.06.1953;1953
18055;06.06.1953;1953
18056;07.06.1953;1953
18057;08.06.1953;1953
18058;09.06.1953;1953
18059;10.06.1953;1953
18060;11.06.1953;1953
18061;12.06.1953;1953
18062;13.06.1953;1953
18063;14.06.1953;1953
18064;15.06.1953;1953
18065;16.06.1953;1953
18066;17.06.1953;1953
18067;18.06.1953;1953
18068;19.06.1953;1953
18069;20.06.1953;1953
18070;21.06.1953;1953
18071;22.06.1953;1953
18072;23.06.1953;1953
18073;24.06.1953;1953
18074;25.06.1953;1953
18075;26.06.1953;1953
18076;27.06.1953;1953
18077;28.06.1953;1953
18078;29.06.1953;1953
18079;30.06.1953;1953
18080;01.07.1953;1953
18081;02.07.1953;1953
18082;03.07.1953;1953
18083;04.07.1953;1953
18084;05.07.1953;1953
18085;06.07.1953;1953
18086;07.07.1953;1953
18087;08.07.1953;1953
18088;09.07.1953;1953
18089;10.07.1953;1953
18090;11.07.1953;1953
18091;12.07.1953;1953
18092;13.07.1953;1953
18093;14.07.1953;1953
18094;15.07.1953;1953
18095;16.07.1953;1953
18096;17.07.1953;1953
18097;18.07.1953;1953
18098;19.07.1953;1953
18099;20.07.1953;1953
18100;21.07.1953;1953
18101;22.07.1953;1953
18102;23.07.1953;1953
18103;24.07.1953;1953
18104;25.07.1953;1953
18105;26.07.1953;1953
18106;27.07.1953;1953
18107;28.07.1953;1953
18108;29.07.1953;1953
18109;30.07.1953;1953
18110;31.07.1953;1953
18111;01.08.1953;1953
18112;02.08.1953;1953
18113;03.08.1953;1953
18114;04.08.1953;1953
18115;05.08.1953;1953
18116;06.08.1953;1953
18117;07.08.1953;1953
18118;08.08.1953;1953
18119;09.08.1953;1953
18120;10.08.1953;1953
18121;11.08.1953;1953
18122;12.08.1953;1953
18123;13.08.1953;1953
18124;14.08.1953;1953
18125;15.08.1953;1953
18126;16.08.1953;1953
18127;17.08.1953;1953
18128;18.08.1953;1953
18129;19.08.1953;1953
18130;20.08.1953;1953
18131;21.08.1953;1953
18132;22.08.1953;1953
18133;23.08.1953;1953
18134;24.08.1953;1953
18135;25.08.1953;1953
18136;26.08.1953;1953
18137;27.08.1953;1953
18138;28.08.1953;1953
18139;29.08.1953;1953
18140;30.08.1953;1953
18141;31.08.1953;1953
18142;01.09.1953;1953
18143;02.09.1953;1953
18144;03.09.1953;1953
18145;04.09.1953;1953
18146;05.09.1953;1953
18147;06.09.1953;1953
18148;07.09.1953;1953
18149;08.09.1953;1953
18150;09.09.1953;1953
18151;10.09.1953;1953
18152;11.09.1953;1953
18153;12.09.1953;1953
18154;13.09.1953;1953
18155;14.09.1953;1953
18156;15.09.1953;1953
18157;16.09.1953;1953
18158;17.09.1953;1953
18159;18.09.1953;1953
18160;19.09.1953;1953
18161;20.09.1953;1953
18162;21.09.1953;1953
18163;22.09.1953;1953
18164;23.09.1953;1953
18165;24.09.1953;1953
18166;25.09.1953;1953
18167;26.09.1953;1953
18168;27.09.1953;1953
18169;28.09.1953;1953
18170;29.09.1953;1953
18171;30.09.1953;1953
18172;01.10.1953;1953
18173;02.10.1953;1953
18174;03.10.1953;1953
18175;04.10.1953;1953
18176;05.10.1953;1953
18177;06.10.1953;1953
18178;07.10.1953;1953
18179;08.10.1953;1953
18180;09.10.1953;1953
18181;10.10.1953;1953
18182;11.10.1953;1953
18183;12.10.1953;1953
18184;13.10.1953;1953
18185;14.10.1953;1953
18186;15.10.1953;1953
18187;16.10.1953;1953
18188;17.10.1953;1953
18189;18.10.1953;1953
18190;19.10.1953;1953
18191;20.10.1953;1953
18192;21.10.1953;1953
18193;22.10.1953;1953
18194;23.10.1953;1953
18195;24.10.1953;1953
18196;25.10.1953;1953
18197;26.10.1953;1953
18198;27.10.1953;1953
18199;28.10.1953;1953
18200;29.10.1953;1953
18201;30.10.1953;1953
18202;31.10.1953;1953
18203;01.11.1953;1953
18204;02.11.1953;1953
18205;03.11.1953;1953
18206;04.11.1953;1953
18207;05.11.1953;1953
18208;06.11.1953;1953
18209;07.11.1953;1953
18210;08.11.1953;1953
18211;09.11.1953;1953
18212;10.11.1953;1953
18213;11.11.1953;1953
18214;12.11.1953;1953
18215;13.11.1953;1953
18216;14.11.1953;1953
18217;15.11.1953;1953
18218;16.11.1953;1953
18219;17.11.1953;1953
18220;18.11.1953;1953
18221;19.11.1953;1953
18222;20.11.1953;1953
18223;21.11.1953;1953
18224;22.11.1953;1953
18225;23.11.1953;1953
18226;24.11.1953;1953
18227;25.11.1953;1953
18228;26.11.1953;1953
18229;27.11.1953;1953
18230;28.11.1953;1953
18231;29.11.1953;1953
18232;30.11.1953;1953
18233;01.12.1953;1953
18234;02.12.1953;1953
18235;03.12.1953;1953
18236;04.12.1953;1953
18237;05.12.1953;1953
18238;06.12.1953;1953
18239;07.12.1953;1953
18240;08.12.1953;1953
18241;09.12.1953;1953
18242;10.12.1953;1953
18243;11.12.1953;1953
18244;12.12.1953;1953
18245;13.12.1953;1953
18246;14.12.1953;1953
18247;15.12.1953;1953
18248;16.12.1953;1953
18249;17.12.1953;1953
18250;18.12.1953;1953
18251;19.12.1953;1953
18252;20.12.1953;1953
18253;21.12.1953;1953
18254;22.12.1953;1953
18255;23.12.1953;1953
18256;24.12.1953;1953
18257;25.12.1953;1953
18258;26.12.1953;1953
18259;27.12.1953;1953
18260;28.12.1953;1953
18261;29.12.1953;1953
18262;30.12.1953;1953
18263;31.12.1953;1953
18264;01.01.1954;1954
18265;02.01.1954;1954
18266;03.01.1954;1954
18267;04.01.1954;1954
18268;05.01.1954;1954
18269;06.01.1954;1954
18270;07.01.1954;1954
18271;08.01.1954;1954
18272;09.01.1954;1954
18273;10.01.1954;1954
18274;11.01.1954;1954
18275;12.01.1954;1954
18276;13.01.1954;1954
18277;14.01.1954;1954
18278;15.01.1954;1954
18279;16.01.1954;1954
18280;17.01.1954;1954
18281;18.01.1954;1954
18282;19.01.1954;1954
18283;20.01.1954;1954
18284;21.01.1954;1954
18285;22.01.1954;1954
18286;23.01.1954;1954
18287;24.01.1954;1954
18288;25.01.1954;1954
18289;26.01.1954;1954
18290;27.01.1954;1954
18291;28.01.1954;1954
18292;29.01.1954;1954
18293;30.01.1954;1954
18294;31.01.1954;1954
18295;01.02.1954;1954
18296;02.02.1954;1954
18297;03.02.1954;1954
18298;04.02.1954;1954
18299;05.02.1954;1954
18300;06.02.1954;1954
18301;07.02.1954;1954
18302;08.02.1954;1954
18303;09.02.1954;1954
18304;10.02.1954;1954
18305;11.02.1954;1954
18306;12.02.1954;1954
18307;13.02.1954;1954
18308;14.02.1954;1954
18309;15.02.1954;1954
18310;16.02.1954;1954
18311;17.02.1954;1954
18312;18.02.1954;1954
18313;19.02.1954;1954
18314;20.02.1954;1954
18315;21.02.1954;1954
18316;22.02.1954;1954
18317;23.02.1954;1954
18318;24.02.1954;1954
18319;25.02.1954;1954
18320;26.02.1954;1954
18321;27.02.1954;1954
18322;28.02.1954;1954
18323;01.03.1954;1954
18324;02.03.1954;1954
18325;03.03.1954;1954
18326;04.03.1954;1954
18327;05.03.1954;1954
18328;06.03.1954;1954
18329;07.03.1954;1954
18330;08.03.1954;1954
18331;09.03.1954;1954
18332;10.03.1954;1954
18333;11.03.1954;1954
18334;12.03.1954;1954
18335;13.03.1954;1954
18336;14.03.1954;1954
18337;15.03.1954;1954
18338;16.03.1954;1954
18339;17.03.1954;1954
18340;18.03.1954;1954
18341;19.03.1954;1954
18342;20.03.1954;1954
18343;21.03.1954;1954
18344;22.03.1954;1954
18345;23.03.1954;1954
18346;24.03.1954;1954
18347;25.03.1954;1954
18348;26.03.1954;1954
18349;27.03.1954;1954
18350;28.03.1954;1954
18351;29.03.1954;1954
18352;30.03.1954;1954
18353;31.03.1954;1954
18354;01.04.1954;1954
18355;02.04.1954;1954
18356;03.04.1954;1954
18357;04.04.1954;1954
18358;05.04.1954;1954
18359;06.04.1954;1954
18360;07.04.1954;1954
18361;08.04.1954;1954
18362;09.04.1954;1954
18363;10.04.1954;1954
18364;11.04.1954;1954
18365;12.04.1954;1954
18366;13.04.1954;1954
18367;14.04.1954;1954
18368;15.04.1954;1954
18369;16.04.1954;1954
18370;17.04.1954;1954
18371;18.04.1954;1954
18372;19.04.1954;1954
18373;20.04.1954;1954
18374;21.04.1954;1954
18375;22.04.1954;1954
18376;23.04.1954;1954
18377;24.04.1954;1954
18378;25.04.1954;1954
18379;26.04.1954;1954
18380;27.04.1954;1954
18381;28.04.1954;1954
18382;29.04.1954;1954
18383;30.04.1954;1954
18384;01.05.1954;1954
18385;02.05.1954;1954
18386;03.05.1954;1954
18387;04.05.1954;1954
18388;05.05.1954;1954
18389;06.05.1954;1954
18390;07.05.1954;1954
18391;08.05.1954;1954
18392;09.05.1954;1954
18393;10.05.1954;1954
18394;11.05.1954;1954
18395;12.05.1954;1954
18396;13.05.1954;1954
18397;14.05.1954;1954
18398;15.05.1954;1954
18399;16.05.1954;1954
18400;17.05.1954;1954
18401;18.05.1954;1954
18402;19.05.1954;1954
18403;20.05.1954;1954
18404;21.05.1954;1954
18405;22.05.1954;1954
18406;23.05.1954;1954
18407;24.05.1954;1954
18408;25.05.1954;1954
18409;26.05.1954;1954
18410;27.05.1954;1954
18411;28.05.1954;1954
18412;29.05.1954;1954
18413;30.05.1954;1954
18414;31.05.1954;1954
18415;01.06.1954;1954
18416;02.06.1954;1954
18417;03.06.1954;1954
18418;04.06.1954;1954
18419;05.06.1954;1954
18420;06.06.1954;1954
18421;07.06.1954;1954
18422;08.06.1954;1954
18423;09.06.1954;1954
18424;10.06.1954;1954
18425;11.06.1954;1954
18426;12.06.1954;1954
18427;13.06.1954;1954
18428;14.06.1954;1954
18429;15.06.1954;1954
18430;16.06.1954;1954
18431;17.06.1954;1954
18432;18.06.1954;1954
18433;19.06.1954;1954
18434;20.06.1954;1954
18435;21.06.1954;1954
18436;22.06.1954;1954
18437;23.06.1954;1954
18438;24.06.1954;1954
18439;25.06.1954;1954
18440;26.06.1954;1954
18441;27.06.1954;1954
18442;28.06.1954;1954
18443;29.06.1954;1954
18444;30.06.1954;1954
18445;01.07.1954;1954
18446;02.07.1954;1954
18447;03.07.1954;1954
18448;04.07.1954;1954
18449;05.07.1954;1954
18450;06.07.1954;1954
18451;07.07.1954;1954
18452;08.07.1954;1954
18453;09.07.1954;1954
18454;10.07.1954;1954
18455;11.07.1954;1954
18456;12.07.1954;1954
18457;13.07.1954;1954
18458;14.07.1954;1954
18459;15.07.1954;1954
18460;16.07.1954;1954
18461;17.07.1954;1954
18462;18.07.1954;1954
18463;19.07.1954;1954
18464;20.07.1954;1954
18465;21.07.1954;1954
18466;22.07.1954;1954
18467;23.07.1954;1954
18468;24.07.1954;1954
18469;25.07.1954;1954
18470;26.07.1954;1954
18471;27.07.1954;1954
18472;28.07.1954;1954
18473;29.07.1954;1954
18474;30.07.1954;1954
18475;31.07.1954;1954
18476;01.08.1954;1954
18477;02.08.1954;1954
18478;03.08.1954;1954
18479;04.08.1954;1954
18480;05.08.1954;1954
18481;06.08.1954;1954
18482;07.08.1954;1954
18483;08.08.1954;1954
18484;09.08.1954;1954
18485;10.08.1954;1954
18486;11.08.1954;1954
18487;12.08.1954;1954
18488;13.08.1954;1954
18489;14.08.1954;1954
18490;15.08.1954;1954
18491;16.08.1954;1954
18492;17.08.1954;1954
18493;18.08.1954;1954
18494;19.08.1954;1954
18495;20.08.1954;1954
18496;21.08.1954;1954
18497;22.08.1954;1954
18498;23.08.1954;1954
18499;24.08.1954;1954
18500;25.08.1954;1954
18501;26.08.1954;1954
18502;27.08.1954;1954
18503;28.08.1954;1954
18504;29.08.1954;1954
18505;30.08.1954;1954
18506;31.08.1954;1954
18507;01.09.1954;1954
18508;02.09.1954;1954
18509;03.09.1954;1954
18510;04.09.1954;1954
18511;05.09.1954;1954
18512;06.09.1954;1954
18513;07.09.1954;1954
18514;08.09.1954;1954
18515;09.09.1954;1954
18516;10.09.1954;1954
18517;11.09.1954;1954
18518;12.09.1954;1954
18519;13.09.1954;1954
18520;14.09.1954;1954
18521;15.09.1954;1954
18522;16.09.1954;1954
18523;17.09.1954;1954
18524;18.09.1954;1954
18525;19.09.1954;1954
18526;20.09.1954;1954
18527;21.09.1954;1954
18528;22.09.1954;1954
18529;23.09.1954;1954
18530;24.09.1954;1954
18531;25.09.1954;1954
18532;26.09.1954;1954
18533;27.09.1954;1954
18534;28.09.1954;1954
18535;29.09.1954;1954
18536;30.09.1954;1954
18537;01.10.1954;1954
18538;02.10.1954;1954
18539;03.10.1954;1954
18540;04.10.1954;1954
18541;05.10.1954;1954
18542;06.10.1954;1954
18543;07.10.1954;1954
18544;08.10.1954;1954
18545;09.10.1954;1954
18546;10.10.1954;1954
18547;11.10.1954;1954
18548;12.10.1954;1954
18549;13.10.1954;1954
18550;14.10.1954;1954
18551;15.10.1954;1954
18552;16.10.1954;1954
18553;17.10.1954;1954
18554;18.10.1954;1954
18555;19.10.1954;1954
18556;20.10.1954;1954
18557;21.10.1954;1954
18558;22.10.1954;1954
18559;23.10.1954;1954
18560;24.10.1954;1954
18561;25.10.1954;1954
18562;26.10.1954;1954
18563;27.10.1954;1954
18564;28.10.1954;1954
18565;29.10.1954;1954
18566;30.10.1954;1954
18567;31.10.1954;1954
18568;01.11.1954;1954
18569;02.11.1954;1954
18570;03.11.1954;1954
18571;04.11.1954;1954
18572;05.11.1954;1954
18573;06.11.1954;1954
18574;07.11.1954;1954
18575;08.11.1954;1954
18576;09.11.1954;1954
18577;10.11.1954;1954
18578;11.11.1954;1954
18579;12.11.1954;1954
18580;13.11.1954;1954
18581;14.11.1954;1954
18582;15.11.1954;1954
18583;16.11.1954;1954
18584;17.11.1954;1954
18585;18.11.1954;1954
18586;19.11.1954;1954
18587;20.11.1954;1954
18588;21.11.1954;1954
18589;22.11.1954;1954
18590;23.11.1954;1954
18591;24.11.1954;1954
18592;25.11.1954;1954
18593;26.11.1954;1954
18594;27.11.1954;1954
18595;28.11.1954;1954
18596;29.11.1954;1954
18597;30.11.1954;1954
18598;01.12.1954;1954
18599;02.12.1954;1954
18600;03.12.1954;1954
18601;04.12.1954;1954
18602;05.12.1954;1954
18603;06.12.1954;1954
18604;07.12.1954;1954
18605;08.12.1954;1954
18606;09.12.1954;1954
18607;10.12.1954;1954
18608;11.12.1954;1954
18609;12.12.1954;1954
18610;13.12.1954;1954
18611;14.12.1954;1954
18612;15.12.1954;1954
18613;16.12.1954;1954
18614;17.12.1954;1954
18615;18.12.1954;1954
18616;19.12.1954;1954
18617;20.12.1954;1954
18618;21.12.1954;1954
18619;22.12.1954;1954
18620;23.12.1954;1954
18621;24.12.1954;1954
18622;25.12.1954;1954
18623;26.12.1954;1954
18624;27.12.1954;1954
18625;28.12.1954;1954
18626;29.12.1954;1954
18627;30.12.1954;1954
18628;31.12.1954;1954
18629;01.01.1955;1955
18630;02.01.1955;1955
18631;03.01.1955;1955
18632;04.01.1955;1955
18633;05.01.1955;1955
18634;06.01.1955;1955
18635;07.01.1955;1955
18636;08.01.1955;1955
18637;09.01.1955;1955
18638;10.01.1955;1955
18639;11.01.1955;1955
18640;12.01.1955;1955
18641;13.01.1955;1955
18642;14.01.1955;1955
18643;15.01.1955;1955
18644;16.01.1955;1955
18645;17.01.1955;1955
18646;18.01.1955;1955
18647;19.01.1955;1955
18648;20.01.1955;1955
18649;21.01.1955;1955
18650;22.01.1955;1955
18651;23.01.1955;1955
18652;24.01.1955;1955
18653;25.01.1955;1955
18654;26.01.1955;1955
18655;27.01.1955;1955
18656;28.01.1955;1955
18657;29.01.1955;1955
18658;30.01.1955;1955
18659;31.01.1955;1955
18660;01.02.1955;1955
18661;02.02.1955;1955
18662;03.02.1955;1955
18663;04.02.1955;1955
18664;05.02.1955;1955
18665;06.02.1955;1955
18666;07.02.1955;1955
18667;08.02.1955;1955
18668;09.02.1955;1955
18669;10.02.1955;1955
18670;11.02.1955;1955
18671;12.02.1955;1955
18672;13.02.1955;1955
18673;14.02.1955;1955
18674;15.02.1955;1955
18675;16.02.1955;1955
18676;17.02.1955;1955
18677;18.02.1955;1955
18678;19.02.1955;1955
18679;20.02.1955;1955
18680;21.02.1955;1955
18681;22.02.1955;1955
18682;23.02.1955;1955
18683;24.02.1955;1955
18684;25.02.1955;1955
18685;26.02.1955;1955
18686;27.02.1955;1955
18687;28.02.1955;1955
18688;01.03.1955;1955
18689;02.03.1955;1955
18690;03.03.1955;1955
18691;04.03.1955;1955
18692;05.03.1955;1955
18693;06.03.1955;1955
18694;07.03.1955;1955
18695;08.03.1955;1955
18696;09.03.1955;1955
18697;10.03.1955;1955
18698;11.03.1955;1955
18699;12.03.1955;1955
18700;13.03.1955;1955
18701;14.03.1955;1955
18702;15.03.1955;1955
18703;16.03.1955;1955
18704;17.03.1955;1955
18705;18.03.1955;1955
18706;19.03.1955;1955
18707;20.03.1955;1955
18708;21.03.1955;1955
18709;22.03.1955;1955
18710;23.03.1955;1955
18711;24.03.1955;1955
18712;25.03.1955;1955
18713;26.03.1955;1955
18714;27.03.1955;1955
18715;28.03.1955;1955
18716;29.03.1955;1955
18717;30.03.1955;1955
18718;31.03.1955;1955
18719;01.04.1955;1955
18720;02.04.1955;1955
18721;03.04.1955;1955
18722;04.04.1955;1955
18723;05.04.1955;1955
18724;06.04.1955;1955
18725;07.04.1955;1955
18726;08.04.1955;1955
18727;09.04.1955;1955
18728;10.04.1955;1955
18729;11.04.1955;1955
18730;12.04.1955;1955
18731;13.04.1955;1955
18732;14.04.1955;1955
18733;15.04.1955;1955
18734;16.04.1955;1955
18735;17.04.1955;1955
18736;18.04.1955;1955
18737;19.04.1955;1955
18738;20.04.1955;1955
18739;21.04.1955;1955
18740;22.04.1955;1955
18741;23.04.1955;1955
18742;24.04.1955;1955
18743;25.04.1955;1955
18744;26.04.1955;1955
18745;27.04.1955;1955
18746;28.04.1955;1955
18747;29.04.1955;1955
18748;30.04.1955;1955
18749;01.05.1955;1955
18750;02.05.1955;1955
18751;03.05.1955;1955
18752;04.05.1955;1955
18753;05.05.1955;1955
18754;06.05.1955;1955
18755;07.05.1955;1955
18756;08.05.1955;1955
18757;09.05.1955;1955
18758;10.05.1955;1955
18759;11.05.1955;1955
18760;12.05.1955;1955
18761;13.05.1955;1955
18762;14.05.1955;1955
18763;15.05.1955;1955
18764;16.05.1955;1955
18765;17.05.1955;1955
18766;18.05.1955;1955
18767;19.05.1955;1955
18768;20.05.1955;1955
18769;21.05.1955;1955
18770;22.05.1955;1955
18771;23.05.1955;1955
18772;24.05.1955;1955
18773;25.05.1955;1955
18774;26.05.1955;1955
18775;27.05.1955;1955
18776;28.05.1955;1955
18777;29.05.1955;1955
18778;30.05.1955;1955
18779;31.05.1955;1955
18780;01.06.1955;1955
18781;02.06.1955;1955
18782;03.06.1955;1955
18783;04.06.1955;1955
18784;05.06.1955;1955
18785;06.06.1955;1955
18786;07.06.1955;1955
18787;08.06.1955;1955
18788;09.06.1955;1955
18789;10.06.1955;1955
18790;11.06.1955;1955
18791;12.06.1955;1955
18792;13.06.1955;1955
18793;14.06.1955;1955
18794;15.06.1955;1955
18795;16.06.1955;1955
18796;17.06.1955;1955
18797;18.06.1955;1955
18798;19.06.1955;1955
18799;20.06.1955;1955
18800;21.06.1955;1955
18801;22.06.1955;1955
18802;23.06.1955;1955
18803;24.06.1955;1955
18804;25.06.1955;1955
18805;26.06.1955;1955
18806;27.06.1955;1955
18807;28.06.1955;1955
18808;29.06.1955;1955
18809;30.06.1955;1955
18810;01.07.1955;1955
18811;02.07.1955;1955
18812;03.07.1955;1955
18813;04.07.1955;1955
18814;05.07.1955;1955
18815;06.07.1955;1955
18816;07.07.1955;1955
18817;08.07.1955;1955
18818;09.07.1955;1955
18819;10.07.1955;1955
18820;11.07.1955;1955
18821;12.07.1955;1955
18822;13.07.1955;1955
18823;14.07.1955;1955
18824;15.07.1955;1955
18825;16.07.1955;1955
18826;17.07.1955;1955
18827;18.07.1955;1955
18828;19.07.1955;1955
18829;20.07.1955;1955
18830;21.07.1955;1955
18831;22.07.1955;1955
18832;23.07.1955;1955
18833;24.07.1955;1955
18834;25.07.1955;1955
18835;26.07.1955;1955
18836;27.07.1955;1955
18837;28.07.1955;1955
18838;29.07.1955;1955
18839;30.07.1955;1955
18840;31.07.1955;1955
18841;01.08.1955;1955
18842;02.08.1955;1955
18843;03.08.1955;1955
18844;04.08.1955;1955
18845;05.08.1955;1955
18846;06.08.1955;1955
18847;07.08.1955;1955
18848;08.08.1955;1955
18849;09.08.1955;1955
18850;10.08.1955;1955
18851;11.08.1955;1955
18852;12.08.1955;1955
18853;13.08.1955;1955
18854;14.08.1955;1955
18855;15.08.1955;1955
18856;16.08.1955;1955
18857;17.08.1955;1955
18858;18.08.1955;1955
18859;19.08.1955;1955
18860;20.08.1955;1955
18861;21.08.1955;1955
18862;22.08.1955;1955
18863;23.08.1955;1955
18864;24.08.1955;1955
18865;25.08.1955;1955
18866;26.08.1955;1955
18867;27.08.1955;1955
18868;28.08.1955;1955
18869;29.08.1955;1955
18870;30.08.1955;1955
18871;31.08.1955;1955
18872;01.09.1955;1955
18873;02.09.1955;1955
18874;03.09.1955;1955
18875;04.09.1955;1955
18876;05.09.1955;1955
18877;06.09.1955;1955
18878;07.09.1955;1955
18879;08.09.1955;1955
18880;09.09.1955;1955
18881;10.09.1955;1955
18882;11.09.1955;1955
18883;12.09.1955;1955
18884;13.09.1955;1955
18885;14.09.1955;1955
18886;15.09.1955;1955
18887;16.09.1955;1955
18888;17.09.1955;1955
18889;18.09.1955;1955
18890;19.09.1955;1955
18891;20.09.1955;1955
18892;21.09.1955;1955
18893;22.09.1955;1955
18894;23.09.1955;1955
18895;24.09.1955;1955
18896;25.09.1955;1955
18897;26.09.1955;1955
18898;27.09.1955;1955
18899;28.09.1955;1955
18900;29.09.1955;1955
18901;30.09.1955;1955
18902;01.10.1955;1955
18903;02.10.1955;1955
18904;03.10.1955;1955
18905;04.10.1955;1955
18906;05.10.1955;1955
18907;06.10.1955;1955
18908;07.10.1955;1955
18909;08.10.1955;1955
18910;09.10.1955;1955
18911;10.10.1955;1955
18912;11.10.1955;1955
18913;12.10.1955;1955
18914;13.10.1955;1955
18915;14.10.1955;1955
18916;15.10.1955;1955
18917;16.10.1955;1955
18918;17.10.1955;1955
18919;18.10.1955;1955
18920;19.10.1955;1955
18921;20.10.1955;1955
18922;21.10.1955;1955
18923;22.10.1955;1955
18924;23.10.1955;1955
18925;24.10.1955;1955
18926;25.10.1955;1955
18927;26.10.1955;1955
18928;27.10.1955;1955
18929;28.10.1955;1955
18930;29.10.1955;1955
18931;30.10.1955;1955
18932;31.10.1955;1955
18933;01.11.1955;1955
18934;02.11.1955;1955
18935;03.11.1955;1955
18936;04.11.1955;1955
18937;05.11.1955;1955
18938;06.11.1955;1955
18939;07.11.1955;1955
18940;08.11.1955;1955
18941;09.11.1955;1955
18942;10.11.1955;1955
18943;11.11.1955;1955
18944;12.11.1955;1955
18945;13.11.1955;1955
18946;14.11.1955;1955
18947;15.11.1955;1955
18948;16.11.1955;1955
18949;17.11.1955;1955
18950;18.11.1955;1955
18951;19.11.1955;1955
18952;20.11.1955;1955
18953;21.11.1955;1955
18954;22.11.1955;1955
18955;23.11.1955;1955
18956;24.11.1955;1955
18957;25.11.1955;1955
18958;26.11.1955;1955
18959;27.11.1955;1955
18960;28.11.1955;1955
18961;29.11.1955;1955
18962;30.11.1955;1955
18963;01.12.1955;1955
18964;02.12.1955;1955
18965;03.12.1955;1955
18966;04.12.1955;1955
18967;05.12.1955;1955
18968;06.12.1955;1955
18969;07.12.1955;1955
18970;08.12.1955;1955
18971;09.12.1955;1955
18972;10.12.1955;1955
18973;11.12.1955;1955
18974;12.12.1955;1955
18975;13.12.1955;1955
18976;14.12.1955;1955
18977;15.12.1955;1955
18978;16.12.1955;1955
18979;17.12.1955;1955
18980;18.12.1955;1955
18981;19.12.1955;1955
18982;20.12.1955;1955
18983;21.12.1955;1955
18984;22.12.1955;1955
18985;23.12.1955;1955
18986;24.12.1955;1955
18987;25.12.1955;1955
18988;26.12.1955;1955
18989;27.12.1955;1955
18990;28.12.1955;1955
18991;29.12.1955;1955
18992;30.12.1955;1955
18993;31.12.1955;1955
18994;01.01.1956;1956
18995;02.01.1956;1956
18996;03.01.1956;1956
18997;04.01.1956;1956
18998;05.01.1956;1956
18999;06.01.1956;1956
19000;07.01.1956;1956
19001;08.01.1956;1956
19002;09.01.1956;1956
19003;10.01.1956;1956
19004;11.01.1956;1956
19005;12.01.1956;1956
19006;13.01.1956;1956
19007;14.01.1956;1956
19008;15.01.1956;1956
19009;16.01.1956;1956
19010;17.01.1956;1956
19011;18.01.1956;1956
19012;19.01.1956;1956
19013;20.01.1956;1956
19014;21.01.1956;1956
19015;22.01.1956;1956
19016;23.01.1956;1956
19017;24.01.1956;1956
19018;25.01.1956;1956
19019;26.01.1956;1956
19020;27.01.1956;1956
19021;28.01.1956;1956
19022;29.01.1956;1956
19023;30.01.1956;1956
19024;31.01.1956;1956
19025;01.02.1956;1956
19026;02.02.1956;1956
19027;03.02.1956;1956
19028;04.02.1956;1956
19029;05.02.1956;1956
19030;06.02.1956;1956
19031;07.02.1956;1956
19032;08.02.1956;1956
19033;09.02.1956;1956
19034;10.02.1956;1956
19035;11.02.1956;1956
19036;12.02.1956;1956
19037;13.02.1956;1956
19038;14.02.1956;1956
19039;15.02.1956;1956
19040;16.02.1956;1956
19041;17.02.1956;1956
19042;18.02.1956;1956
19043;19.02.1956;1956
19044;20.02.1956;1956
19045;21.02.1956;1956
19046;22.02.1956;1956
19047;23.02.1956;1956
19048;24.02.1956;1956
19049;25.02.1956;1956
19050;26.02.1956;1956
19051;27.02.1956;1956
19052;28.02.1956;1956
19053;29.02.1956;1956
19054;01.03.1956;1956
19055;02.03.1956;1956
19056;03.03.1956;1956
19057;04.03.1956;1956
19058;05.03.1956;1956
19059;06.03.1956;1956
19060;07.03.1956;1956
19061;08.03.1956;1956
19062;09.03.1956;1956
19063;10.03.1956;1956
19064;11.03.1956;1956
19065;12.03.1956;1956
19066;13.03.1956;1956
19067;14.03.1956;1956
19068;15.03.1956;1956
19069;16.03.1956;1956
19070;17.03.1956;1956
19071;18.03.1956;1956
19072;19.03.1956;1956
19073;20.03.1956;1956
19074;21.03.1956;1956
19075;22.03.1956;1956
19076;23.03.1956;1956
19077;24.03.1956;1956
19078;25.03.1956;1956
19079;26.03.1956;1956
19080;27.03.1956;1956
19081;28.03.1956;1956
19082;29.03.1956;1956
19083;30.03.1956;1956
19084;31.03.1956;1956
19085;01.04.1956;1956
19086;02.04.1956;1956
19087;03.04.1956;1956
19088;04.04.1956;1956
19089;05.04.1956;1956
19090;06.04.1956;1956
19091;07.04.1956;1956
19092;08.04.1956;1956
19093;09.04.1956;1956
19094;10.04.1956;1956
19095;11.04.1956;1956
19096;12.04.1956;1956
19097;13.04.1956;1956
19098;14.04.1956;1956
19099;15.04.1956;1956
19100;16.04.1956;1956
19101;17.04.1956;1956
19102;18.04.1956;1956
19103;19.04.1956;1956
19104;20.04.1956;1956
19105;21.04.1956;1956
19106;22.04.1956;1956
19107;23.04.1956;1956
19108;24.04.1956;1956
19109;25.04.1956;1956
19110;26.04.1956;1956
19111;27.04.1956;1956
19112;28.04.1956;1956
19113;29.04.1956;1956
19114;30.04.1956;1956
19115;01.05.1956;1956
19116;02.05.1956;1956
19117;03.05.1956;1956
19118;04.05.1956;1956
19119;05.05.1956;1956
19120;06.05.1956;1956
19121;07.05.1956;1956
19122;08.05.1956;1956
19123;09.05.1956;1956
19124;10.05.1956;1956
19125;11.05.1956;1956
19126;12.05.1956;1956
19127;13.05.1956;1956
19128;14.05.1956;1956
19129;15.05.1956;1956
19130;16.05.1956;1956
19131;17.05.1956;1956
19132;18.05.1956;1956
19133;19.05.1956;1956
19134;20.05.1956;1956
19135;21.05.1956;1956
19136;22.05.1956;1956
19137;23.05.1956;1956
19138;24.05.1956;1956
19139;25.05.1956;1956
19140;26.05.1956;1956
19141;27.05.1956;1956
19142;28.05.1956;1956
19143;29.05.1956;1956
19144;30.05.1956;1956
19145;31.05.1956;1956
19146;01.06.1956;1956
19147;02.06.1956;1956
19148;03.06.1956;1956
19149;04.06.1956;1956
19150;05.06.1956;1956
19151;06.06.1956;1956
19152;07.06.1956;1956
19153;08.06.1956;1956
19154;09.06.1956;1956
19155;10.06.1956;1956
19156;11.06.1956;1956
19157;12.06.1956;1956
19158;13.06.1956;1956
19159;14.06.1956;1956
19160;15.06.1956;1956
19161;16.06.1956;1956
19162;17.06.1956;1956
19163;18.06.1956;1956
19164;19.06.1956;1956
19165;20.06.1956;1956
19166;21.06.1956;1956
19167;22.06.1956;1956
19168;23.06.1956;1956
19169;24.06.1956;1956
19170;25.06.1956;1956
19171;26.06.1956;1956
19172;27.06.1956;1956
19173;28.06.1956;1956
19174;29.06.1956;1956
19175;30.06.1956;1956
19176;01.07.1956;1956
19177;02.07.1956;1956
19178;03.07.1956;1956
19179;04.07.1956;1956
19180;05.07.1956;1956
19181;06.07.1956;1956
19182;07.07.1956;1956
19183;08.07.1956;1956
19184;09.07.1956;1956
19185;10.07.1956;1956
19186;11.07.1956;1956
19187;12.07.1956;1956
19188;13.07.1956;1956
19189;14.07.1956;1956
19190;15.07.1956;1956
19191;16.07.1956;1956
19192;17.07.1956;1956
19193;18.07.1956;1956
19194;19.07.1956;1956
19195;20.07.1956;1956
19196;21.07.1956;1956
19197;22.07.1956;1956
19198;23.07.1956;1956
19199;24.07.1956;1956
19200;25.07.1956;1956
19201;26.07.1956;1956
19202;27.07.1956;1956
19203;28.07.1956;1956
19204;29.07.1956;1956
19205;30.07.1956;1956
19206;31.07.1956;1956
19207;01.08.1956;1956
19208;02.08.1956;1956
19209;03.08.1956;1956
19210;04.08.1956;1956
19211;05.08.1956;1956
19212;06.08.1956;1956
19213;07.08.1956;1956
19214;08.08.1956;1956
19215;09.08.1956;1956
19216;10.08.1956;1956
19217;11.08.1956;1956
19218;12.08.1956;1956
19219;13.08.1956;1956
19220;14.08.1956;1956
19221;15.08.1956;1956
19222;16.08.1956;1956
19223;17.08.1956;1956
19224;18.08.1956;1956
19225;19.08.1956;1956
19226;20.08.1956;1956
19227;21.08.1956;1956
19228;22.08.1956;1956
19229;23.08.1956;1956
19230;24.08.1956;1956
19231;25.08.1956;1956
19232;26.08.1956;1956
19233;27.08.1956;1956
19234;28.08.1956;1956
19235;29.08.1956;1956
19236;30.08.1956;1956
19237;31.08.1956;1956
19238;01.09.1956;1956
19239;02.09.1956;1956
19240;03.09.1956;1956
19241;04.09.1956;1956
19242;05.09.1956;1956
19243;06.09.1956;1956
19244;07.09.1956;1956
19245;08.09.1956;1956
19246;09.09.1956;1956
19247;10.09.1956;1956
19248;11.09.1956;1956
19249;12.09.1956;1956
19250;13.09.1956;1956
19251;14.09.1956;1956
19252;15.09.1956;1956
19253;16.09.1956;1956
19254;17.09.1956;1956
19255;18.09.1956;1956
19256;19.09.1956;1956
19257;20.09.1956;1956
19258;21.09.1956;1956
19259;22.09.1956;1956
19260;23.09.1956;1956
19261;24.09.1956;1956
19262;25.09.1956;1956
19263;26.09.1956;1956
19264;27.09.1956;1956
19265;28.09.1956;1956
19266;29.09.1956;1956
19267;30.09.1956;1956
19268;01.10.1956;1956
19269;02.10.1956;1956
19270;03.10.1956;1956
19271;04.10.1956;1956
19272;05.10.1956;1956
19273;06.10.1956;1956
19274;07.10.1956;1956
19275;08.10.1956;1956
19276;09.10.1956;1956
19277;10.10.1956;1956
19278;11.10.1956;1956
19279;12.10.1956;1956
19280;13.10.1956;1956
19281;14.10.1956;1956
19282;15.10.1956;1956
19283;16.10.1956;1956
19284;17.10.1956;1956
19285;18.10.1956;1956
19286;19.10.1956;1956
19287;20.10.1956;1956
19288;21.10.1956;1956
19289;22.10.1956;1956
19290;23.10.1956;1956
19291;24.10.1956;1956
19292;25.10.1956;1956
19293;26.10.1956;1956
19294;27.10.1956;1956
19295;28.10.1956;1956
19296;29.10.1956;1956
19297;30.10.1956;1956
19298;31.10.1956;1956
19299;01.11.1956;1956
19300;02.11.1956;1956
19301;03.11.1956;1956
19302;04.11.1956;1956
19303;05.11.1956;1956
19304;06.11.1956;1956
19305;07.11.1956;1956
19306;08.11.1956;1956
19307;09.11.1956;1956
19308;10.11.1956;1956
19309;11.11.1956;1956
19310;12.11.1956;1956
19311;13.11.1956;1956
19312;14.11.1956;1956
19313;15.11.1956;1956
19314;16.11.1956;1956
19315;17.11.1956;1956
19316;18.11.1956;1956
19317;19.11.1956;1956
19318;20.11.1956;1956
19319;21.11.1956;1956
19320;22.11.1956;1956
19321;23.11.1956;1956
19322;24.11.1956;1956
19323;25.11.1956;1956
19324;26.11.1956;1956
19325;27.11.1956;1956
19326;28.11.1956;1956
19327;29.11.1956;1956
19328;30.11.1956;1956
19329;01.12.1956;1956
19330;02.12.1956;1956
19331;03.12.1956;1956
19332;04.12.1956;1956
19333;05.12.1956;1956
19334;06.12.1956;1956
19335;07.12.1956;1956
19336;08.12.1956;1956
19337;09.12.1956;1956
19338;10.12.1956;1956
19339;11.12.1956;1956
19340;12.12.1956;1956
19341;13.12.1956;1956
19342;14.12.1956;1956
19343;15.12.1956;1956
19344;16.12.1956;1956
19345;17.12.1956;1956
19346;18.12.1956;1956
19347;19.12.1956;1956
19348;20.12.1956;1956
19349;21.12.1956;1956
19350;22.12.1956;1956
19351;23.12.1956;1956
19352;24.12.1956;1956
19353;25.12.1956;1956
19354;26.12.1956;1956
19355;27.12.1956;1956
19356;28.12.1956;1956
19357;29.12.1956;1956
19358;30.12.1956;1956
19359;31.12.1956;1956
19360;01.01.1957;1957
19361;02.01.1957;1957
19362;03.01.1957;1957
19363;04.01.1957;1957
19364;05.01.1957;1957
19365;06.01.1957;1957
19366;07.01.1957;1957
19367;08.01.1957;1957
19368;09.01.1957;1957
19369;10.01.1957;1957
19370;11.01.1957;1957
19371;12.01.1957;1957
19372;13.01.1957;1957
19373;14.01.1957;1957
19374;15.01.1957;1957
19375;16.01.1957;1957
19376;17.01.1957;1957
19377;18.01.1957;1957
19378;19.01.1957;1957
19379;20.01.1957;1957
19380;21.01.1957;1957
19381;22.01.1957;1957
19382;23.01.1957;1957
19383;24.01.1957;1957
19384;25.01.1957;1957
19385;26.01.1957;1957
19386;27.01.1957;1957
19387;28.01.1957;1957
19388;29.01.1957;1957
19389;30.01.1957;1957
19390;31.01.1957;1957
19391;01.02.1957;1957
19392;02.02.1957;1957
19393;03.02.1957;1957
19394;04.02.1957;1957
19395;05.02.1957;1957
19396;06.02.1957;1957
19397;07.02.1957;1957
19398;08.02.1957;1957
19399;09.02.1957;1957
19400;10.02.1957;1957
19401;11.02.1957;1957
19402;12.02.1957;1957
19403;13.02.1957;1957
19404;14.02.1957;1957
19405;15.02.1957;1957
19406;16.02.1957;1957
19407;17.02.1957;1957
19408;18.02.1957;1957
19409;19.02.1957;1957
19410;20.02.1957;1957
19411;21.02.1957;1957
19412;22.02.1957;1957
19413;23.02.1957;1957
19414;24.02.1957;1957
19415;25.02.1957;1957
19416;26.02.1957;1957
19417;27.02.1957;1957
19418;28.02.1957;1957
19419;01.03.1957;1957
19420;02.03.1957;1957
19421;03.03.1957;1957
19422;04.03.1957;1957
19423;05.03.1957;1957
19424;06.03.1957;1957
19425;07.03.1957;1957
19426;08.03.1957;1957
19427;09.03.1957;1957
19428;10.03.1957;1957
19429;11.03.1957;1957
19430;12.03.1957;1957
19431;13.03.1957;1957
19432;14.03.1957;1957
19433;15.03.1957;1957
19434;16.03.1957;1957
19435;17.03.1957;1957
19436;18.03.1957;1957
19437;19.03.1957;1957
19438;20.03.1957;1957
19439;21.03.1957;1957
19440;22.03.1957;1957
19441;23.03.1957;1957
19442;24.03.1957;1957
19443;25.03.1957;1957
19444;26.03.1957;1957
19445;27.03.1957;1957
19446;28.03.1957;1957
19447;29.03.1957;1957
19448;30.03.1957;1957
19449;31.03.1957;1957
19450;01.04.1957;1957
19451;02.04.1957;1957
19452;03.04.1957;1957
19453;04.04.1957;1957
19454;05.04.1957;1957
19455;06.04.1957;1957
19456;07.04.1957;1957
19457;08.04.1957;1957
19458;09.04.1957;1957
19459;10.04.1957;1957
19460;11.04.1957;1957
19461;12.04.1957;1957
19462;13.04.1957;1957
19463;14.04.1957;1957
19464;15.04.1957;1957
19465;16.04.1957;1957
19466;17.04.1957;1957
19467;18.04.1957;1957
19468;19.04.1957;1957
19469;20.04.1957;1957
19470;21.04.1957;1957
19471;22.04.1957;1957
19472;23.04.1957;1957
19473;24.04.1957;1957
19474;25.04.1957;1957
19475;26.04.1957;1957
19476;27.04.1957;1957
19477;28.04.1957;1957
19478;29.04.1957;1957
19479;30.04.1957;1957
19480;01.05.1957;1957
19481;02.05.1957;1957
19482;03.05.1957;1957
19483;04.05.1957;1957
19484;05.05.1957;1957
19485;06.05.1957;1957
19486;07.05.1957;1957
19487;08.05.1957;1957
19488;09.05.1957;1957
19489;10.05.1957;1957
19490;11.05.1957;1957
19491;12.05.1957;1957
19492;13.05.1957;1957
19493;14.05.1957;1957
19494;15.05.1957;1957
19495;16.05.1957;1957
19496;17.05.1957;1957
19497;18.05.1957;1957
19498;19.05.1957;1957
19499;20.05.1957;1957
19500;21.05.1957;1957
19501;22.05.1957;1957
19502;23.05.1957;1957
19503;24.05.1957;1957
19504;25.05.1957;1957
19505;26.05.1957;1957
19506;27.05.1957;1957
19507;28.05.1957;1957
19508;29.05.1957;1957
19509;30.05.1957;1957
19510;31.05.1957;1957
19511;01.06.1957;1957
19512;02.06.1957;1957
19513;03.06.1957;1957
19514;04.06.1957;1957
19515;05.06.1957;1957
19516;06.06.1957;1957
19517;07.06.1957;1957
19518;08.06.1957;1957
19519;09.06.1957;1957
19520;10.06.1957;1957
19521;11.06.1957;1957
19522;12.06.1957;1957
19523;13.06.1957;1957
19524;14.06.1957;1957
19525;15.06.1957;1957
19526;16.06.1957;1957
19527;17.06.1957;1957
19528;18.06.1957;1957
19529;19.06.1957;1957
19530;20.06.1957;1957
19531;21.06.1957;1957
19532;22.06.1957;1957
19533;23.06.1957;1957
19534;24.06.1957;1957
19535;25.06.1957;1957
19536;26.06.1957;1957
19537;27.06.1957;1957
19538;28.06.1957;1957
19539;29.06.1957;1957
19540;30.06.1957;1957
19541;01.07.1957;1957
19542;02.07.1957;1957
19543;03.07.1957;1957
19544;04.07.1957;1957
19545;05.07.1957;1957
19546;06.07.1957;1957
19547;07.07.1957;1957
19548;08.07.1957;1957
19549;09.07.1957;1957
19550;10.07.1957;1957
19551;11.07.1957;1957
19552;12.07.1957;1957
19553;13.07.1957;1957
19554;14.07.1957;1957
19555;15.07.1957;1957
19556;16.07.1957;1957
19557;17.07.1957;1957
19558;18.07.1957;1957
19559;19.07.1957;1957
19560;20.07.1957;1957
19561;21.07.1957;1957
19562;22.07.1957;1957
19563;23.07.1957;1957
19564;24.07.1957;1957
19565;25.07.1957;1957
19566;26.07.1957;1957
19567;27.07.1957;1957
19568;28.07.1957;1957
19569;29.07.1957;1957
19570;30.07.1957;1957
19571;31.07.1957;1957
19572;01.08.1957;1957
19573;02.08.1957;1957
19574;03.08.1957;1957
19575;04.08.1957;1957
19576;05.08.1957;1957
19577;06.08.1957;1957
19578;07.08.1957;1957
19579;08.08.1957;1957
19580;09.08.1957;1957
19581;10.08.1957;1957
19582;11.08.1957;1957
19583;12.08.1957;1957
19584;13.08.1957;1957
19585;14.08.1957;1957
19586;15.08.1957;1957
19587;16.08.1957;1957
19588;17.08.1957;1957
19589;18.08.1957;1957
19590;19.08.1957;1957
19591;20.08.1957;1957
19592;21.08.1957;1957
19593;22.08.1957;1957
19594;23.08.1957;1957
19595;24.08.1957;1957
19596;25.08.1957;1957
19597;26.08.1957;1957
19598;27.08.1957;1957
19599;28.08.1957;1957
19600;29.08.1957;1957
19601;30.08.1957;1957
19602;31.08.1957;1957
19603;01.09.1957;1957
19604;02.09.1957;1957
19605;03.09.1957;1957
19606;04.09.1957;1957
19607;05.09.1957;1957
19608;06.09.1957;1957
19609;07.09.1957;1957
19610;08.09.1957;1957
19611;09.09.1957;1957
19612;10.09.1957;1957
19613;11.09.1957;1957
19614;12.09.1957;1957
19615;13.09.1957;1957
19616;14.09.1957;1957
19617;15.09.1957;1957
19618;16.09.1957;1957
19619;17.09.1957;1957
19620;18.09.1957;1957
19621;19.09.1957;1957
19622;20.09.1957;1957
19623;21.09.1957;1957
19624;22.09.1957;1957
19625;23.09.1957;1957
19626;24.09.1957;1957
19627;25.09.1957;1957
19628;26.09.1957;1957
19629;27.09.1957;1957
19630;28.09.1957;1957
19631;29.09.1957;1957
19632;30.09.1957;1957
19633;01.10.1957;1957
19634;02.10.1957;1957
19635;03.10.1957;1957
19636;04.10.1957;1957
19637;05.10.1957;1957
19638;06.10.1957;1957
19639;07.10.1957;1957
19640;08.10.1957;1957
19641;09.10.1957;1957
19642;10.10.1957;1957
19643;11.10.1957;1957
19644;12.10.1957;1957
19645;13.10.1957;1957
19646;14.10.1957;1957
19647;15.10.1957;1957
19648;16.10.1957;1957
19649;17.10.1957;1957
19650;18.10.1957;1957
19651;19.10.1957;1957
19652;20.10.1957;1957
19653;21.10.1957;1957
19654;22.10.1957;1957
19655;23.10.1957;1957
19656;24.10.1957;1957
19657;25.10.1957;1957
19658;26.10.1957;1957
19659;27.10.1957;1957
19660;28.10.1957;1957
19661;29.10.1957;1957
19662;30.10.1957;1957
19663;31.10.1957;1957
19664;01.11.1957;1957
19665;02.11.1957;1957
19666;03.11.1957;1957
19667;04.11.1957;1957
19668;05.11.1957;1957
19669;06.11.1957;1957
19670;07.11.1957;1957
19671;08.11.1957;1957
19672;09.11.1957;1957
19673;10.11.1957;1957
19674;11.11.1957;1957
19675;12.11.1957;1957
19676;13.11.1957;1957
19677;14.11.1957;1957
19678;15.11.1957;1957
19679;16.11.1957;1957
19680;17.11.1957;1957
19681;18.11.1957;1957
19682;19.11.1957;1957
19683;20.11.1957;1957
19684;21.11.1957;1957
19685;22.11.1957;1957
19686;23.11.1957;1957
19687;24.11.1957;1957
19688;25.11.1957;1957
19689;26.11.1957;1957
19690;27.11.1957;1957
19691;28.11.1957;1957
19692;29.11.1957;1957
19693;30.11.1957;1957
19694;01.12.1957;1957
19695;02.12.1957;1957
19696;03.12.1957;1957
19697;04.12.1957;1957
19698;05.12.1957;1957
19699;06.12.1957;1957
19700;07.12.1957;1957
19701;08.12.1957;1957
19702;09.12.1957;1957
19703;10.12.1957;1957
19704;11.12.1957;1957
19705;12.12.1957;1957
19706;13.12.1957;1957
19707;14.12.1957;1957
19708;15.12.1957;1957
19709;16.12.1957;1957
19710;17.12.1957;1957
19711;18.12.1957;1957
19712;19.12.1957;1957
19713;20.12.1957;1957
19714;21.12.1957;1957
19715;22.12.1957;1957
19716;23.12.1957;1957
19717;24.12.1957;1957
19718;25.12.1957;1957
19719;26.12.1957;1957
19720;27.12.1957;1957
19721;28.12.1957;1957
19722;29.12.1957;1957
19723;30.12.1957;1957
19724;31.12.1957;1957
19725;01.01.1958;1958
19726;02.01.1958;1958
19727;03.01.1958;1958
19728;04.01.1958;1958
19729;05.01.1958;1958
19730;06.01.1958;1958
19731;07.01.1958;1958
19732;08.01.1958;1958
19733;09.01.1958;1958
19734;10.01.1958;1958
19735;11.01.1958;1958
19736;12.01.1958;1958
19737;13.01.1958;1958
19738;14.01.1958;1958
19739;15.01.1958;1958
19740;16.01.1958;1958
19741;17.01.1958;1958
19742;18.01.1958;1958
19743;19.01.1958;1958
19744;20.01.1958;1958
19745;21.01.1958;1958
19746;22.01.1958;1958
19747;23.01.1958;1958
19748;24.01.1958;1958
19749;25.01.1958;1958
19750;26.01.1958;1958
19751;27.01.1958;1958
19752;28.01.1958;1958
19753;29.01.1958;1958
19754;30.01.1958;1958
19755;31.01.1958;1958
19756;01.02.1958;1958
19757;02.02.1958;1958
19758;03.02.1958;1958
19759;04.02.1958;1958
19760;05.02.1958;1958
19761;06.02.1958;1958
19762;07.02.1958;1958
19763;08.02.1958;1958
19764;09.02.1958;1958
19765;10.02.1958;1958
19766;11.02.1958;1958
19767;12.02.1958;1958
19768;13.02.1958;1958
19769;14.02.1958;1958
19770;15.02.1958;1958
19771;16.02.1958;1958
19772;17.02.1958;1958
19773;18.02.1958;1958
19774;19.02.1958;1958
19775;20.02.1958;1958
19776;21.02.1958;1958
19777;22.02.1958;1958
19778;23.02.1958;1958
19779;24.02.1958;1958
19780;25.02.1958;1958
19781;26.02.1958;1958
19782;27.02.1958;1958
19783;28.02.1958;1958
19784;01.03.1958;1958
19785;02.03.1958;1958
19786;03.03.1958;1958
19787;04.03.1958;1958
19788;05.03.1958;1958
19789;06.03.1958;1958
19790;07.03.1958;1958
19791;08.03.1958;1958
19792;09.03.1958;1958
19793;10.03.1958;1958
19794;11.03.1958;1958
19795;12.03.1958;1958
19796;13.03.1958;1958
19797;14.03.1958;1958
19798;15.03.1958;1958
19799;16.03.1958;1958
19800;17.03.1958;1958
19801;18.03.1958;1958
19802;19.03.1958;1958
19803;20.03.1958;1958
19804;21.03.1958;1958
19805;22.03.1958;1958
19806;23.03.1958;1958
19807;24.03.1958;1958
19808;25.03.1958;1958
19809;26.03.1958;1958
19810;27.03.1958;1958
19811;28.03.1958;1958
19812;29.03.1958;1958
19813;30.03.1958;1958
19814;31.03.1958;1958
19815;01.04.1958;1958
19816;02.04.1958;1958
19817;03.04.1958;1958
19818;04.04.1958;1958
19819;05.04.1958;1958
19820;06.04.1958;1958
19821;07.04.1958;1958
19822;08.04.1958;1958
19823;09.04.1958;1958
19824;10.04.1958;1958
19825;11.04.1958;1958
19826;12.04.1958;1958
19827;13.04.1958;1958
19828;14.04.1958;1958
19829;15.04.1958;1958
19830;16.04.1958;1958
19831;17.04.1958;1958
19832;18.04.1958;1958
19833;19.04.1958;1958
19834;20.04.1958;1958
19835;21.04.1958;1958
19836;22.04.1958;1958
19837;23.04.1958;1958
19838;24.04.1958;1958
19839;25.04.1958;1958
19840;26.04.1958;1958
19841;27.04.1958;1958
19842;28.04.1958;1958
19843;29.04.1958;1958
19844;30.04.1958;1958
19845;01.05.1958;1958
19846;02.05.1958;1958
19847;03.05.1958;1958
19848;04.05.1958;1958
19849;05.05.1958;1958
19850;06.05.1958;1958
19851;07.05.1958;1958
19852;08.05.1958;1958
19853;09.05.1958;1958
19854;10.05.1958;1958
19855;11.05.1958;1958
19856;12.05.1958;1958
19857;13.05.1958;1958
19858;14.05.1958;1958
19859;15.05.1958;1958
19860;16.05.1958;1958
19861;17.05.1958;1958
19862;18.05.1958;1958
19863;19.05.1958;1958
19864;20.05.1958;1958
19865;21.05.1958;1958
19866;22.05.1958;1958
19867;23.05.1958;1958
19868;24.05.1958;1958
19869;25.05.1958;1958
19870;26.05.1958;1958
19871;27.05.1958;1958
19872;28.05.1958;1958
19873;29.05.1958;1958
19874;30.05.1958;1958
19875;31.05.1958;1958
19876;01.06.1958;1958
19877;02.06.1958;1958
19878;03.06.1958;1958
19879;04.06.1958;1958
19880;05.06.1958;1958
19881;06.06.1958;1958
19882;07.06.1958;1958
19883;08.06.1958;1958
19884;09.06.1958;1958
19885;10.06.1958;1958
19886;11.06.1958;1958
19887;12.06.1958;1958
19888;13.06.1958;1958
19889;14.06.1958;1958
19890;15.06.1958;1958
19891;16.06.1958;1958
19892;17.06.1958;1958
19893;18.06.1958;1958
19894;19.06.1958;1958
19895;20.06.1958;1958
19896;21.06.1958;1958
19897;22.06.1958;1958
19898;23.06.1958;1958
19899;24.06.1958;1958
19900;25.06.1958;1958
19901;26.06.1958;1958
19902;27.06.1958;1958
19903;28.06.1958;1958
19904;29.06.1958;1958
19905;30.06.1958;1958
19906;01.07.1958;1958
19907;02.07.1958;1958
19908;03.07.1958;1958
19909;04.07.1958;1958
19910;05.07.1958;1958
19911;06.07.1958;1958
19912;07.07.1958;1958
19913;08.07.1958;1958
19914;09.07.1958;1958
19915;10.07.1958;1958
19916;11.07.1958;1958
19917;12.07.1958;1958
19918;13.07.1958;1958
19919;14.07.1958;1958
19920;15.07.1958;1958
19921;16.07.1958;1958
19922;17.07.1958;1958
19923;18.07.1958;1958
19924;19.07.1958;1958
19925;20.07.1958;1958
19926;21.07.1958;1958
19927;22.07.1958;1958
19928;23.07.1958;1958
19929;24.07.1958;1958
19930;25.07.1958;1958
19931;26.07.1958;1958
19932;27.07.1958;1958
19933;28.07.1958;1958
19934;29.07.1958;1958
19935;30.07.1958;1958
19936;31.07.1958;1958
19937;01.08.1958;1958
19938;02.08.1958;1958
19939;03.08.1958;1958
19940;04.08.1958;1958
19941;05.08.1958;1958
19942;06.08.1958;1958
19943;07.08.1958;1958
19944;08.08.1958;1958
19945;09.08.1958;1958
19946;10.08.1958;1958
19947;11.08.1958;1958
19948;12.08.1958;1958
19949;13.08.1958;1958
19950;14.08.1958;1958
19951;15.08.1958;1958
19952;16.08.1958;1958
19953;17.08.1958;1958
19954;18.08.1958;1958
19955;19.08.1958;1958
19956;20.08.1958;1958
19957;21.08.1958;1958
19958;22.08.1958;1958
19959;23.08.1958;1958
19960;24.08.1958;1958
19961;25.08.1958;1958
19962;26.08.1958;1958
19963;27.08.1958;1958
19964;28.08.1958;1958
19965;29.08.1958;1958
19966;30.08.1958;1958
19967;31.08.1958;1958
19968;01.09.1958;1958
19969;02.09.1958;1958
19970;03.09.1958;1958
19971;04.09.1958;1958
19972;05.09.1958;1958
19973;06.09.1958;1958
19974;07.09.1958;1958
19975;08.09.1958;1958
19976;09.09.1958;1958
19977;10.09.1958;1958
19978;11.09.1958;1958
19979;12.09.1958;1958
19980;13.09.1958;1958
19981;14.09.1958;1958
19982;15.09.1958;1958
19983;16.09.1958;1958
19984;17.09.1958;1958
19985;18.09.1958;1958
19986;19.09.1958;1958
19987;20.09.1958;1958
19988;21.09.1958;1958
19989;22.09.1958;1958
19990;23.09.1958;1958
19991;24.09.1958;1958
19992;25.09.1958;1958
19993;26.09.1958;1958
19994;27.09.1958;1958
19995;28.09.1958;1958
19996;29.09.1958;1958
19997;30.09.1958;1958
19998;01.10.1958;1958
19999;02.10.1958;1958
20000;03.10.1958;1958
20001;04.10.1958;1958
20002;05.10.1958;1958
20003;06.10.1958;1958
20004;07.10.1958;1958
20005;08.10.1958;1958
20006;09.10.1958;1958
20007;10.10.1958;1958
20008;11.10.1958;1958
20009;12.10.1958;1958
20010;13.10.1958;1958
20011;14.10.1958;1958
20012;15.10.1958;1958
20013;16.10.1958;1958
20014;17.10.1958;1958
20015;18.10.1958;1958
20016;19.10.1958;1958
20017;20.10.1958;1958
20018;21.10.1958;1958
20019;22.10.1958;1958
20020;23.10.1958;1958
20021;24.10.1958;1958
20022;25.10.1958;1958
20023;26.10.1958;1958
20024;27.10.1958;1958
20025;28.10.1958;1958
20026;29.10.1958;1958
20027;30.10.1958;1958
20028;31.10.1958;1958
20029;01.11.1958;1958
20030;02.11.1958;1958
20031;03.11.1958;1958
20032;04.11.1958;1958
20033;05.11.1958;1958
20034;06.11.1958;1958
20035;07.11.1958;1958
20036;08.11.1958;1958
20037;09.11.1958;1958
20038;10.11.1958;1958
20039;11.11.1958;1958
20040;12.11.1958;1958
20041;13.11.1958;1958
20042;14.11.1958;1958
20043;15.11.1958;1958
20044;16.11.1958;1958
20045;17.11.1958;1958
20046;18.11.1958;1958
20047;19.11.1958;1958
20048;20.11.1958;1958
20049;21.11.1958;1958
20050;22.11.1958;1958
20051;23.11.1958;1958
20052;24.11.1958;1958
20053;25.11.1958;1958
20054;26.11.1958;1958
20055;27.11.1958;1958
20056;28.11.1958;1958
20057;29.11.1958;1958
20058;30.11.1958;1958
20059;01.12.1958;1958
20060;02.12.1958;1958
20061;03.12.1958;1958
20062;04.12.1958;1958
20063;05.12.1958;1958
20064;06.12.1958;1958
20065;07.12.1958;1958
20066;08.12.1958;1958
20067;09.12.1958;1958
20068;10.12.1958;1958
20069;11.12.1958;1958
20070;12.12.1958;1958
20071;13.12.1958;1958
20072;14.12.1958;1958
20073;15.12.1958;1958
20074;16.12.1958;1958
20075;17.12.1958;1958
20076;18.12.1958;1958
20077;19.12.1958;1958
20078;20.12.1958;1958
20079;21.12.1958;1958
20080;22.12.1958;1958
20081;23.12.1958;1958
20082;24.12.1958;1958
20083;25.12.1958;1958
20084;26.12.1958;1958
20085;27.12.1958;1958
20086;28.12.1958;1958
20087;29.12.1958;1958
20088;30.12.1958;1958
20089;31.12.1958;1958
20090;01.01.1959;1959
20091;02.01.1959;1959
20092;03.01.1959;1959
20093;04.01.1959;1959
20094;05.01.1959;1959
20095;06.01.1959;1959
20096;07.01.1959;1959
20097;08.01.1959;1959
20098;09.01.1959;1959
20099;10.01.1959;1959
20100;11.01.1959;1959
20101;12.01.1959;1959
20102;13.01.1959;1959
20103;14.01.1959;1959
20104;15.01.1959;1959
20105;16.01.1959;1959
20106;17.01.1959;1959
20107;18.01.1959;1959
20108;19.01.1959;1959
20109;20.01.1959;1959
20110;21.01.1959;1959
20111;22.01.1959;1959
20112;23.01.1959;1959
20113;24.01.1959;1959
20114;25.01.1959;1959
20115;26.01.1959;1959
20116;27.01.1959;1959
20117;28.01.1959;1959
20118;29.01.1959;1959
20119;30.01.1959;1959
20120;31.01.1959;1959
20121;01.02.1959;1959
20122;02.02.1959;1959
20123;03.02.1959;1959
20124;04.02.1959;1959
20125;05.02.1959;1959
20126;06.02.1959;1959
20127;07.02.1959;1959
20128;08.02.1959;1959
20129;09.02.1959;1959
20130;10.02.1959;1959
20131;11.02.1959;1959
20132;12.02.1959;1959
20133;13.02.1959;1959
20134;14.02.1959;1959
20135;15.02.1959;1959
20136;16.02.1959;1959
20137;17.02.1959;1959
20138;18.02.1959;1959
20139;19.02.1959;1959
20140;20.02.1959;1959
20141;21.02.1959;1959
20142;22.02.1959;1959
20143;23.02.1959;1959
20144;24.02.1959;1959
20145;25.02.1959;1959
20146;26.02.1959;1959
20147;27.02.1959;1959
20148;28.02.1959;1959
20149;01.03.1959;1959
20150;02.03.1959;1959
20151;03.03.1959;1959
20152;04.03.1959;1959
20153;05.03.1959;1959
20154;06.03.1959;1959
20155;07.03.1959;1959
20156;08.03.1959;1959
20157;09.03.1959;1959
20158;10.03.1959;1959
20159;11.03.1959;1959
20160;12.03.1959;1959
20161;13.03.1959;1959
20162;14.03.1959;1959
20163;15.03.1959;1959
20164;16.03.1959;1959
20165;17.03.1959;1959
20166;18.03.1959;1959
20167;19.03.1959;1959
20168;20.03.1959;1959
20169;21.03.1959;1959
20170;22.03.1959;1959
20171;23.03.1959;1959
20172;24.03.1959;1959
20173;25.03.1959;1959
20174;26.03.1959;1959
20175;27.03.1959;1959
20176;28.03.1959;1959
20177;29.03.1959;1959
20178;30.03.1959;1959
20179;31.03.1959;1959
20180;01.04.1959;1959
20181;02.04.1959;1959
20182;03.04.1959;1959
20183;04.04.1959;1959
20184;05.04.1959;1959
20185;06.04.1959;1959
20186;07.04.1959;1959
20187;08.04.1959;1959
20188;09.04.1959;1959
20189;10.04.1959;1959
20190;11.04.1959;1959
20191;12.04.1959;1959
20192;13.04.1959;1959
20193;14.04.1959;1959
20194;15.04.1959;1959
20195;16.04.1959;1959
20196;17.04.1959;1959
20197;18.04.1959;1959
20198;19.04.1959;1959
20199;20.04.1959;1959
20200;21.04.1959;1959
20201;22.04.1959;1959
20202;23.04.1959;1959
20203;24.04.1959;1959
20204;25.04.1959;1959
20205;26.04.1959;1959
20206;27.04.1959;1959
20207;28.04.1959;1959
20208;29.04.1959;1959
20209;30.04.1959;1959
20210;01.05.1959;1959
20211;02.05.1959;1959
20212;03.05.1959;1959
20213;04.05.1959;1959
20214;05.05.1959;1959
20215;06.05.1959;1959
20216;07.05.1959;1959
20217;08.05.1959;1959
20218;09.05.1959;1959
20219;10.05.1959;1959
20220;11.05.1959;1959
20221;12.05.1959;1959
20222;13.05.1959;1959
20223;14.05.1959;1959
20224;15.05.1959;1959
20225;16.05.1959;1959
20226;17.05.1959;1959
20227;18.05.1959;1959
20228;19.05.1959;1959
20229;20.05.1959;1959
20230;21.05.1959;1959
20231;22.05.1959;1959
20232;23.05.1959;1959
20233;24.05.1959;1959
20234;25.05.1959;1959
20235;26.05.1959;1959
20236;27.05.1959;1959
20237;28.05.1959;1959
20238;29.05.1959;1959
20239;30.05.1959;1959
20240;31.05.1959;1959
20241;01.06.1959;1959
20242;02.06.1959;1959
20243;03.06.1959;1959
20244;04.06.1959;1959
20245;05.06.1959;1959
20246;06.06.1959;1959
20247;07.06.1959;1959
20248;08.06.1959;1959
20249;09.06.1959;1959
20250;10.06.1959;1959
20251;11.06.1959;1959
20252;12.06.1959;1959
20253;13.06.1959;1959
20254;14.06.1959;1959
20255;15.06.1959;1959
20256;16.06.1959;1959
20257;17.06.1959;1959
20258;18.06.1959;1959
20259;19.06.1959;1959
20260;20.06.1959;1959
20261;21.06.1959;1959
20262;22.06.1959;1959
20263;23.06.1959;1959
20264;24.06.1959;1959
20265;25.06.1959;1959
20266;26.06.1959;1959
20267;27.06.1959;1959
20268;28.06.1959;1959
20269;29.06.1959;1959
20270;30.06.1959;1959
20271;01.07.1959;1959
20272;02.07.1959;1959
20273;03.07.1959;1959
20274;04.07.1959;1959
20275;05.07.1959;1959
20276;06.07.1959;1959
20277;07.07.1959;1959
20278;08.07.1959;1959
20279;09.07.1959;1959
20280;10.07.1959;1959
20281;11.07.1959;1959
20282;12.07.1959;1959
20283;13.07.1959;1959
20284;14.07.1959;1959
20285;15.07.1959;1959
20286;16.07.1959;1959
20287;17.07.1959;1959
20288;18.07.1959;1959
20289;19.07.1959;1959
20290;20.07.1959;1959
20291;21.07.1959;1959
20292;22.07.1959;1959
20293;23.07.1959;1959
20294;24.07.1959;1959
20295;25.07.1959;1959
20296;26.07.1959;1959
20297;27.07.1959;1959
20298;28.07.1959;1959
20299;29.07.1959;1959
20300;30.07.1959;1959
20301;31.07.1959;1959
20302;01.08.1959;1959
20303;02.08.1959;1959
20304;03.08.1959;1959
20305;04.08.1959;1959
20306;05.08.1959;1959
20307;06.08.1959;1959
20308;07.08.1959;1959
20309;08.08.1959;1959
20310;09.08.1959;1959
20311;10.08.1959;1959
20312;11.08.1959;1959
20313;12.08.1959;1959
20314;13.08.1959;1959
20315;14.08.1959;1959
20316;15.08.1959;1959
20317;16.08.1959;1959
20318;17.08.1959;1959
20319;18.08.1959;1959
20320;19.08.1959;1959
20321;20.08.1959;1959
20322;21.08.1959;1959
20323;22.08.1959;1959
20324;23.08.1959;1959
20325;24.08.1959;1959
20326;25.08.1959;1959
20327;26.08.1959;1959
20328;27.08.1959;1959
20329;28.08.1959;1959
20330;29.08.1959;1959
20331;30.08.1959;1959
20332;31.08.1959;1959
20333;01.09.1959;1959
20334;02.09.1959;1959
20335;03.09.1959;1959
20336;04.09.1959;1959
20337;05.09.1959;1959
20338;06.09.1959;1959
20339;07.09.1959;1959
20340;08.09.1959;1959
20341;09.09.1959;1959
20342;10.09.1959;1959
20343;11.09.1959;1959
20344;12.09.1959;1959
20345;13.09.1959;1959
20346;14.09.1959;1959
20347;15.09.1959;1959
20348;16.09.1959;1959
20349;17.09.1959;1959
20350;18.09.1959;1959
20351;19.09.1959;1959
20352;20.09.1959;1959
20353;21.09.1959;1959
20354;22.09.1959;1959
20355;23.09.1959;1959
20356;24.09.1959;1959
20357;25.09.1959;1959
20358;26.09.1959;1959
20359;27.09.1959;1959
20360;28.09.1959;1959
20361;29.09.1959;1959
20362;30.09.1959;1959
20363;01.10.1959;1959
20364;02.10.1959;1959
20365;03.10.1959;1959
20366;04.10.1959;1959
20367;05.10.1959;1959
20368;06.10.1959;1959
20369;07.10.1959;1959
20370;08.10.1959;1959
20371;09.10.1959;1959
20372;10.10.1959;1959
20373;11.10.1959;1959
20374;12.10.1959;1959
20375;13.10.1959;1959
20376;14.10.1959;1959
20377;15.10.1959;1959
20378;16.10.1959;1959
20379;17.10.1959;1959
20380;18.10.1959;1959
20381;19.10.1959;1959
20382;20.10.1959;1959
20383;21.10.1959;1959
20384;22.10.1959;1959
20385;23.10.1959;1959
20386;24.10.1959;1959
20387;25.10.1959;1959
20388;26.10.1959;1959
20389;27.10.1959;1959
20390;28.10.1959;1959
20391;29.10.1959;1959
20392;30.10.1959;1959
20393;31.10.1959;1959
20394;01.11.1959;1959
20395;02.11.1959;1959
20396;03.11.1959;1959
20397;04.11.1959;1959
20398;05.11.1959;1959
20399;06.11.1959;1959
20400;07.11.1959;1959
20401;08.11.1959;1959
20402;09.11.1959;1959
20403;10.11.1959;1959
20404;11.11.1959;1959
20405;12.11.1959;1959
20406;13.11.1959;1959
20407;14.11.1959;1959
20408;15.11.1959;1959
20409;16.11.1959;1959
20410;17.11.1959;1959
20411;18.11.1959;1959
20412;19.11.1959;1959
20413;20.11.1959;1959
20414;21.11.1959;1959
20415;22.11.1959;1959
20416;23.11.1959;1959
20417;24.11.1959;1959
20418;25.11.1959;1959
20419;26.11.1959;1959
20420;27.11.1959;1959
20421;28.11.1959;1959
20422;29.11.1959;1959
20423;30.11.1959;1959
20424;01.12.1959;1959
20425;02.12.1959;1959
20426;03.12.1959;1959
20427;04.12.1959;1959
20428;05.12.1959;1959
20429;06.12.1959;1959
20430;07.12.1959;1959
20431;08.12.1959;1959
20432;09.12.1959;1959
20433;10.12.1959;1959
20434;11.12.1959;1959
20435;12.12.1959;1959
20436;13.12.1959;1959
20437;14.12.1959;1959
20438;15.12.1959;1959
20439;16.12.1959;1959
20440;17.12.1959;1959
20441;18.12.1959;1959
20442;19.12.1959;1959
20443;20.12.1959;1959
20444;21.12.1959;1959
20445;22.12.1959;1959
20446;23.12.1959;1959
20447;24.12.1959;1959
20448;25.12.1959;1959
20449;26.12.1959;1959
20450;27.12.1959;1959
20451;28.12.1959;1959
20452;29.12.1959;1959
20453;30.12.1959;1959
20454;31.12.1959;1959
20455;01.01.1960;1960
20456;02.01.1960;1960
20457;03.01.1960;1960
20458;04.01.1960;1960
20459;05.01.1960;1960
20460;06.01.1960;1960
20461;07.01.1960;1960
20462;08.01.1960;1960
20463;09.01.1960;1960
20464;10.01.1960;1960
20465;11.01.1960;1960
20466;12.01.1960;1960
20467;13.01.1960;1960
20468;14.01.1960;1960
20469;15.01.1960;1960
20470;16.01.1960;1960
20471;17.01.1960;1960
20472;18.01.1960;1960
20473;19.01.1960;1960
20474;20.01.1960;1960
20475;21.01.1960;1960
20476;22.01.1960;1960
20477;23.01.1960;1960
20478;24.01.1960;1960
20479;25.01.1960;1960
20480;26.01.1960;1960
20481;27.01.1960;1960
20482;28.01.1960;1960
20483;29.01.1960;1960
20484;30.01.1960;1960
20485;31.01.1960;1960
20486;01.02.1960;1960
20487;02.02.1960;1960
20488;03.02.1960;1960
20489;04.02.1960;1960
20490;05.02.1960;1960
20491;06.02.1960;1960
20492;07.02.1960;1960
20493;08.02.1960;1960
20494;09.02.1960;1960
20495;10.02.1960;1960
20496;11.02.1960;1960
20497;12.02.1960;1960
20498;13.02.1960;1960
20499;14.02.1960;1960
20500;15.02.1960;1960
20501;16.02.1960;1960
20502;17.02.1960;1960
20503;18.02.1960;1960
20504;19.02.1960;1960
20505;20.02.1960;1960
20506;21.02.1960;1960
20507;22.02.1960;1960
20508;23.02.1960;1960
20509;24.02.1960;1960
20510;25.02.1960;1960
20511;26.02.1960;1960
20512;27.02.1960;1960
20513;28.02.1960;1960
20514;29.02.1960;1960
20515;01.03.1960;1960
20516;02.03.1960;1960
20517;03.03.1960;1960
20518;04.03.1960;1960
20519;05.03.1960;1960
20520;06.03.1960;1960
20521;07.03.1960;1960
20522;08.03.1960;1960
20523;09.03.1960;1960
20524;10.03.1960;1960
20525;11.03.1960;1960
20526;12.03.1960;1960
20527;13.03.1960;1960
20528;14.03.1960;1960
20529;15.03.1960;1960
20530;16.03.1960;1960
20531;17.03.1960;1960
20532;18.03.1960;1960
20533;19.03.1960;1960
20534;20.03.1960;1960
20535;21.03.1960;1960
20536;22.03.1960;1960
20537;23.03.1960;1960
20538;24.03.1960;1960
20539;25.03.1960;1960
20540;26.03.1960;1960
20541;27.03.1960;1960
20542;28.03.1960;1960
20543;29.03.1960;1960
20544;30.03.1960;1960
20545;31.03.1960;1960
20546;01.04.1960;1960
20547;02.04.1960;1960
20548;03.04.1960;1960
20549;04.04.1960;1960
20550;05.04.1960;1960
20551;06.04.1960;1960
20552;07.04.1960;1960
20553;08.04.1960;1960
20554;09.04.1960;1960
20555;10.04.1960;1960
20556;11.04.1960;1960
20557;12.04.1960;1960
20558;13.04.1960;1960
20559;14.04.1960;1960
20560;15.04.1960;1960
20561;16.04.1960;1960
20562;17.04.1960;1960
20563;18.04.1960;1960
20564;19.04.1960;1960
20565;20.04.1960;1960
20566;21.04.1960;1960
20567;22.04.1960;1960
20568;23.04.1960;1960
20569;24.04.1960;1960
20570;25.04.1960;1960
20571;26.04.1960;1960
20572;27.04.1960;1960
20573;28.04.1960;1960
20574;29.04.1960;1960
20575;30.04.1960;1960
20576;01.05.1960;1960
20577;02.05.1960;1960
20578;03.05.1960;1960
20579;04.05.1960;1960
20580;05.05.1960;1960
20581;06.05.1960;1960
20582;07.05.1960;1960
20583;08.05.1960;1960
20584;09.05.1960;1960
20585;10.05.1960;1960
20586;11.05.1960;1960
20587;12.05.1960;1960
20588;13.05.1960;1960
20589;14.05.1960;1960
20590;15.05.1960;1960
20591;16.05.1960;1960
20592;17.05.1960;1960
20593;18.05.1960;1960
20594;19.05.1960;1960
20595;20.05.1960;1960
20596;21.05.1960;1960
20597;22.05.1960;1960
20598;23.05.1960;1960
20599;24.05.1960;1960
20600;25.05.1960;1960
20601;26.05.1960;1960
20602;27.05.1960;1960
20603;28.05.1960;1960
20604;29.05.1960;1960
20605;30.05.1960;1960
20606;31.05.1960;1960
20607;01.06.1960;1960
20608;02.06.1960;1960
20609;03.06.1960;1960
20610;04.06.1960;1960
20611;05.06.1960;1960
20612;06.06.1960;1960
20613;07.06.1960;1960
20614;08.06.1960;1960
20615;09.06.1960;1960
20616;10.06.1960;1960
20617;11.06.1960;1960
20618;12.06.1960;1960
20619;13.06.1960;1960
20620;14.06.1960;1960
20621;15.06.1960;1960
20622;16.06.1960;1960
20623;17.06.1960;1960
20624;18.06.1960;1960
20625;19.06.1960;1960
20626;20.06.1960;1960
20627;21.06.1960;1960
20628;22.06.1960;1960
20629;23.06.1960;1960
20630;24.06.1960;1960
20631;25.06.1960;1960
20632;26.06.1960;1960
20633;27.06.1960;1960
20634;28.06.1960;1960
20635;29.06.1960;1960
20636;30.06.1960;1960
20637;01.07.1960;1960
20638;02.07.1960;1960
20639;03.07.1960;1960
20640;04.07.1960;1960
20641;05.07.1960;1960
20642;06.07.1960;1960
20643;07.07.1960;1960
20644;08.07.1960;1960
20645;09.07.1960;1960
20646;10.07.1960;1960
20647;11.07.1960;1960
20648;12.07.1960;1960
20649;13.07.1960;1960
20650;14.07.1960;1960
20651;15.07.1960;1960
20652;16.07.1960;1960
20653;17.07.1960;1960
20654;18.07.1960;1960
20655;19.07.1960;1960
20656;20.07.1960;1960
20657;21.07.1960;1960
20658;22.07.1960;1960
20659;23.07.1960;1960
20660;24.07.1960;1960
20661;25.07.1960;1960
20662;26.07.1960;1960
20663;27.07.1960;1960
20664;28.07.1960;1960
20665;29.07.1960;1960
20666;30.07.1960;1960
20667;31.07.1960;1960
20668;01.08.1960;1960
20669;02.08.1960;1960
20670;03.08.1960;1960
20671;04.08.1960;1960
20672;05.08.1960;1960
20673;06.08.1960;1960
20674;07.08.1960;1960
20675;08.08.1960;1960
20676;09.08.1960;1960
20677;10.08.1960;1960
20678;11.08.1960;1960
20679;12.08.1960;1960
20680;13.08.1960;1960
20681;14.08.1960;1960
20682;15.08.1960;1960
20683;16.08.1960;1960
20684;17.08.1960;1960
20685;18.08.1960;1960
20686;19.08.1960;1960
20687;20.08.1960;1960
20688;21.08.1960;1960
20689;22.08.1960;1960
20690;23.08.1960;1960
20691;24.08.1960;1960
20692;25.08.1960;1960
20693;26.08.1960;1960
20694;27.08.1960;1960
20695;28.08.1960;1960
20696;29.08.1960;1960
20697;30.08.1960;1960
20698;31.08.1960;1960
20699;01.09.1960;1960
20700;02.09.1960;1960
20701;03.09.1960;1960
20702;04.09.1960;1960
20703;05.09.1960;1960
20704;06.09.1960;1960
20705;07.09.1960;1960
20706;08.09.1960;1960
20707;09.09.1960;1960
20708;10.09.1960;1960
20709;11.09.1960;1960
20710;12.09.1960;1960
20711;13.09.1960;1960
20712;14.09.1960;1960
20713;15.09.1960;1960
20714;16.09.1960;1960
20715;17.09.1960;1960
20716;18.09.1960;1960
20717;19.09.1960;1960
20718;20.09.1960;1960
20719;21.09.1960;1960
20720;22.09.1960;1960
20721;23.09.1960;1960
20722;24.09.1960;1960
20723;25.09.1960;1960
20724;26.09.1960;1960
20725;27.09.1960;1960
20726;28.09.1960;1960
20727;29.09.1960;1960
20728;30.09.1960;1960
20729;01.10.1960;1960
20730;02.10.1960;1960
20731;03.10.1960;1960
20732;04.10.1960;1960
20733;05.10.1960;1960
20734;06.10.1960;1960
20735;07.10.1960;1960
20736;08.10.1960;1960
20737;09.10.1960;1960
20738;10.10.1960;1960
20739;11.10.1960;1960
20740;12.10.1960;1960
20741;13.10.1960;1960
20742;14.10.1960;1960
20743;15.10.1960;1960
20744;16.10.1960;1960
20745;17.10.1960;1960
20746;18.10.1960;1960
20747;19.10.1960;1960
20748;20.10.1960;1960
20749;21.10.1960;1960
20750;22.10.1960;1960
20751;23.10.1960;1960
20752;24.10.1960;1960
20753;25.10.1960;1960
20754;26.10.1960;1960
20755;27.10.1960;1960
20756;28.10.1960;1960
20757;29.10.1960;1960
20758;30.10.1960;1960
20759;31.10.1960;1960
20760;01.11.1960;1960
20761;02.11.1960;1960
20762;03.11.1960;1960
20763;04.11.1960;1960
20764;05.11.1960;1960
20765;06.11.1960;1960
20766;07.11.1960;1960
20767;08.11.1960;1960
20768;09.11.1960;1960
20769;10.11.1960;1960
20770;11.11.1960;1960
20771;12.11.1960;1960
20772;13.11.1960;1960
20773;14.11.1960;1960
20774;15.11.1960;1960
20775;16.11.1960;1960
20776;17.11.1960;1960
20777;18.11.1960;1960
20778;19.11.1960;1960
20779;20.11.1960;1960
20780;21.11.1960;1960
20781;22.11.1960;1960
20782;23.11.1960;1960
20783;24.11.1960;1960
20784;25.11.1960;1960
20785;26.11.1960;1960
20786;27.11.1960;1960
20787;28.11.1960;1960
20788;29.11.1960;1960
20789;30.11.1960;1960
20790;01.12.1960;1960
20791;02.12.1960;1960
20792;03.12.1960;1960
20793;04.12.1960;1960
20794;05.12.1960;1960
20795;06.12.1960;1960
20796;07.12.1960;1960
20797;08.12.1960;1960
20798;09.12.1960;1960
20799;10.12.1960;1960
20800;11.12.1960;1960
20801;12.12.1960;1960
20802;13.12.1960;1960
20803;14.12.1960;1960
20804;15.12.1960;1960
20805;16.12.1960;1960
20806;17.12.1960;1960
20807;18.12.1960;1960
20808;19.12.1960;1960
20809;20.12.1960;1960
20810;21.12.1960;1960
20811;22.12.1960;1960
20812;23.12.1960;1960
20813;24.12.1960;1960
20814;25.12.1960;1960
20815;26.12.1960;1960
20816;27.12.1960;1960
20817;28.12.1960;1960
20818;29.12.1960;1960
20819;30.12.1960;1960
20820;31.12.1960;1960
20821;01.01.1961;1961
20822;02.01.1961;1961
20823;03.01.1961;1961
20824;04.01.1961;1961
20825;05.01.1961;1961
20826;06.01.1961;1961
20827;07.01.1961;1961
20828;08.01.1961;1961
20829;09.01.1961;1961
20830;10.01.1961;1961
20831;11.01.1961;1961
20832;12.01.1961;1961
20833;13.01.1961;1961
20834;14.01.1961;1961
20835;15.01.1961;1961
20836;16.01.1961;1961
20837;17.01.1961;1961
20838;18.01.1961;1961
20839;19.01.1961;1961
20840;20.01.1961;1961
20841;21.01.1961;1961
20842;22.01.1961;1961
20843;23.01.1961;1961
20844;24.01.1961;1961
20845;25.01.1961;1961
20846;26.01.1961;1961
20847;27.01.1961;1961
20848;28.01.1961;1961
20849;29.01.1961;1961
20850;30.01.1961;1961
20851;31.01.1961;1961
20852;01.02.1961;1961
20853;02.02.1961;1961
20854;03.02.1961;1961
20855;04.02.1961;1961
20856;05.02.1961;1961
20857;06.02.1961;1961
20858;07.02.1961;1961
20859;08.02.1961;1961
20860;09.02.1961;1961
20861;10.02.1961;1961
20862;11.02.1961;1961
20863;12.02.1961;1961
20864;13.02.1961;1961
20865;14.02.1961;1961
20866;15.02.1961;1961
20867;16.02.1961;1961
20868;17.02.1961;1961
20869;18.02.1961;1961
20870;19.02.1961;1961
20871;20.02.1961;1961
20872;21.02.1961;1961
20873;22.02.1961;1961
20874;23.02.1961;1961
20875;24.02.1961;1961
20876;25.02.1961;1961
20877;26.02.1961;1961
20878;27.02.1961;1961
20879;28.02.1961;1961
20880;01.03.1961;1961
20881;02.03.1961;1961
20882;03.03.1961;1961
20883;04.03.1961;1961
20884;05.03.1961;1961
20885;06.03.1961;1961
20886;07.03.1961;1961
20887;08.03.1961;1961
20888;09.03.1961;1961
20889;10.03.1961;1961
20890;11.03.1961;1961
20891;12.03.1961;1961
20892;13.03.1961;1961
20893;14.03.1961;1961
20894;15.03.1961;1961
20895;16.03.1961;1961
20896;17.03.1961;1961
20897;18.03.1961;1961
20898;19.03.1961;1961
20899;20.03.1961;1961
20900;21.03.1961;1961
20901;22.03.1961;1961
20902;23.03.1961;1961
20903;24.03.1961;1961
20904;25.03.1961;1961
20905;26.03.1961;1961
20906;27.03.1961;1961
20907;28.03.1961;1961
20908;29.03.1961;1961
20909;30.03.1961;1961
20910;31.03.1961;1961
20911;01.04.1961;1961
20912;02.04.1961;1961
20913;03.04.1961;1961
20914;04.04.1961;1961
20915;05.04.1961;1961
20916;06.04.1961;1961
20917;07.04.1961;1961
20918;08.04.1961;1961
20919;09.04.1961;1961
20920;10.04.1961;1961
20921;11.04.1961;1961
20922;12.04.1961;1961
20923;13.04.1961;1961
20924;14.04.1961;1961
20925;15.04.1961;1961
20926;16.04.1961;1961
20927;17.04.1961;1961
20928;18.04.1961;1961
20929;19.04.1961;1961
20930;20.04.1961;1961
20931;21.04.1961;1961
20932;22.04.1961;1961
20933;23.04.1961;1961
20934;24.04.1961;1961
20935;25.04.1961;1961
20936;26.04.1961;1961
20937;27.04.1961;1961
20938;28.04.1961;1961
20939;29.04.1961;1961
20940;30.04.1961;1961
20941;01.05.1961;1961
20942;02.05.1961;1961
20943;03.05.1961;1961
20944;04.05.1961;1961
20945;05.05.1961;1961
20946;06.05.1961;1961
20947;07.05.1961;1961
20948;08.05.1961;1961
20949;09.05.1961;1961
20950;10.05.1961;1961
20951;11.05.1961;1961
20952;12.05.1961;1961
20953;13.05.1961;1961
20954;14.05.1961;1961
20955;15.05.1961;1961
20956;16.05.1961;1961
20957;17.05.1961;1961
20958;18.05.1961;1961
20959;19.05.1961;1961
20960;20.05.1961;1961
20961;21.05.1961;1961
20962;22.05.1961;1961
20963;23.05.1961;1961
20964;24.05.1961;1961
20965;25.05.1961;1961
20966;26.05.1961;1961
20967;27.05.1961;1961
20968;28.05.1961;1961
20969;29.05.1961;1961
20970;30.05.1961;1961
20971;31.05.1961;1961
20972;01.06.1961;1961
20973;02.06.1961;1961
20974;03.06.1961;1961
20975;04.06.1961;1961
20976;05.06.1961;1961
20977;06.06.1961;1961
20978;07.06.1961;1961
20979;08.06.1961;1961
20980;09.06.1961;1961
20981;10.06.1961;1961
20982;11.06.1961;1961
20983;12.06.1961;1961
20984;13.06.1961;1961
20985;14.06.1961;1961
20986;15.06.1961;1961
20987;16.06.1961;1961
20988;17.06.1961;1961
20989;18.06.1961;1961
20990;19.06.1961;1961
20991;20.06.1961;1961
20992;21.06.1961;1961
20993;22.06.1961;1961
20994;23.06.1961;1961
20995;24.06.1961;1961
20996;25.06.1961;1961
20997;26.06.1961;1961
20998;27.06.1961;1961
20999;28.06.1961;1961
21000;29.06.1961;1961
21001;30.06.1961;1961
21002;01.07.1961;1961
21003;02.07.1961;1961
21004;03.07.1961;1961
21005;04.07.1961;1961
21006;05.07.1961;1961
21007;06.07.1961;1961
21008;07.07.1961;1961
21009;08.07.1961;1961
21010;09.07.1961;1961
21011;10.07.1961;1961
21012;11.07.1961;1961
21013;12.07.1961;1961
21014;13.07.1961;1961
21015;14.07.1961;1961
21016;15.07.1961;1961
21017;16.07.1961;1961
21018;17.07.1961;1961
21019;18.07.1961;1961
21020;19.07.1961;1961
21021;20.07.1961;1961
21022;21.07.1961;1961
21023;22.07.1961;1961
21024;23.07.1961;1961
21025;24.07.1961;1961
21026;25.07.1961;1961
21027;26.07.1961;1961
21028;27.07.1961;1961
21029;28.07.1961;1961
21030;29.07.1961;1961
21031;30.07.1961;1961
21032;31.07.1961;1961
21033;01.08.1961;1961
21034;02.08.1961;1961
21035;03.08.1961;1961
21036;04.08.1961;1961
21037;05.08.1961;1961
21038;06.08.1961;1961
21039;07.08.1961;1961
21040;08.08.1961;1961
21041;09.08.1961;1961
21042;10.08.1961;1961
21043;11.08.1961;1961
21044;12.08.1961;1961
21045;13.08.1961;1961
21046;14.08.1961;1961
21047;15.08.1961;1961
21048;16.08.1961;1961
21049;17.08.1961;1961
21050;18.08.1961;1961
21051;19.08.1961;1961
21052;20.08.1961;1961
21053;21.08.1961;1961
21054;22.08.1961;1961
21055;23.08.1961;1961
21056;24.08.1961;1961
21057;25.08.1961;1961
21058;26.08.1961;1961
21059;27.08.1961;1961
21060;28.08.1961;1961
21061;29.08.1961;1961
21062;30.08.1961;1961
21063;31.08.1961;1961
21064;01.09.1961;1961
21065;02.09.1961;1961
21066;03.09.1961;1961
21067;04.09.1961;1961
21068;05.09.1961;1961
21069;06.09.1961;1961
21070;07.09.1961;1961
21071;08.09.1961;1961
21072;09.09.1961;1961
21073;10.09.1961;1961
21074;11.09.1961;1961
21075;12.09.1961;1961
21076;13.09.1961;1961
21077;14.09.1961;1961
21078;15.09.1961;1961
21079;16.09.1961;1961
21080;17.09.1961;1961
21081;18.09.1961;1961
21082;19.09.1961;1961
21083;20.09.1961;1961
21084;21.09.1961;1961
21085;22.09.1961;1961
21086;23.09.1961;1961
21087;24.09.1961;1961
21088;25.09.1961;1961
21089;26.09.1961;1961
21090;27.09.1961;1961
21091;28.09.1961;1961
21092;29.09.1961;1961
21093;30.09.1961;1961
21094;01.10.1961;1961
21095;02.10.1961;1961
21096;03.10.1961;1961
21097;04.10.1961;1961
21098;05.10.1961;1961
21099;06.10.1961;1961
21100;07.10.1961;1961
21101;08.10.1961;1961
21102;09.10.1961;1961
21103;10.10.1961;1961
21104;11.10.1961;1961
21105;12.10.1961;1961
21106;13.10.1961;1961
21107;14.10.1961;1961
21108;15.10.1961;1961
21109;16.10.1961;1961
21110;17.10.1961;1961
21111;18.10.1961;1961
21112;19.10.1961;1961
21113;20.10.1961;1961
21114;21.10.1961;1961
21115;22.10.1961;1961
21116;23.10.1961;1961
21117;24.10.1961;1961
21118;25.10.1961;1961
21119;26.10.1961;1961
21120;27.10.1961;1961
21121;28.10.1961;1961
21122;29.10.1961;1961
21123;30.10.1961;1961
21124;31.10.1961;1961
21125;01.11.1961;1961
21126;02.11.1961;1961
21127;03.11.1961;1961
21128;04.11.1961;1961
21129;05.11.1961;1961
21130;06.11.1961;1961
21131;07.11.1961;1961
21132;08.11.1961;1961
21133;09.11.1961;1961
21134;10.11.1961;1961
21135;11.11.1961;1961
21136;12.11.1961;1961
21137;13.11.1961;1961
21138;14.11.1961;1961
21139;15.11.1961;1961
21140;16.11.1961;1961
21141;17.11.1961;1961
21142;18.11.1961;1961
21143;19.11.1961;1961
21144;20.11.1961;1961
21145;21.11.1961;1961
21146;22.11.1961;1961
21147;23.11.1961;1961
21148;24.11.1961;1961
21149;25.11.1961;1961
21150;26.11.1961;1961
21151;27.11.1961;1961
21152;28.11.1961;1961
21153;29.11.1961;1961
21154;30.11.1961;1961
21155;01.12.1961;1961
21156;02.12.1961;1961
21157;03.12.1961;1961
21158;04.12.1961;1961
21159;05.12.1961;1961
21160;06.12.1961;1961
21161;07.12.1961;1961
21162;08.12.1961;1961
21163;09.12.1961;1961
21164;10.12.1961;1961
21165;11.12.1961;1961
21166;12.12.1961;1961
21167;13.12.1961;1961
21168;14.12.1961;1961
21169;15.12.1961;1961
21170;16.12.1961;1961
21171;17.12.1961;1961
21172;18.12.1961;1961
21173;19.12.1961;1961
21174;20.12.1961;1961
21175;21.12.1961;1961
21176;22.12.1961;1961
21177;23.12.1961;1961
21178;24.12.1961;1961
21179;25.12.1961;1961
21180;26.12.1961;1961
21181;27.12.1961;1961
21182;28.12.1961;1961
21183;29.12.1961;1961
21184;30.12.1961;1961
21185;31.12.1961;1961
21186;01.01.1962;1962
21187;02.01.1962;1962
21188;03.01.1962;1962
21189;04.01.1962;1962
21190;05.01.1962;1962
21191;06.01.1962;1962
21192;07.01.1962;1962
21193;08.01.1962;1962
21194;09.01.1962;1962
21195;10.01.1962;1962
21196;11.01.1962;1962
21197;12.01.1962;1962
21198;13.01.1962;1962
21199;14.01.1962;1962
21200;15.01.1962;1962
21201;16.01.1962;1962
21202;17.01.1962;1962
21203;18.01.1962;1962
21204;19.01.1962;1962
21205;20.01.1962;1962
21206;21.01.1962;1962
21207;22.01.1962;1962
21208;23.01.1962;1962
21209;24.01.1962;1962
21210;25.01.1962;1962
21211;26.01.1962;1962
21212;27.01.1962;1962
21213;28.01.1962;1962
21214;29.01.1962;1962
21215;30.01.1962;1962
21216;31.01.1962;1962
21217;01.02.1962;1962
21218;02.02.1962;1962
21219;03.02.1962;1962
21220;04.02.1962;1962
21221;05.02.1962;1962
21222;06.02.1962;1962
21223;07.02.1962;1962
21224;08.02.1962;1962
21225;09.02.1962;1962
21226;10.02.1962;1962
21227;11.02.1962;1962
21228;12.02.1962;1962
21229;13.02.1962;1962
21230;14.02.1962;1962
21231;15.02.1962;1962
21232;16.02.1962;1962
21233;17.02.1962;1962
21234;18.02.1962;1962
21235;19.02.1962;1962
21236;20.02.1962;1962
21237;21.02.1962;1962
21238;22.02.1962;1962
21239;23.02.1962;1962
21240;24.02.1962;1962
21241;25.02.1962;1962
21242;26.02.1962;1962
21243;27.02.1962;1962
21244;28.02.1962;1962
21245;01.03.1962;1962
21246;02.03.1962;1962
21247;03.03.1962;1962
21248;04.03.1962;1962
21249;05.03.1962;1962
21250;06.03.1962;1962
21251;07.03.1962;1962
21252;08.03.1962;1962
21253;09.03.1962;1962
21254;10.03.1962;1962
21255;11.03.1962;1962
21256;12.03.1962;1962
21257;13.03.1962;1962
21258;14.03.1962;1962
21259;15.03.1962;1962
21260;16.03.1962;1962
21261;17.03.1962;1962
21262;18.03.1962;1962
21263;19.03.1962;1962
21264;20.03.1962;1962
21265;21.03.1962;1962
21266;22.03.1962;1962
21267;23.03.1962;1962
21268;24.03.1962;1962
21269;25.03.1962;1962
21270;26.03.1962;1962
21271;27.03.1962;1962
21272;28.03.1962;1962
21273;29.03.1962;1962
21274;30.03.1962;1962
21275;31.03.1962;1962
21276;01.04.1962;1962
21277;02.04.1962;1962
21278;03.04.1962;1962
21279;04.04.1962;1962
21280;05.04.1962;1962
21281;06.04.1962;1962
21282;07.04.1962;1962
21283;08.04.1962;1962
21284;09.04.1962;1962
21285;10.04.1962;1962
21286;11.04.1962;1962
21287;12.04.1962;1962
21288;13.04.1962;1962
21289;14.04.1962;1962
21290;15.04.1962;1962
21291;16.04.1962;1962
21292;17.04.1962;1962
21293;18.04.1962;1962
21294;19.04.1962;1962
21295;20.04.1962;1962
21296;21.04.1962;1962
21297;22.04.1962;1962
21298;23.04.1962;1962
21299;24.04.1962;1962
21300;25.04.1962;1962
21301;26.04.1962;1962
21302;27.04.1962;1962
21303;28.04.1962;1962
21304;29.04.1962;1962
21305;30.04.1962;1962
21306;01.05.1962;1962
21307;02.05.1962;1962
21308;03.05.1962;1962
21309;04.05.1962;1962
21310;05.05.1962;1962
21311;06.05.1962;1962
21312;07.05.1962;1962
21313;08.05.1962;1962
21314;09.05.1962;1962
21315;10.05.1962;1962
21316;11.05.1962;1962
21317;12.05.1962;1962
21318;13.05.1962;1962
21319;14.05.1962;1962
21320;15.05.1962;1962
21321;16.05.1962;1962
21322;17.05.1962;1962
21323;18.05.1962;1962
21324;19.05.1962;1962
21325;20.05.1962;1962
21326;21.05.1962;1962
21327;22.05.1962;1962
21328;23.05.1962;1962
21329;24.05.1962;1962
21330;25.05.1962;1962
21331;26.05.1962;1962
21332;27.05.1962;1962
21333;28.05.1962;1962
21334;29.05.1962;1962
21335;30.05.1962;1962
21336;31.05.1962;1962
21337;01.06.1962;1962
21338;02.06.1962;1962
21339;03.06.1962;1962
21340;04.06.1962;1962
21341;05.06.1962;1962
21342;06.06.1962;1962
21343;07.06.1962;1962
21344;08.06.1962;1962
21345;09.06.1962;1962
21346;10.06.1962;1962
21347;11.06.1962;1962
21348;12.06.1962;1962
21349;13.06.1962;1962
21350;14.06.1962;1962
21351;15.06.1962;1962
21352;16.06.1962;1962
21353;17.06.1962;1962
21354;18.06.1962;1962
21355;19.06.1962;1962
21356;20.06.1962;1962
21357;21.06.1962;1962
21358;22.06.1962;1962
21359;23.06.1962;1962
21360;24.06.1962;1962
21361;25.06.1962;1962
21362;26.06.1962;1962
21363;27.06.1962;1962
21364;28.06.1962;1962
21365;29.06.1962;1962
21366;30.06.1962;1962
21367;01.07.1962;1962
21368;02.07.1962;1962
21369;03.07.1962;1962
21370;04.07.1962;1962
21371;05.07.1962;1962
21372;06.07.1962;1962
21373;07.07.1962;1962
21374;08.07.1962;1962
21375;09.07.1962;1962
21376;10.07.1962;1962
21377;11.07.1962;1962
21378;12.07.1962;1962
21379;13.07.1962;1962
21380;14.07.1962;1962
21381;15.07.1962;1962
21382;16.07.1962;1962
21383;17.07.1962;1962
21384;18.07.1962;1962
21385;19.07.1962;1962
21386;20.07.1962;1962
21387;21.07.1962;1962
21388;22.07.1962;1962
21389;23.07.1962;1962
21390;24.07.1962;1962
21391;25.07.1962;1962
21392;26.07.1962;1962
21393;27.07.1962;1962
21394;28.07.1962;1962
21395;29.07.1962;1962
21396;30.07.1962;1962
21397;31.07.1962;1962
21398;01.08.1962;1962
21399;02.08.1962;1962
21400;03.08.1962;1962
21401;04.08.1962;1962
21402;05.08.1962;1962
21403;06.08.1962;1962
21404;07.08.1962;1962
21405;08.08.1962;1962
21406;09.08.1962;1962
21407;10.08.1962;1962
21408;11.08.1962;1962
21409;12.08.1962;1962
21410;13.08.1962;1962
21411;14.08.1962;1962
21412;15.08.1962;1962
21413;16.08.1962;1962
21414;17.08.1962;1962
21415;18.08.1962;1962
21416;19.08.1962;1962
21417;20.08.1962;1962
21418;21.08.1962;1962
21419;22.08.1962;1962
21420;23.08.1962;1962
21421;24.08.1962;1962
21422;25.08.1962;1962
21423;26.08.1962;1962
21424;27.08.1962;1962
21425;28.08.1962;1962
21426;29.08.1962;1962
21427;30.08.1962;1962
21428;31.08.1962;1962
21429;01.09.1962;1962
21430;02.09.1962;1962
21431;03.09.1962;1962
21432;04.09.1962;1962
21433;05.09.1962;1962
21434;06.09.1962;1962
21435;07.09.1962;1962
21436;08.09.1962;1962
21437;09.09.1962;1962
21438;10.09.1962;1962
21439;11.09.1962;1962
21440;12.09.1962;1962
21441;13.09.1962;1962
21442;14.09.1962;1962
21443;15.09.1962;1962
21444;16.09.1962;1962
21445;17.09.1962;1962
21446;18.09.1962;1962
21447;19.09.1962;1962
21448;20.09.1962;1962
21449;21.09.1962;1962
21450;22.09.1962;1962
21451;23.09.1962;1962
21452;24.09.1962;1962
21453;25.09.1962;1962
21454;26.09.1962;1962
21455;27.09.1962;1962
21456;28.09.1962;1962
21457;29.09.1962;1962
21458;30.09.1962;1962
21459;01.10.1962;1962
21460;02.10.1962;1962
21461;03.10.1962;1962
21462;04.10.1962;1962
21463;05.10.1962;1962
21464;06.10.1962;1962
21465;07.10.1962;1962
21466;08.10.1962;1962
21467;09.10.1962;1962
21468;10.10.1962;1962
21469;11.10.1962;1962
21470;12.10.1962;1962
21471;13.10.1962;1962
21472;14.10.1962;1962
21473;15.10.1962;1962
21474;16.10.1962;1962
21475;17.10.1962;1962
21476;18.10.1962;1962
21477;19.10.1962;1962
21478;20.10.1962;1962
21479;21.10.1962;1962
21480;22.10.1962;1962
21481;23.10.1962;1962
21482;24.10.1962;1962
21483;25.10.1962;1962
21484;26.10.1962;1962
21485;27.10.1962;1962
21486;28.10.1962;1962
21487;29.10.1962;1962
21488;30.10.1962;1962
21489;31.10.1962;1962
21490;01.11.1962;1962
21491;02.11.1962;1962
21492;03.11.1962;1962
21493;04.11.1962;1962
21494;05.11.1962;1962
21495;06.11.1962;1962
21496;07.11.1962;1962
21497;08.11.1962;1962
21498;09.11.1962;1962
21499;10.11.1962;1962
21500;11.11.1962;1962
21501;12.11.1962;1962
21502;13.11.1962;1962
21503;14.11.1962;1962
21504;15.11.1962;1962
21505;16.11.1962;1962
21506;17.11.1962;1962
21507;18.11.1962;1962
21508;19.11.1962;1962
21509;20.11.1962;1962
21510;21.11.1962;1962
21511;22.11.1962;1962
21512;23.11.1962;1962
21513;24.11.1962;1962
21514;25.11.1962;1962
21515;26.11.1962;1962
21516;27.11.1962;1962
21517;28.11.1962;1962
21518;29.11.1962;1962
21519;30.11.1962;1962
21520;01.12.1962;1962
21521;02.12.1962;1962
21522;03.12.1962;1962
21523;04.12.1962;1962
21524;05.12.1962;1962
21525;06.12.1962;1962
21526;07.12.1962;1962
21527;08.12.1962;1962
21528;09.12.1962;1962
21529;10.12.1962;1962
21530;11.12.1962;1962
21531;12.12.1962;1962
21532;13.12.1962;1962
21533;14.12.1962;1962
21534;15.12.1962;1962
21535;16.12.1962;1962
21536;17.12.1962;1962
21537;18.12.1962;1962
21538;19.12.1962;1962
21539;20.12.1962;1962
21540;21.12.1962;1962
21541;22.12.1962;1962
21542;23.12.1962;1962
21543;24.12.1962;1962
21544;25.12.1962;1962
21545;26.12.1962;1962
21546;27.12.1962;1962
21547;28.12.1962;1962
21548;29.12.1962;1962
21549;30.12.1962;1962
21550;31.12.1962;1962
21551;01.01.1963;1963
21552;02.01.1963;1963
21553;03.01.1963;1963
21554;04.01.1963;1963
21555;05.01.1963;1963
21556;06.01.1963;1963
21557;07.01.1963;1963
21558;08.01.1963;1963
21559;09.01.1963;1963
21560;10.01.1963;1963
21561;11.01.1963;1963
21562;12.01.1963;1963
21563;13.01.1963;1963
21564;14.01.1963;1963
21565;15.01.1963;1963
21566;16.01.1963;1963
21567;17.01.1963;1963
21568;18.01.1963;1963
21569;19.01.1963;1963
21570;20.01.1963;1963
21571;21.01.1963;1963
21572;22.01.1963;1963
21573;23.01.1963;1963
21574;24.01.1963;1963
21575;25.01.1963;1963
21576;26.01.1963;1963
21577;27.01.1963;1963
21578;28.01.1963;1963
21579;29.01.1963;1963
21580;30.01.1963;1963
21581;31.01.1963;1963
21582;01.02.1963;1963
21583;02.02.1963;1963
21584;03.02.1963;1963
21585;04.02.1963;1963
21586;05.02.1963;1963
21587;06.02.1963;1963
21588;07.02.1963;1963
21589;08.02.1963;1963
21590;09.02.1963;1963
21591;10.02.1963;1963
21592;11.02.1963;1963
21593;12.02.1963;1963
21594;13.02.1963;1963
21595;14.02.1963;1963
21596;15.02.1963;1963
21597;16.02.1963;1963
21598;17.02.1963;1963
21599;18.02.1963;1963
21600;19.02.1963;1963
21601;20.02.1963;1963
21602;21.02.1963;1963
21603;22.02.1963;1963
21604;23.02.1963;1963
21605;24.02.1963;1963
21606;25.02.1963;1963
21607;26.02.1963;1963
21608;27.02.1963;1963
21609;28.02.1963;1963
21610;01.03.1963;1963
21611;02.03.1963;1963
21612;03.03.1963;1963
21613;04.03.1963;1963
21614;05.03.1963;1963
21615;06.03.1963;1963
21616;07.03.1963;1963
21617;08.03.1963;1963
21618;09.03.1963;1963
21619;10.03.1963;1963
21620;11.03.1963;1963
21621;12.03.1963;1963
21622;13.03.1963;1963
21623;14.03.1963;1963
21624;15.03.1963;1963
21625;16.03.1963;1963
21626;17.03.1963;1963
21627;18.03.1963;1963
21628;19.03.1963;1963
21629;20.03.1963;1963
21630;21.03.1963;1963
21631;22.03.1963;1963
21632;23.03.1963;1963
21633;24.03.1963;1963
21634;25.03.1963;1963
21635;26.03.1963;1963
21636;27.03.1963;1963
21637;28.03.1963;1963
21638;29.03.1963;1963
21639;30.03.1963;1963
21640;31.03.1963;1963
21641;01.04.1963;1963
21642;02.04.1963;1963
21643;03.04.1963;1963
21644;04.04.1963;1963
21645;05.04.1963;1963
21646;06.04.1963;1963
21647;07.04.1963;1963
21648;08.04.1963;1963
21649;09.04.1963;1963
21650;10.04.1963;1963
21651;11.04.1963;1963
21652;12.04.1963;1963
21653;13.04.1963;1963
21654;14.04.1963;1963
21655;15.04.1963;1963
21656;16.04.1963;1963
21657;17.04.1963;1963
21658;18.04.1963;1963
21659;19.04.1963;1963
21660;20.04.1963;1963
21661;21.04.1963;1963
21662;22.04.1963;1963
21663;23.04.1963;1963
21664;24.04.1963;1963
21665;25.04.1963;1963
21666;26.04.1963;1963
21667;27.04.1963;1963
21668;28.04.1963;1963
21669;29.04.1963;1963
21670;30.04.1963;1963
21671;01.05.1963;1963
21672;02.05.1963;1963
21673;03.05.1963;1963
21674;04.05.1963;1963
21675;05.05.1963;1963
21676;06.05.1963;1963
21677;07.05.1963;1963
21678;08.05.1963;1963
21679;09.05.1963;1963
21680;10.05.1963;1963
21681;11.05.1963;1963
21682;12.05.1963;1963
21683;13.05.1963;1963
21684;14.05.1963;1963
21685;15.05.1963;1963
21686;16.05.1963;1963
21687;17.05.1963;1963
21688;18.05.1963;1963
21689;19.05.1963;1963
21690;20.05.1963;1963
21691;21.05.1963;1963
21692;22.05.1963;1963
21693;23.05.1963;1963
21694;24.05.1963;1963
21695;25.05.1963;1963
21696;26.05.1963;1963
21697;27.05.1963;1963
21698;28.05.1963;1963
21699;29.05.1963;1963
21700;30.05.1963;1963
21701;31.05.1963;1963
21702;01.06.1963;1963
21703;02.06.1963;1963
21704;03.06.1963;1963
21705;04.06.1963;1963
21706;05.06.1963;1963
21707;06.06.1963;1963
21708;07.06.1963;1963
21709;08.06.1963;1963
21710;09.06.1963;1963
21711;10.06.1963;1963
21712;11.06.1963;1963
21713;12.06.1963;1963
21714;13.06.1963;1963
21715;14.06.1963;1963
21716;15.06.1963;1963
21717;16.06.1963;1963
21718;17.06.1963;1963
21719;18.06.1963;1963
21720;19.06.1963;1963
21721;20.06.1963;1963
21722;21.06.1963;1963
21723;22.06.1963;1963
21724;23.06.1963;1963
21725;24.06.1963;1963
21726;25.06.1963;1963
21727;26.06.1963;1963
21728;27.06.1963;1963
21729;28.06.1963;1963
21730;29.06.1963;1963
21731;30.06.1963;1963
21732;01.07.1963;1963
21733;02.07.1963;1963
21734;03.07.1963;1963
21735;04.07.1963;1963
21736;05.07.1963;1963
21737;06.07.1963;1963
21738;07.07.1963;1963
21739;08.07.1963;1963
21740;09.07.1963;1963
21741;10.07.1963;1963
21742;11.07.1963;1963
21743;12.07.1963;1963
21744;13.07.1963;1963
21745;14.07.1963;1963
21746;15.07.1963;1963
21747;16.07.1963;1963
21748;17.07.1963;1963
21749;18.07.1963;1963
21750;19.07.1963;1963
21751;20.07.1963;1963
21752;21.07.1963;1963
21753;22.07.1963;1963
21754;23.07.1963;1963
21755;24.07.1963;1963
21756;25.07.1963;1963
21757;26.07.1963;1963
21758;27.07.1963;1963
21759;28.07.1963;1963
21760;29.07.1963;1963
21761;30.07.1963;1963
21762;31.07.1963;1963
21763;01.08.1963;1963
21764;02.08.1963;1963
21765;03.08.1963;1963
21766;04.08.1963;1963
21767;05.08.1963;1963
21768;06.08.1963;1963
21769;07.08.1963;1963
21770;08.08.1963;1963
21771;09.08.1963;1963
21772;10.08.1963;1963
21773;11.08.1963;1963
21774;12.08.1963;1963
21775;13.08.1963;1963
21776;14.08.1963;1963
21777;15.08.1963;1963
21778;16.08.1963;1963
21779;17.08.1963;1963
21780;18.08.1963;1963
21781;19.08.1963;1963
21782;20.08.1963;1963
21783;21.08.1963;1963
21784;22.08.1963;1963
21785;23.08.1963;1963
21786;24.08.1963;1963
21787;25.08.1963;1963
21788;26.08.1963;1963
21789;27.08.1963;1963
21790;28.08.1963;1963
21791;29.08.1963;1963
21792;30.08.1963;1963
21793;31.08.1963;1963
21794;01.09.1963;1963
21795;02.09.1963;1963
21796;03.09.1963;1963
21797;04.09.1963;1963
21798;05.09.1963;1963
21799;06.09.1963;1963
21800;07.09.1963;1963
21801;08.09.1963;1963
21802;09.09.1963;1963
21803;10.09.1963;1963
21804;11.09.1963;1963
21805;12.09.1963;1963
21806;13.09.1963;1963
21807;14.09.1963;1963
21808;15.09.1963;1963
21809;16.09.1963;1963
21810;17.09.1963;1963
21811;18.09.1963;1963
21812;19.09.1963;1963
21813;20.09.1963;1963
21814;21.09.1963;1963
21815;22.09.1963;1963
21816;23.09.1963;1963
21817;24.09.1963;1963
21818;25.09.1963;1963
21819;26.09.1963;1963
21820;27.09.1963;1963
21821;28.09.1963;1963
21822;29.09.1963;1963
21823;30.09.1963;1963
21824;01.10.1963;1963
21825;02.10.1963;1963
21826;03.10.1963;1963
21827;04.10.1963;1963
21828;05.10.1963;1963
21829;06.10.1963;1963
21830;07.10.1963;1963
21831;08.10.1963;1963
21832;09.10.1963;1963
21833;10.10.1963;1963
21834;11.10.1963;1963
21835;12.10.1963;1963
21836;13.10.1963;1963
21837;14.10.1963;1963
21838;15.10.1963;1963
21839;16.10.1963;1963
21840;17.10.1963;1963
21841;18.10.1963;1963
21842;19.10.1963;1963
21843;20.10.1963;1963
21844;21.10.1963;1963
21845;22.10.1963;1963
21846;23.10.1963;1963
21847;24.10.1963;1963
21848;25.10.1963;1963
21849;26.10.1963;1963
21850;27.10.1963;1963
21851;28.10.1963;1963
21852;29.10.1963;1963
21853;30.10.1963;1963
21854;31.10.1963;1963
21855;01.11.1963;1963
21856;02.11.1963;1963
21857;03.11.1963;1963
21858;04.11.1963;1963
21859;05.11.1963;1963
21860;06.11.1963;1963
21861;07.11.1963;1963
21862;08.11.1963;1963
21863;09.11.1963;1963
21864;10.11.1963;1963
21865;11.11.1963;1963
21866;12.11.1963;1963
21867;13.11.1963;1963
21868;14.11.1963;1963
21869;15.11.1963;1963
21870;16.11.1963;1963
21871;17.11.1963;1963
21872;18.11.1963;1963
21873;19.11.1963;1963
21874;20.11.1963;1963
21875;21.11.1963;1963
21876;22.11.1963;1963
21877;23.11.1963;1963
21878;24.11.1963;1963
21879;25.11.1963;1963
21880;26.11.1963;1963
21881;27.11.1963;1963
21882;28.11.1963;1963
21883;29.11.1963;1963
21884;30.11.1963;1963
21885;01.12.1963;1963
21886;02.12.1963;1963
21887;03.12.1963;1963
21888;04.12.1963;1963
21889;05.12.1963;1963
21890;06.12.1963;1963
21891;07.12.1963;1963
21892;08.12.1963;1963
21893;09.12.1963;1963
21894;10.12.1963;1963
21895;11.12.1963;1963
21896;12.12.1963;1963
21897;13.12.1963;1963
21898;14.12.1963;1963
21899;15.12.1963;1963
21900;16.12.1963;1963
21901;17.12.1963;1963
21902;18.12.1963;1963
21903;19.12.1963;1963
21904;20.12.1963;1963
21905;21.12.1963;1963
21906;22.12.1963;1963
21907;23.12.1963;1963
21908;24.12.1963;1963
21909;25.12.1963;1963
21910;26.12.1963;1963
21911;27.12.1963;1963
21912;28.12.1963;1963
21913;29.12.1963;1963
21914;30.12.1963;1963
21915;31.12.1963;1963
21916;01.01.1964;1964
21917;02.01.1964;1964
21918;03.01.1964;1964
21919;04.01.1964;1964
21920;05.01.1964;1964
21921;06.01.1964;1964
21922;07.01.1964;1964
21923;08.01.1964;1964
21924;09.01.1964;1964
21925;10.01.1964;1964
21926;11.01.1964;1964
21927;12.01.1964;1964
21928;13.01.1964;1964
21929;14.01.1964;1964
21930;15.01.1964;1964
21931;16.01.1964;1964
21932;17.01.1964;1964
21933;18.01.1964;1964
21934;19.01.1964;1964
21935;20.01.1964;1964
21936;21.01.1964;1964
21937;22.01.1964;1964
21938;23.01.1964;1964
21939;24.01.1964;1964
21940;25.01.1964;1964
21941;26.01.1964;1964
21942;27.01.1964;1964
21943;28.01.1964;1964
21944;29.01.1964;1964
21945;30.01.1964;1964
21946;31.01.1964;1964
21947;01.02.1964;1964
21948;02.02.1964;1964
21949;03.02.1964;1964
21950;04.02.1964;1964
21951;05.02.1964;1964
21952;06.02.1964;1964
21953;07.02.1964;1964
21954;08.02.1964;1964
21955;09.02.1964;1964
21956;10.02.1964;1964
21957;11.02.1964;1964
21958;12.02.1964;1964
21959;13.02.1964;1964
21960;14.02.1964;1964
21961;15.02.1964;1964
21962;16.02.1964;1964
21963;17.02.1964;1964
21964;18.02.1964;1964
21965;19.02.1964;1964
21966;20.02.1964;1964
21967;21.02.1964;1964
21968;22.02.1964;1964
21969;23.02.1964;1964
21970;24.02.1964;1964
21971;25.02.1964;1964
21972;26.02.1964;1964
21973;27.02.1964;1964
21974;28.02.1964;1964
21975;29.02.1964;1964
21976;01.03.1964;1964
21977;02.03.1964;1964
21978;03.03.1964;1964
21979;04.03.1964;1964
21980;05.03.1964;1964
21981;06.03.1964;1964
21982;07.03.1964;1964
21983;08.03.1964;1964
21984;09.03.1964;1964
21985;10.03.1964;1964
21986;11.03.1964;1964
21987;12.03.1964;1964
21988;13.03.1964;1964
21989;14.03.1964;1964
21990;15.03.1964;1964
21991;16.03.1964;1964
21992;17.03.1964;1964
21993;18.03.1964;1964
21994;19.03.1964;1964
21995;20.03.1964;1964
21996;21.03.1964;1964
21997;22.03.1964;1964
21998;23.03.1964;1964
21999;24.03.1964;1964
22000;25.03.1964;1964
22001;26.03.1964;1964
22002;27.03.1964;1964
22003;28.03.1964;1964
22004;29.03.1964;1964
22005;30.03.1964;1964
22006;31.03.1964;1964
22007;01.04.1964;1964
22008;02.04.1964;1964
22009;03.04.1964;1964
22010;04.04.1964;1964
22011;05.04.1964;1964
22012;06.04.1964;1964
22013;07.04.1964;1964
22014;08.04.1964;1964
22015;09.04.1964;1964
22016;10.04.1964;1964
22017;11.04.1964;1964
22018;12.04.1964;1964
22019;13.04.1964;1964
22020;14.04.1964;1964
22021;15.04.1964;1964
22022;16.04.1964;1964
22023;17.04.1964;1964
22024;18.04.1964;1964
22025;19.04.1964;1964
22026;20.04.1964;1964
22027;21.04.1964;1964
22028;22.04.1964;1964
22029;23.04.1964;1964
22030;24.04.1964;1964
22031;25.04.1964;1964
22032;26.04.1964;1964
22033;27.04.1964;1964
22034;28.04.1964;1964
22035;29.04.1964;1964
22036;30.04.1964;1964
22037;01.05.1964;1964
22038;02.05.1964;1964
22039;03.05.1964;1964
22040;04.05.1964;1964
22041;05.05.1964;1964
22042;06.05.1964;1964
22043;07.05.1964;1964
22044;08.05.1964;1964
22045;09.05.1964;1964
22046;10.05.1964;1964
22047;11.05.1964;1964
22048;12.05.1964;1964
22049;13.05.1964;1964
22050;14.05.1964;1964
22051;15.05.1964;1964
22052;16.05.1964;1964
22053;17.05.1964;1964
22054;18.05.1964;1964
22055;19.05.1964;1964
22056;20.05.1964;1964
22057;21.05.1964;1964
22058;22.05.1964;1964
22059;23.05.1964;1964
22060;24.05.1964;1964
22061;25.05.1964;1964
22062;26.05.1964;1964
22063;27.05.1964;1964
22064;28.05.1964;1964
22065;29.05.1964;1964
22066;30.05.1964;1964
22067;31.05.1964;1964
22068;01.06.1964;1964
22069;02.06.1964;1964
22070;03.06.1964;1964
22071;04.06.1964;1964
22072;05.06.1964;1964
22073;06.06.1964;1964
22074;07.06.1964;1964
22075;08.06.1964;1964
22076;09.06.1964;1964
22077;10.06.1964;1964
22078;11.06.1964;1964
22079;12.06.1964;1964
22080;13.06.1964;1964
22081;14.06.1964;1964
22082;15.06.1964;1964
22083;16.06.1964;1964
22084;17.06.1964;1964
22085;18.06.1964;1964
22086;19.06.1964;1964
22087;20.06.1964;1964
22088;21.06.1964;1964
22089;22.06.1964;1964
22090;23.06.1964;1964
22091;24.06.1964;1964
22092;25.06.1964;1964
22093;26.06.1964;1964
22094;27.06.1964;1964
22095;28.06.1964;1964
22096;29.06.1964;1964
22097;30.06.1964;1964
22098;01.07.1964;1964
22099;02.07.1964;1964
22100;03.07.1964;1964
22101;04.07.1964;1964
22102;05.07.1964;1964
22103;06.07.1964;1964
22104;07.07.1964;1964
22105;08.07.1964;1964
22106;09.07.1964;1964
22107;10.07.1964;1964
22108;11.07.1964;1964
22109;12.07.1964;1964
22110;13.07.1964;1964
22111;14.07.1964;1964
22112;15.07.1964;1964
22113;16.07.1964;1964
22114;17.07.1964;1964
22115;18.07.1964;1964
22116;19.07.1964;1964
22117;20.07.1964;1964
22118;21.07.1964;1964
22119;22.07.1964;1964
22120;23.07.1964;1964
22121;24.07.1964;1964
22122;25.07.1964;1964
22123;26.07.1964;1964
22124;27.07.1964;1964
22125;28.07.1964;1964
22126;29.07.1964;1964
22127;30.07.1964;1964
22128;31.07.1964;1964
22129;01.08.1964;1964
22130;02.08.1964;1964
22131;03.08.1964;1964
22132;04.08.1964;1964
22133;05.08.1964;1964
22134;06.08.1964;1964
22135;07.08.1964;1964
22136;08.08.1964;1964
22137;09.08.1964;1964
22138;10.08.1964;1964
22139;11.08.1964;1964
22140;12.08.1964;1964
22141;13.08.1964;1964
22142;14.08.1964;1964
22143;15.08.1964;1964
22144;16.08.1964;1964
22145;17.08.1964;1964
22146;18.08.1964;1964
22147;19.08.1964;1964
22148;20.08.1964;1964
22149;21.08.1964;1964
22150;22.08.1964;1964
22151;23.08.1964;1964
22152;24.08.1964;1964
22153;25.08.1964;1964
22154;26.08.1964;1964
22155;27.08.1964;1964
22156;28.08.1964;1964
22157;29.08.1964;1964
22158;30.08.1964;1964
22159;31.08.1964;1964
22160;01.09.1964;1964
22161;02.09.1964;1964
22162;03.09.1964;1964
22163;04.09.1964;1964
22164;05.09.1964;1964
22165;06.09.1964;1964
22166;07.09.1964;1964
22167;08.09.1964;1964
22168;09.09.1964;1964
22169;10.09.1964;1964
22170;11.09.1964;1964
22171;12.09.1964;1964
22172;13.09.1964;1964
22173;14.09.1964;1964
22174;15.09.1964;1964
22175;16.09.1964;1964
22176;17.09.1964;1964
22177;18.09.1964;1964
22178;19.09.1964;1964
22179;20.09.1964;1964
22180;21.09.1964;1964
22181;22.09.1964;1964
22182;23.09.1964;1964
22183;24.09.1964;1964
22184;25.09.1964;1964
22185;26.09.1964;1964
22186;27.09.1964;1964
22187;28.09.1964;1964
22188;29.09.1964;1964
22189;30.09.1964;1964
22190;01.10.1964;1964
22191;02.10.1964;1964
22192;03.10.1964;1964
22193;04.10.1964;1964
22194;05.10.1964;1964
22195;06.10.1964;1964
22196;07.10.1964;1964
22197;08.10.1964;1964
22198;09.10.1964;1964
22199;10.10.1964;1964
22200;11.10.1964;1964
22201;12.10.1964;1964
22202;13.10.1964;1964
22203;14.10.1964;1964
22204;15.10.1964;1964
22205;16.10.1964;1964
22206;17.10.1964;1964
22207;18.10.1964;1964
22208;19.10.1964;1964
22209;20.10.1964;1964
22210;21.10.1964;1964
22211;22.10.1964;1964
22212;23.10.1964;1964
22213;24.10.1964;1964
22214;25.10.1964;1964
22215;26.10.1964;1964
22216;27.10.1964;1964
22217;28.10.1964;1964
22218;29.10.1964;1964
22219;30.10.1964;1964
22220;31.10.1964;1964
22221;01.11.1964;1964
22222;02.11.1964;1964
22223;03.11.1964;1964
22224;04.11.1964;1964
22225;05.11.1964;1964
22226;06.11.1964;1964
22227;07.11.1964;1964
22228;08.11.1964;1964
22229;09.11.1964;1964
22230;10.11.1964;1964
22231;11.11.1964;1964
22232;12.11.1964;1964
22233;13.11.1964;1964
22234;14.11.1964;1964
22235;15.11.1964;1964
22236;16.11.1964;1964
22237;17.11.1964;1964
22238;18.11.1964;1964
22239;19.11.1964;1964
22240;20.11.1964;1964
22241;21.11.1964;1964
22242;22.11.1964;1964
22243;23.11.1964;1964
22244;24.11.1964;1964
22245;25.11.1964;1964
22246;26.11.1964;1964
22247;27.11.1964;1964
22248;28.11.1964;1964
22249;29.11.1964;1964
22250;30.11.1964;1964
22251;01.12.1964;1964
22252;02.12.1964;1964
22253;03.12.1964;1964
22254;04.12.1964;1964
22255;05.12.1964;1964
22256;06.12.1964;1964
22257;07.12.1964;1964
22258;08.12.1964;1964
22259;09.12.1964;1964
22260;10.12.1964;1964
22261;11.12.1964;1964
22262;12.12.1964;1964
22263;13.12.1964;1964
22264;14.12.1964;1964
22265;15.12.1964;1964
22266;16.12.1964;1964
22267;17.12.1964;1964
22268;18.12.1964;1964
22269;19.12.1964;1964
22270;20.12.1964;1964
22271;21.12.1964;1964
22272;22.12.1964;1964
22273;23.12.1964;1964
22274;24.12.1964;1964
22275;25.12.1964;1964
22276;26.12.1964;1964
22277;27.12.1964;1964
22278;28.12.1964;1964
22279;29.12.1964;1964
22280;30.12.1964;1964
22281;31.12.1964;1964
22282;01.01.1965;1965
22283;02.01.1965;1965
22284;03.01.1965;1965
22285;04.01.1965;1965
22286;05.01.1965;1965
22287;06.01.1965;1965
22288;07.01.1965;1965
22289;08.01.1965;1965
22290;09.01.1965;1965
22291;10.01.1965;1965
22292;11.01.1965;1965
22293;12.01.1965;1965
22294;13.01.1965;1965
22295;14.01.1965;1965
22296;15.01.1965;1965
22297;16.01.1965;1965
22298;17.01.1965;1965
22299;18.01.1965;1965
22300;19.01.1965;1965
22301;20.01.1965;1965
22302;21.01.1965;1965
22303;22.01.1965;1965
22304;23.01.1965;1965
22305;24.01.1965;1965
22306;25.01.1965;1965
22307;26.01.1965;1965
22308;27.01.1965;1965
22309;28.01.1965;1965
22310;29.01.1965;1965
22311;30.01.1965;1965
22312;31.01.1965;1965
22313;01.02.1965;1965
22314;02.02.1965;1965
22315;03.02.1965;1965
22316;04.02.1965;1965
22317;05.02.1965;1965
22318;06.02.1965;1965
22319;07.02.1965;1965
22320;08.02.1965;1965
22321;09.02.1965;1965
22322;10.02.1965;1965
22323;11.02.1965;1965
22324;12.02.1965;1965
22325;13.02.1965;1965
22326;14.02.1965;1965
22327;15.02.1965;1965
22328;16.02.1965;1965
22329;17.02.1965;1965
22330;18.02.1965;1965
22331;19.02.1965;1965
22332;20.02.1965;1965
22333;21.02.1965;1965
22334;22.02.1965;1965
22335;23.02.1965;1965
22336;24.02.1965;1965
22337;25.02.1965;1965
22338;26.02.1965;1965
22339;27.02.1965;1965
22340;28.02.1965;1965
22341;01.03.1965;1965
22342;02.03.1965;1965
22343;03.03.1965;1965
22344;04.03.1965;1965
22345;05.03.1965;1965
22346;06.03.1965;1965
22347;07.03.1965;1965
22348;08.03.1965;1965
22349;09.03.1965;1965
22350;10.03.1965;1965
22351;11.03.1965;1965
22352;12.03.1965;1965
22353;13.03.1965;1965
22354;14.03.1965;1965
22355;15.03.1965;1965
22356;16.03.1965;1965
22357;17.03.1965;1965
22358;18.03.1965;1965
22359;19.03.1965;1965
22360;20.03.1965;1965
22361;21.03.1965;1965
22362;22.03.1965;1965
22363;23.03.1965;1965
22364;24.03.1965;1965
22365;25.03.1965;1965
22366;26.03.1965;1965
22367;27.03.1965;1965
22368;28.03.1965;1965
22369;29.03.1965;1965
22370;30.03.1965;1965
22371;31.03.1965;1965
22372;01.04.1965;1965
22373;02.04.1965;1965
22374;03.04.1965;1965
22375;04.04.1965;1965
22376;05.04.1965;1965
22377;06.04.1965;1965
22378;07.04.1965;1965
22379;08.04.1965;1965
22380;09.04.1965;1965
22381;10.04.1965;1965
22382;11.04.1965;1965
22383;12.04.1965;1965
22384;13.04.1965;1965
22385;14.04.1965;1965
22386;15.04.1965;1965
22387;16.04.1965;1965
22388;17.04.1965;1965
22389;18.04.1965;1965
22390;19.04.1965;1965
22391;20.04.1965;1965
22392;21.04.1965;1965
22393;22.04.1965;1965
22394;23.04.1965;1965
22395;24.04.1965;1965
22396;25.04.1965;1965
22397;26.04.1965;1965
22398;27.04.1965;1965
22399;28.04.1965;1965
22400;29.04.1965;1965
22401;30.04.1965;1965
22402;01.05.1965;1965
22403;02.05.1965;1965
22404;03.05.1965;1965
22405;04.05.1965;1965
22406;05.05.1965;1965
22407;06.05.1965;1965
22408;07.05.1965;1965
22409;08.05.1965;1965
22410;09.05.1965;1965
22411;10.05.1965;1965
22412;11.05.1965;1965
22413;12.05.1965;1965
22414;13.05.1965;1965
22415;14.05.1965;1965
22416;15.05.1965;1965
22417;16.05.1965;1965
22418;17.05.1965;1965
22419;18.05.1965;1965
22420;19.05.1965;1965
22421;20.05.1965;1965
22422;21.05.1965;1965
22423;22.05.1965;1965
22424;23.05.1965;1965
22425;24.05.1965;1965
22426;25.05.1965;1965
22427;26.05.1965;1965
22428;27.05.1965;1965
22429;28.05.1965;1965
22430;29.05.1965;1965
22431;30.05.1965;1965
22432;31.05.1965;1965
22433;01.06.1965;1965
22434;02.06.1965;1965
22435;03.06.1965;1965
22436;04.06.1965;1965
22437;05.06.1965;1965
22438;06.06.1965;1965
22439;07.06.1965;1965
22440;08.06.1965;1965
22441;09.06.1965;1965
22442;10.06.1965;1965
22443;11.06.1965;1965
22444;12.06.1965;1965
22445;13.06.1965;1965
22446;14.06.1965;1965
22447;15.06.1965;1965
22448;16.06.1965;1965
22449;17.06.1965;1965
22450;18.06.1965;1965
22451;19.06.1965;1965
22452;20.06.1965;1965
22453;21.06.1965;1965
22454;22.06.1965;1965
22455;23.06.1965;1965
22456;24.06.1965;1965
22457;25.06.1965;1965
22458;26.06.1965;1965
22459;27.06.1965;1965
22460;28.06.1965;1965
22461;29.06.1965;1965
22462;30.06.1965;1965
22463;01.07.1965;1965
22464;02.07.1965;1965
22465;03.07.1965;1965
22466;04.07.1965;1965
22467;05.07.1965;1965
22468;06.07.1965;1965
22469;07.07.1965;1965
22470;08.07.1965;1965
22471;09.07.1965;1965
22472;10.07.1965;1965
22473;11.07.1965;1965
22474;12.07.1965;1965
22475;13.07.1965;1965
22476;14.07.1965;1965
22477;15.07.1965;1965
22478;16.07.1965;1965
22479;17.07.1965;1965
22480;18.07.1965;1965
22481;19.07.1965;1965
22482;20.07.1965;1965
22483;21.07.1965;1965
22484;22.07.1965;1965
22485;23.07.1965;1965
22486;24.07.1965;1965
22487;25.07.1965;1965
22488;26.07.1965;1965
22489;27.07.1965;1965
22490;28.07.1965;1965
22491;29.07.1965;1965
22492;30.07.1965;1965
22493;31.07.1965;1965
22494;01.08.1965;1965
22495;02.08.1965;1965
22496;03.08.1965;1965
22497;04.08.1965;1965
22498;05.08.1965;1965
22499;06.08.1965;1965
22500;07.08.1965;1965
22501;08.08.1965;1965
22502;09.08.1965;1965
22503;10.08.1965;1965
22504;11.08.1965;1965
22505;12.08.1965;1965
22506;13.08.1965;1965
22507;14.08.1965;1965
22508;15.08.1965;1965
22509;16.08.1965;1965
22510;17.08.1965;1965
22511;18.08.1965;1965
22512;19.08.1965;1965
22513;20.08.1965;1965
22514;21.08.1965;1965
22515;22.08.1965;1965
22516;23.08.1965;1965
22517;24.08.1965;1965
22518;25.08.1965;1965
22519;26.08.1965;1965
22520;27.08.1965;1965
22521;28.08.1965;1965
22522;29.08.1965;1965
22523;30.08.1965;1965
22524;31.08.1965;1965
22525;01.09.1965;1965
22526;02.09.1965;1965
22527;03.09.1965;1965
22528;04.09.1965;1965
22529;05.09.1965;1965
22530;06.09.1965;1965
22531;07.09.1965;1965
22532;08.09.1965;1965
22533;09.09.1965;1965
22534;10.09.1965;1965
22535;11.09.1965;1965
22536;12.09.1965;1965
22537;13.09.1965;1965
22538;14.09.1965;1965
22539;15.09.1965;1965
22540;16.09.1965;1965
22541;17.09.1965;1965
22542;18.09.1965;1965
22543;19.09.1965;1965
22544;20.09.1965;1965
22545;21.09.1965;1965
22546;22.09.1965;1965
22547;23.09.1965;1965
22548;24.09.1965;1965
22549;25.09.1965;1965
22550;26.09.1965;1965
22551;27.09.1965;1965
22552;28.09.1965;1965
22553;29.09.1965;1965
22554;30.09.1965;1965
22555;01.10.1965;1965
22556;02.10.1965;1965
22557;03.10.1965;1965
22558;04.10.1965;1965
22559;05.10.1965;1965
22560;06.10.1965;1965
22561;07.10.1965;1965
22562;08.10.1965;1965
22563;09.10.1965;1965
22564;10.10.1965;1965
22565;11.10.1965;1965
22566;12.10.1965;1965
22567;13.10.1965;1965
22568;14.10.1965;1965
22569;15.10.1965;1965
22570;16.10.1965;1965
22571;17.10.1965;1965
22572;18.10.1965;1965
22573;19.10.1965;1965
22574;20.10.1965;1965
22575;21.10.1965;1965
22576;22.10.1965;1965
22577;23.10.1965;1965
22578;24.10.1965;1965
22579;25.10.1965;1965
22580;26.10.1965;1965
22581;27.10.1965;1965
22582;28.10.1965;1965
22583;29.10.1965;1965
22584;30.10.1965;1965
22585;31.10.1965;1965
22586;01.11.1965;1965
22587;02.11.1965;1965
22588;03.11.1965;1965
22589;04.11.1965;1965
22590;05.11.1965;1965
22591;06.11.1965;1965
22592;07.11.1965;1965
22593;08.11.1965;1965
22594;09.11.1965;1965
22595;10.11.1965;1965
22596;11.11.1965;1965
22597;12.11.1965;1965
22598;13.11.1965;1965
22599;14.11.1965;1965
22600;15.11.1965;1965
22601;16.11.1965;1965
22602;17.11.1965;1965
22603;18.11.1965;1965
22604;19.11.1965;1965
22605;20.11.1965;1965
22606;21.11.1965;1965
22607;22.11.1965;1965
22608;23.11.1965;1965
22609;24.11.1965;1965
22610;25.11.1965;1965
22611;26.11.1965;1965
22612;27.11.1965;1965
22613;28.11.1965;1965
22614;29.11.1965;1965
22615;30.11.1965;1965
22616;01.12.1965;1965
22617;02.12.1965;1965
22618;03.12.1965;1965
22619;04.12.1965;1965
22620;05.12.1965;1965
22621;06.12.1965;1965
22622;07.12.1965;1965
22623;08.12.1965;1965
22624;09.12.1965;1965
22625;10.12.1965;1965
22626;11.12.1965;1965
22627;12.12.1965;1965
22628;13.12.1965;1965
22629;14.12.1965;1965
22630;15.12.1965;1965
22631;16.12.1965;1965
22632;17.12.1965;1965
22633;18.12.1965;1965
22634;19.12.1965;1965
22635;20.12.1965;1965
22636;21.12.1965;1965
22637;22.12.1965;1965
22638;23.12.1965;1965
22639;24.12.1965;1965
22640;25.12.1965;1965
22641;26.12.1965;1965
22642;27.12.1965;1965
22643;28.12.1965;1965
22644;29.12.1965;1965
22645;30.12.1965;1965
22646;31.12.1965;1965
22647;01.01.1966;1966
22648;02.01.1966;1966
22649;03.01.1966;1966
22650;04.01.1966;1966
22651;05.01.1966;1966
22652;06.01.1966;1966
22653;07.01.1966;1966
22654;08.01.1966;1966
22655;09.01.1966;1966
22656;10.01.1966;1966
22657;11.01.1966;1966
22658;12.01.1966;1966
22659;13.01.1966;1966
22660;14.01.1966;1966
22661;15.01.1966;1966
22662;16.01.1966;1966
22663;17.01.1966;1966
22664;18.01.1966;1966
22665;19.01.1966;1966
22666;20.01.1966;1966
22667;21.01.1966;1966
22668;22.01.1966;1966
22669;23.01.1966;1966
22670;24.01.1966;1966
22671;25.01.1966;1966
22672;26.01.1966;1966
22673;27.01.1966;1966
22674;28.01.1966;1966
22675;29.01.1966;1966
22676;30.01.1966;1966
22677;31.01.1966;1966
22678;01.02.1966;1966
22679;02.02.1966;1966
22680;03.02.1966;1966
22681;04.02.1966;1966
22682;05.02.1966;1966
22683;06.02.1966;1966
22684;07.02.1966;1966
22685;08.02.1966;1966
22686;09.02.1966;1966
22687;10.02.1966;1966
22688;11.02.1966;1966
22689;12.02.1966;1966
22690;13.02.1966;1966
22691;14.02.1966;1966
22692;15.02.1966;1966
22693;16.02.1966;1966
22694;17.02.1966;1966
22695;18.02.1966;1966
22696;19.02.1966;1966
22697;20.02.1966;1966
22698;21.02.1966;1966
22699;22.02.1966;1966
22700;23.02.1966;1966
22701;24.02.1966;1966
22702;25.02.1966;1966
22703;26.02.1966;1966
22704;27.02.1966;1966
22705;28.02.1966;1966
22706;01.03.1966;1966
22707;02.03.1966;1966
22708;03.03.1966;1966
22709;04.03.1966;1966
22710;05.03.1966;1966
22711;06.03.1966;1966
22712;07.03.1966;1966
22713;08.03.1966;1966
22714;09.03.1966;1966
22715;10.03.1966;1966
22716;11.03.1966;1966
22717;12.03.1966;1966
22718;13.03.1966;1966
22719;14.03.1966;1966
22720;15.03.1966;1966
22721;16.03.1966;1966
22722;17.03.1966;1966
22723;18.03.1966;1966
22724;19.03.1966;1966
22725;20.03.1966;1966
22726;21.03.1966;1966
22727;22.03.1966;1966
22728;23.03.1966;1966
22729;24.03.1966;1966
22730;25.03.1966;1966
22731;26.03.1966;1966
22732;27.03.1966;1966
22733;28.03.1966;1966
22734;29.03.1966;1966
22735;30.03.1966;1966
22736;31.03.1966;1966
22737;01.04.1966;1966
22738;02.04.1966;1966
22739;03.04.1966;1966
22740;04.04.1966;1966
22741;05.04.1966;1966
22742;06.04.1966;1966
22743;07.04.1966;1966
22744;08.04.1966;1966
22745;09.04.1966;1966
22746;10.04.1966;1966
22747;11.04.1966;1966
22748;12.04.1966;1966
22749;13.04.1966;1966
22750;14.04.1966;1966
22751;15.04.1966;1966
22752;16.04.1966;1966
22753;17.04.1966;1966
22754;18.04.1966;1966
22755;19.04.1966;1966
22756;20.04.1966;1966
22757;21.04.1966;1966
22758;22.04.1966;1966
22759;23.04.1966;1966
22760;24.04.1966;1966
22761;25.04.1966;1966
22762;26.04.1966;1966
22763;27.04.1966;1966
22764;28.04.1966;1966
22765;29.04.1966;1966
22766;30.04.1966;1966
22767;01.05.1966;1966
22768;02.05.1966;1966
22769;03.05.1966;1966
22770;04.05.1966;1966
22771;05.05.1966;1966
22772;06.05.1966;1966
22773;07.05.1966;1966
22774;08.05.1966;1966
22775;09.05.1966;1966
22776;10.05.1966;1966
22777;11.05.1966;1966
22778;12.05.1966;1966
22779;13.05.1966;1966
22780;14.05.1966;1966
22781;15.05.1966;1966
22782;16.05.1966;1966
22783;17.05.1966;1966
22784;18.05.1966;1966
22785;19.05.1966;1966
22786;20.05.1966;1966
22787;21.05.1966;1966
22788;22.05.1966;1966
22789;23.05.1966;1966
22790;24.05.1966;1966
22791;25.05.1966;1966
22792;26.05.1966;1966
22793;27.05.1966;1966
22794;28.05.1966;1966
22795;29.05.1966;1966
22796;30.05.1966;1966
22797;31.05.1966;1966
22798;01.06.1966;1966
22799;02.06.1966;1966
22800;03.06.1966;1966
22801;04.06.1966;1966
22802;05.06.1966;1966
22803;06.06.1966;1966
22804;07.06.1966;1966
22805;08.06.1966;1966
22806;09.06.1966;1966
22807;10.06.1966;1966
22808;11.06.1966;1966
22809;12.06.1966;1966
22810;13.06.1966;1966
22811;14.06.1966;1966
22812;15.06.1966;1966
22813;16.06.1966;1966
22814;17.06.1966;1966
22815;18.06.1966;1966
22816;19.06.1966;1966
22817;20.06.1966;1966
22818;21.06.1966;1966
22819;22.06.1966;1966
22820;23.06.1966;1966
22821;24.06.1966;1966
22822;25.06.1966;1966
22823;26.06.1966;1966
22824;27.06.1966;1966
22825;28.06.1966;1966
22826;29.06.1966;1966
22827;30.06.1966;1966
22828;01.07.1966;1966
22829;02.07.1966;1966
22830;03.07.1966;1966
22831;04.07.1966;1966
22832;05.07.1966;1966
22833;06.07.1966;1966
22834;07.07.1966;1966
22835;08.07.1966;1966
22836;09.07.1966;1966
22837;10.07.1966;1966
22838;11.07.1966;1966
22839;12.07.1966;1966
22840;13.07.1966;1966
22841;14.07.1966;1966
22842;15.07.1966;1966
22843;16.07.1966;1966
22844;17.07.1966;1966
22845;18.07.1966;1966
22846;19.07.1966;1966
22847;20.07.1966;1966
22848;21.07.1966;1966
22849;22.07.1966;1966
22850;23.07.1966;1966
22851;24.07.1966;1966
22852;25.07.1966;1966
22853;26.07.1966;1966
22854;27.07.1966;1966
22855;28.07.1966;1966
22856;29.07.1966;1966
22857;30.07.1966;1966
22858;31.07.1966;1966
22859;01.08.1966;1966
22860;02.08.1966;1966
22861;03.08.1966;1966
22862;04.08.1966;1966
22863;05.08.1966;1966
22864;06.08.1966;1966
22865;07.08.1966;1966
22866;08.08.1966;1966
22867;09.08.1966;1966
22868;10.08.1966;1966
22869;11.08.1966;1966
22870;12.08.1966;1966
22871;13.08.1966;1966
22872;14.08.1966;1966
22873;15.08.1966;1966
22874;16.08.1966;1966
22875;17.08.1966;1966
22876;18.08.1966;1966
22877;19.08.1966;1966
22878;20.08.1966;1966
22879;21.08.1966;1966
22880;22.08.1966;1966
22881;23.08.1966;1966
22882;24.08.1966;1966
22883;25.08.1966;1966
22884;26.08.1966;1966
22885;27.08.1966;1966
22886;28.08.1966;1966
22887;29.08.1966;1966
22888;30.08.1966;1966
22889;31.08.1966;1966
22890;01.09.1966;1966
22891;02.09.1966;1966
22892;03.09.1966;1966
22893;04.09.1966;1966
22894;05.09.1966;1966
22895;06.09.1966;1966
22896;07.09.1966;1966
22897;08.09.1966;1966
22898;09.09.1966;1966
22899;10.09.1966;1966
22900;11.09.1966;1966
22901;12.09.1966;1966
22902;13.09.1966;1966
22903;14.09.1966;1966
22904;15.09.1966;1966
22905;16.09.1966;1966
22906;17.09.1966;1966
22907;18.09.1966;1966
22908;19.09.1966;1966
22909;20.09.1966;1966
22910;21.09.1966;1966
22911;22.09.1966;1966
22912;23.09.1966;1966
22913;24.09.1966;1966
22914;25.09.1966;1966
22915;26.09.1966;1966
22916;27.09.1966;1966
22917;28.09.1966;1966
22918;29.09.1966;1966
22919;30.09.1966;1966
22920;01.10.1966;1966
22921;02.10.1966;1966
22922;03.10.1966;1966
22923;04.10.1966;1966
22924;05.10.1966;1966
22925;06.10.1966;1966
22926;07.10.1966;1966
22927;08.10.1966;1966
22928;09.10.1966;1966
22929;10.10.1966;1966
22930;11.10.1966;1966
22931;12.10.1966;1966
22932;13.10.1966;1966
22933;14.10.1966;1966
22934;15.10.1966;1966
22935;16.10.1966;1966
22936;17.10.1966;1966
22937;18.10.1966;1966
22938;19.10.1966;1966
22939;20.10.1966;1966
22940;21.10.1966;1966
22941;22.10.1966;1966
22942;23.10.1966;1966
22943;24.10.1966;1966
22944;25.10.1966;1966
22945;26.10.1966;1966
22946;27.10.1966;1966
22947;28.10.1966;1966
22948;29.10.1966;1966
22949;30.10.1966;1966
22950;31.10.1966;1966
22951;01.11.1966;1966
22952;02.11.1966;1966
22953;03.11.1966;1966
22954;04.11.1966;1966
22955;05.11.1966;1966
22956;06.11.1966;1966
22957;07.11.1966;1966
22958;08.11.1966;1966
22959;09.11.1966;1966
22960;10.11.1966;1966
22961;11.11.1966;1966
22962;12.11.1966;1966
22963;13.11.1966;1966
22964;14.11.1966;1966
22965;15.11.1966;1966
22966;16.11.1966;1966
22967;17.11.1966;1966
22968;18.11.1966;1966
22969;19.11.1966;1966
22970;20.11.1966;1966
22971;21.11.1966;1966
22972;22.11.1966;1966
22973;23.11.1966;1966
22974;24.11.1966;1966
22975;25.11.1966;1966
22976;26.11.1966;1966
22977;27.11.1966;1966
22978;28.11.1966;1966
22979;29.11.1966;1966
22980;30.11.1966;1966
22981;01.12.1966;1966
22982;02.12.1966;1966
22983;03.12.1966;1966
22984;04.12.1966;1966
22985;05.12.1966;1966
22986;06.12.1966;1966
22987;07.12.1966;1966
22988;08.12.1966;1966
22989;09.12.1966;1966
22990;10.12.1966;1966
22991;11.12.1966;1966
22992;12.12.1966;1966
22993;13.12.1966;1966
22994;14.12.1966;1966
22995;15.12.1966;1966
22996;16.12.1966;1966
22997;17.12.1966;1966
22998;18.12.1966;1966
22999;19.12.1966;1966
23000;20.12.1966;1966
23001;21.12.1966;1966
23002;22.12.1966;1966
23003;23.12.1966;1966
23004;24.12.1966;1966
23005;25.12.1966;1966
23006;26.12.1966;1966
23007;27.12.1966;1966
23008;28.12.1966;1966
23009;29.12.1966;1966
23010;30.12.1966;1966
23011;31.12.1966;1966
23012;01.01.1967;1967
23013;02.01.1967;1967
23014;03.01.1967;1967
23015;04.01.1967;1967
23016;05.01.1967;1967
23017;06.01.1967;1967
23018;07.01.1967;1967
23019;08.01.1967;1967
23020;09.01.1967;1967
23021;10.01.1967;1967
23022;11.01.1967;1967
23023;12.01.1967;1967
23024;13.01.1967;1967
23025;14.01.1967;1967
23026;15.01.1967;1967
23027;16.01.1967;1967
23028;17.01.1967;1967
23029;18.01.1967;1967
23030;19.01.1967;1967
23031;20.01.1967;1967
23032;21.01.1967;1967
23033;22.01.1967;1967
23034;23.01.1967;1967
23035;24.01.1967;1967
23036;25.01.1967;1967
23037;26.01.1967;1967
23038;27.01.1967;1967
23039;28.01.1967;1967
23040;29.01.1967;1967
23041;30.01.1967;1967
23042;31.01.1967;1967
23043;01.02.1967;1967
23044;02.02.1967;1967
23045;03.02.1967;1967
23046;04.02.1967;1967
23047;05.02.1967;1967
23048;06.02.1967;1967
23049;07.02.1967;1967
23050;08.02.1967;1967
23051;09.02.1967;1967
23052;10.02.1967;1967
23053;11.02.1967;1967
23054;12.02.1967;1967
23055;13.02.1967;1967
23056;14.02.1967;1967
23057;15.02.1967;1967
23058;16.02.1967;1967
23059;17.02.1967;1967
23060;18.02.1967;1967
23061;19.02.1967;1967
23062;20.02.1967;1967
23063;21.02.1967;1967
23064;22.02.1967;1967
23065;23.02.1967;1967
23066;24.02.1967;1967
23067;25.02.1967;1967
23068;26.02.1967;1967
23069;27.02.1967;1967
23070;28.02.1967;1967
23071;01.03.1967;1967
23072;02.03.1967;1967
23073;03.03.1967;1967
23074;04.03.1967;1967
23075;05.03.1967;1967
23076;06.03.1967;1967
23077;07.03.1967;1967
23078;08.03.1967;1967
23079;09.03.1967;1967
23080;10.03.1967;1967
23081;11.03.1967;1967
23082;12.03.1967;1967
23083;13.03.1967;1967
23084;14.03.1967;1967
23085;15.03.1967;1967
23086;16.03.1967;1967
23087;17.03.1967;1967
23088;18.03.1967;1967
23089;19.03.1967;1967
23090;20.03.1967;1967
23091;21.03.1967;1967
23092;22.03.1967;1967
23093;23.03.1967;1967
23094;24.03.1967;1967
23095;25.03.1967;1967
23096;26.03.1967;1967
23097;27.03.1967;1967
23098;28.03.1967;1967
23099;29.03.1967;1967
23100;30.03.1967;1967
23101;31.03.1967;1967
23102;01.04.1967;1967
23103;02.04.1967;1967
23104;03.04.1967;1967
23105;04.04.1967;1967
23106;05.04.1967;1967
23107;06.04.1967;1967
23108;07.04.1967;1967
23109;08.04.1967;1967
23110;09.04.1967;1967
23111;10.04.1967;1967
23112;11.04.1967;1967
23113;12.04.1967;1967
23114;13.04.1967;1967
23115;14.04.1967;1967
23116;15.04.1967;1967
23117;16.04.1967;1967
23118;17.04.1967;1967
23119;18.04.1967;1967
23120;19.04.1967;1967
23121;20.04.1967;1967
23122;21.04.1967;1967
23123;22.04.1967;1967
23124;23.04.1967;1967
23125;24.04.1967;1967
23126;25.04.1967;1967
23127;26.04.1967;1967
23128;27.04.1967;1967
23129;28.04.1967;1967
23130;29.04.1967;1967
23131;30.04.1967;1967
23132;01.05.1967;1967
23133;02.05.1967;1967
23134;03.05.1967;1967
23135;04.05.1967;1967
23136;05.05.1967;1967
23137;06.05.1967;1967
23138;07.05.1967;1967
23139;08.05.1967;1967
23140;09.05.1967;1967
23141;10.05.1967;1967
23142;11.05.1967;1967
23143;12.05.1967;1967
23144;13.05.1967;1967
23145;14.05.1967;1967
23146;15.05.1967;1967
23147;16.05.1967;1967
23148;17.05.1967;1967
23149;18.05.1967;1967
23150;19.05.1967;1967
23151;20.05.1967;1967
23152;21.05.1967;1967
23153;22.05.1967;1967
23154;23.05.1967;1967
23155;24.05.1967;1967
23156;25.05.1967;1967
23157;26.05.1967;1967
23158;27.05.1967;1967
23159;28.05.1967;1967
23160;29.05.1967;1967
23161;30.05.1967;1967
23162;31.05.1967;1967
23163;01.06.1967;1967
23164;02.06.1967;1967
23165;03.06.1967;1967
23166;04.06.1967;1967
23167;05.06.1967;1967
23168;06.06.1967;1967
23169;07.06.1967;1967
23170;08.06.1967;1967
23171;09.06.1967;1967
23172;10.06.1967;1967
23173;11.06.1967;1967
23174;12.06.1967;1967
23175;13.06.1967;1967
23176;14.06.1967;1967
23177;15.06.1967;1967
23178;16.06.1967;1967
23179;17.06.1967;1967
23180;18.06.1967;1967
23181;19.06.1967;1967
23182;20.06.1967;1967
23183;21.06.1967;1967
23184;22.06.1967;1967
23185;23.06.1967;1967
23186;24.06.1967;1967
23187;25.06.1967;1967
23188;26.06.1967;1967
23189;27.06.1967;1967
23190;28.06.1967;1967
23191;29.06.1967;1967
23192;30.06.1967;1967
23193;01.07.1967;1967
23194;02.07.1967;1967
23195;03.07.1967;1967
23196;04.07.1967;1967
23197;05.07.1967;1967
23198;06.07.1967;1967
23199;07.07.1967;1967
23200;08.07.1967;1967
23201;09.07.1967;1967
23202;10.07.1967;1967
23203;11.07.1967;1967
23204;12.07.1967;1967
23205;13.07.1967;1967
23206;14.07.1967;1967
23207;15.07.1967;1967
23208;16.07.1967;1967
23209;17.07.1967;1967
23210;18.07.1967;1967
23211;19.07.1967;1967
23212;20.07.1967;1967
23213;21.07.1967;1967
23214;22.07.1967;1967
23215;23.07.1967;1967
23216;24.07.1967;1967
23217;25.07.1967;1967
23218;26.07.1967;1967
23219;27.07.1967;1967
23220;28.07.1967;1967
23221;29.07.1967;1967
23222;30.07.1967;1967
23223;31.07.1967;1967
23224;01.08.1967;1967
23225;02.08.1967;1967
23226;03.08.1967;1967
23227;04.08.1967;1967
23228;05.08.1967;1967
23229;06.08.1967;1967
23230;07.08.1967;1967
23231;08.08.1967;1967
23232;09.08.1967;1967
23233;10.08.1967;1967
23234;11.08.1967;1967
23235;12.08.1967;1967
23236;13.08.1967;1967
23237;14.08.1967;1967
23238;15.08.1967;1967
23239;16.08.1967;1967
23240;17.08.1967;1967
23241;18.08.1967;1967
23242;19.08.1967;1967
23243;20.08.1967;1967
23244;21.08.1967;1967
23245;22.08.1967;1967
23246;23.08.1967;1967
23247;24.08.1967;1967
23248;25.08.1967;1967
23249;26.08.1967;1967
23250;27.08.1967;1967
23251;28.08.1967;1967
23252;29.08.1967;1967
23253;30.08.1967;1967
23254;31.08.1967;1967
23255;01.09.1967;1967
23256;02.09.1967;1967
23257;03.09.1967;1967
23258;04.09.1967;1967
23259;05.09.1967;1967
23260;06.09.1967;1967
23261;07.09.1967;1967
23262;08.09.1967;1967
23263;09.09.1967;1967
23264;10.09.1967;1967
23265;11.09.1967;1967
23266;12.09.1967;1967
23267;13.09.1967;1967
23268;14.09.1967;1967
23269;15.09.1967;1967
23270;16.09.1967;1967
23271;17.09.1967;1967
23272;18.09.1967;1967
23273;19.09.1967;1967
23274;20.09.1967;1967
23275;21.09.1967;1967
23276;22.09.1967;1967
23277;23.09.1967;1967
23278;24.09.1967;1967
23279;25.09.1967;1967
23280;26.09.1967;1967
23281;27.09.1967;1967
23282;28.09.1967;1967
23283;29.09.1967;1967
23284;30.09.1967;1967
23285;01.10.1967;1967
23286;02.10.1967;1967
23287;03.10.1967;1967
23288;04.10.1967;1967
23289;05.10.1967;1967
23290;06.10.1967;1967
23291;07.10.1967;1967
23292;08.10.1967;1967
23293;09.10.1967;1967
23294;10.10.1967;1967
23295;11.10.1967;1967
23296;12.10.1967;1967
23297;13.10.1967;1967
23298;14.10.1967;1967
23299;15.10.1967;1967
23300;16.10.1967;1967
23301;17.10.1967;1967
23302;18.10.1967;1967
23303;19.10.1967;1967
23304;20.10.1967;1967
23305;21.10.1967;1967
23306;22.10.1967;1967
23307;23.10.1967;1967
23308;24.10.1967;1967
23309;25.10.1967;1967
23310;26.10.1967;1967
23311;27.10.1967;1967
23312;28.10.1967;1967
23313;29.10.1967;1967
23314;30.10.1967;1967
23315;31.10.1967;1967
23316;01.11.1967;1967
23317;02.11.1967;1967
23318;03.11.1967;1967
23319;04.11.1967;1967
23320;05.11.1967;1967
23321;06.11.1967;1967
23322;07.11.1967;1967
23323;08.11.1967;1967
23324;09.11.1967;1967
23325;10.11.1967;1967
23326;11.11.1967;1967
23327;12.11.1967;1967
23328;13.11.1967;1967
23329;14.11.1967;1967
23330;15.11.1967;1967
23331;16.11.1967;1967
23332;17.11.1967;1967
23333;18.11.1967;1967
23334;19.11.1967;1967
23335;20.11.1967;1967
23336;21.11.1967;1967
23337;22.11.1967;1967
23338;23.11.1967;1967
23339;24.11.1967;1967
23340;25.11.1967;1967
23341;26.11.1967;1967
23342;27.11.1967;1967
23343;28.11.1967;1967
23344;29.11.1967;1967
23345;30.11.1967;1967
23346;01.12.1967;1967
23347;02.12.1967;1967
23348;03.12.1967;1967
23349;04.12.1967;1967
23350;05.12.1967;1967
23351;06.12.1967;1967
23352;07.12.1967;1967
23353;08.12.1967;1967
23354;09.12.1967;1967
23355;10.12.1967;1967
23356;11.12.1967;1967
23357;12.12.1967;1967
23358;13.12.1967;1967
23359;14.12.1967;1967
23360;15.12.1967;1967
23361;16.12.1967;1967
23362;17.12.1967;1967
23363;18.12.1967;1967
23364;19.12.1967;1967
23365;20.12.1967;1967
23366;21.12.1967;1967
23367;22.12.1967;1967
23368;23.12.1967;1967
23369;24.12.1967;1967
23370;25.12.1967;1967
23371;26.12.1967;1967
23372;27.12.1967;1967
23373;28.12.1967;1967
23374;29.12.1967;1967
23375;30.12.1967;1967
23376;31.12.1967;1967
23377;01.01.1968;1968
23378;02.01.1968;1968
23379;03.01.1968;1968
23380;04.01.1968;1968
23381;05.01.1968;1968
23382;06.01.1968;1968
23383;07.01.1968;1968
23384;08.01.1968;1968
23385;09.01.1968;1968
23386;10.01.1968;1968
23387;11.01.1968;1968
23388;12.01.1968;1968
23389;13.01.1968;1968
23390;14.01.1968;1968
23391;15.01.1968;1968
23392;16.01.1968;1968
23393;17.01.1968;1968
23394;18.01.1968;1968
23395;19.01.1968;1968
23396;20.01.1968;1968
23397;21.01.1968;1968
23398;22.01.1968;1968
23399;23.01.1968;1968
23400;24.01.1968;1968
23401;25.01.1968;1968
23402;26.01.1968;1968
23403;27.01.1968;1968
23404;28.01.1968;1968
23405;29.01.1968;1968
23406;30.01.1968;1968
23407;31.01.1968;1968
23408;01.02.1968;1968
23409;02.02.1968;1968
23410;03.02.1968;1968
23411;04.02.1968;1968
23412;05.02.1968;1968
23413;06.02.1968;1968
23414;07.02.1968;1968
23415;08.02.1968;1968
23416;09.02.1968;1968
23417;10.02.1968;1968
23418;11.02.1968;1968
23419;12.02.1968;1968
23420;13.02.1968;1968
23421;14.02.1968;1968
23422;15.02.1968;1968
23423;16.02.1968;1968
23424;17.02.1968;1968
23425;18.02.1968;1968
23426;19.02.1968;1968
23427;20.02.1968;1968
23428;21.02.1968;1968
23429;22.02.1968;1968
23430;23.02.1968;1968
23431;24.02.1968;1968
23432;25.02.1968;1968
23433;26.02.1968;1968
23434;27.02.1968;1968
23435;28.02.1968;1968
23436;29.02.1968;1968
23437;01.03.1968;1968
23438;02.03.1968;1968
23439;03.03.1968;1968
23440;04.03.1968;1968
23441;05.03.1968;1968
23442;06.03.1968;1968
23443;07.03.1968;1968
23444;08.03.1968;1968
23445;09.03.1968;1968
23446;10.03.1968;1968
23447;11.03.1968;1968
23448;12.03.1968;1968
23449;13.03.1968;1968
23450;14.03.1968;1968
23451;15.03.1968;1968
23452;16.03.1968;1968
23453;17.03.1968;1968
23454;18.03.1968;1968
23455;19.03.1968;1968
23456;20.03.1968;1968
23457;21.03.1968;1968
23458;22.03.1968;1968
23459;23.03.1968;1968
23460;24.03.1968;1968
23461;25.03.1968;1968
23462;26.03.1968;1968
23463;27.03.1968;1968
23464;28.03.1968;1968
23465;29.03.1968;1968
23466;30.03.1968;1968
23467;31.03.1968;1968
23468;01.04.1968;1968
23469;02.04.1968;1968
23470;03.04.1968;1968
23471;04.04.1968;1968
23472;05.04.1968;1968
23473;06.04.1968;1968
23474;07.04.1968;1968
23475;08.04.1968;1968
23476;09.04.1968;1968
23477;10.04.1968;1968
23478;11.04.1968;1968
23479;12.04.1968;1968
23480;13.04.1968;1968
23481;14.04.1968;1968
23482;15.04.1968;1968
23483;16.04.1968;1968
23484;17.04.1968;1968
23485;18.04.1968;1968
23486;19.04.1968;1968
23487;20.04.1968;1968
23488;21.04.1968;1968
23489;22.04.1968;1968
23490;23.04.1968;1968
23491;24.04.1968;1968
23492;25.04.1968;1968
23493;26.04.1968;1968
23494;27.04.1968;1968
23495;28.04.1968;1968
23496;29.04.1968;1968
23497;30.04.1968;1968
23498;01.05.1968;1968
23499;02.05.1968;1968
23500;03.05.1968;1968
23501;04.05.1968;1968
23502;05.05.1968;1968
23503;06.05.1968;1968
23504;07.05.1968;1968
23505;08.05.1968;1968
23506;09.05.1968;1968
23507;10.05.1968;1968
23508;11.05.1968;1968
23509;12.05.1968;1968
23510;13.05.1968;1968
23511;14.05.1968;1968
23512;15.05.1968;1968
23513;16.05.1968;1968
23514;17.05.1968;1968
23515;18.05.1968;1968
23516;19.05.1968;1968
23517;20.05.1968;1968
23518;21.05.1968;1968
23519;22.05.1968;1968
23520;23.05.1968;1968
23521;24.05.1968;1968
23522;25.05.1968;1968
23523;26.05.1968;1968
23524;27.05.1968;1968
23525;28.05.1968;1968
23526;29.05.1968;1968
23527;30.05.1968;1968
23528;31.05.1968;1968
23529;01.06.1968;1968
23530;02.06.1968;1968
23531;03.06.1968;1968
23532;04.06.1968;1968
23533;05.06.1968;1968
23534;06.06.1968;1968
23535;07.06.1968;1968
23536;08.06.1968;1968
23537;09.06.1968;1968
23538;10.06.1968;1968
23539;11.06.1968;1968
23540;12.06.1968;1968
23541;13.06.1968;1968
23542;14.06.1968;1968
23543;15.06.1968;1968
23544;16.06.1968;1968
23545;17.06.1968;1968
23546;18.06.1968;1968
23547;19.06.1968;1968
23548;20.06.1968;1968
23549;21.06.1968;1968
23550;22.06.1968;1968
23551;23.06.1968;1968
23552;24.06.1968;1968
23553;25.06.1968;1968
23554;26.06.1968;1968
23555;27.06.1968;1968
23556;28.06.1968;1968
23557;29.06.1968;1968
23558;30.06.1968;1968
23559;01.07.1968;1968
23560;02.07.1968;1968
23561;03.07.1968;1968
23562;04.07.1968;1968
23563;05.07.1968;1968
23564;06.07.1968;1968
23565;07.07.1968;1968
23566;08.07.1968;1968
23567;09.07.1968;1968
23568;10.07.1968;1968
23569;11.07.1968;1968
23570;12.07.1968;1968
23571;13.07.1968;1968
23572;14.07.1968;1968
23573;15.07.1968;1968
23574;16.07.1968;1968
23575;17.07.1968;1968
23576;18.07.1968;1968
23577;19.07.1968;1968
23578;20.07.1968;1968
23579;21.07.1968;1968
23580;22.07.1968;1968
23581;23.07.1968;1968
23582;24.07.1968;1968
23583;25.07.1968;1968
23584;26.07.1968;1968
23585;27.07.1968;1968
23586;28.07.1968;1968
23587;29.07.1968;1968
23588;30.07.1968;1968
23589;31.07.1968;1968
23590;01.08.1968;1968
23591;02.08.1968;1968
23592;03.08.1968;1968
23593;04.08.1968;1968
23594;05.08.1968;1968
23595;06.08.1968;1968
23596;07.08.1968;1968
23597;08.08.1968;1968
23598;09.08.1968;1968
23599;10.08.1968;1968
23600;11.08.1968;1968
23601;12.08.1968;1968
23602;13.08.1968;1968
23603;14.08.1968;1968
23604;15.08.1968;1968
23605;16.08.1968;1968
23606;17.08.1968;1968
23607;18.08.1968;1968
23608;19.08.1968;1968
23609;20.08.1968;1968
23610;21.08.1968;1968
23611;22.08.1968;1968
23612;23.08.1968;1968
23613;24.08.1968;1968
23614;25.08.1968;1968
23615;26.08.1968;1968
23616;27.08.1968;1968
23617;28.08.1968;1968
23618;29.08.1968;1968
23619;30.08.1968;1968
23620;31.08.1968;1968
23621;01.09.1968;1968
23622;02.09.1968;1968
23623;03.09.1968;1968
23624;04.09.1968;1968
23625;05.09.1968;1968
23626;06.09.1968;1968
23627;07.09.1968;1968
23628;08.09.1968;1968
23629;09.09.1968;1968
23630;10.09.1968;1968
23631;11.09.1968;1968
23632;12.09.1968;1968
23633;13.09.1968;1968
23634;14.09.1968;1968
23635;15.09.1968;1968
23636;16.09.1968;1968
23637;17.09.1968;1968
23638;18.09.1968;1968
23639;19.09.1968;1968
23640;20.09.1968;1968
23641;21.09.1968;1968
23642;22.09.1968;1968
23643;23.09.1968;1968
23644;24.09.1968;1968
23645;25.09.1968;1968
23646;26.09.1968;1968
23647;27.09.1968;1968
23648;28.09.1968;1968
23649;29.09.1968;1968
23650;30.09.1968;1968
23651;01.10.1968;1968
23652;02.10.1968;1968
23653;03.10.1968;1968
23654;04.10.1968;1968
23655;05.10.1968;1968
23656;06.10.1968;1968
23657;07.10.1968;1968
23658;08.10.1968;1968
23659;09.10.1968;1968
23660;10.10.1968;1968
23661;11.10.1968;1968
23662;12.10.1968;1968
23663;13.10.1968;1968
23664;14.10.1968;1968
23665;15.10.1968;1968
23666;16.10.1968;1968
23667;17.10.1968;1968
23668;18.10.1968;1968
23669;19.10.1968;1968
23670;20.10.1968;1968
23671;21.10.1968;1968
23672;22.10.1968;1968
23673;23.10.1968;1968
23674;24.10.1968;1968
23675;25.10.1968;1968
23676;26.10.1968;1968
23677;27.10.1968;1968
23678;28.10.1968;1968
23679;29.10.1968;1968
23680;30.10.1968;1968
23681;31.10.1968;1968
23682;01.11.1968;1968
23683;02.11.1968;1968
23684;03.11.1968;1968
23685;04.11.1968;1968
23686;05.11.1968;1968
23687;06.11.1968;1968
23688;07.11.1968;1968
23689;08.11.1968;1968
23690;09.11.1968;1968
23691;10.11.1968;1968
23692;11.11.1968;1968
23693;12.11.1968;1968
23694;13.11.1968;1968
23695;14.11.1968;1968
23696;15.11.1968;1968
23697;16.11.1968;1968
23698;17.11.1968;1968
23699;18.11.1968;1968
23700;19.11.1968;1968
23701;20.11.1968;1968
23702;21.11.1968;1968
23703;22.11.1968;1968
23704;23.11.1968;1968
23705;24.11.1968;1968
23706;25.11.1968;1968
23707;26.11.1968;1968
23708;27.11.1968;1968
23709;28.11.1968;1968
23710;29.11.1968;1968
23711;30.11.1968;1968
23712;01.12.1968;1968
23713;02.12.1968;1968
23714;03.12.1968;1968
23715;04.12.1968;1968
23716;05.12.1968;1968
23717;06.12.1968;1968
23718;07.12.1968;1968
23719;08.12.1968;1968
23720;09.12.1968;1968
23721;10.12.1968;1968
23722;11.12.1968;1968
23723;12.12.1968;1968
23724;13.12.1968;1968
23725;14.12.1968;1968
23726;15.12.1968;1968
23727;16.12.1968;1968
23728;17.12.1968;1968
23729;18.12.1968;1968
23730;19.12.1968;1968
23731;20.12.1968;1968
23732;21.12.1968;1968
23733;22.12.1968;1968
23734;23.12.1968;1968
23735;24.12.1968;1968
23736;25.12.1968;1968
23737;26.12.1968;1968
23738;27.12.1968;1968
23739;28.12.1968;1968
23740;29.12.1968;1968
23741;30.12.1968;1968
23742;31.12.1968;1968
23743;01.01.1969;1969
23744;02.01.1969;1969
23745;03.01.1969;1969
23746;04.01.1969;1969
23747;05.01.1969;1969
23748;06.01.1969;1969
23749;07.01.1969;1969
23750;08.01.1969;1969
23751;09.01.1969;1969
23752;10.01.1969;1969
23753;11.01.1969;1969
23754;12.01.1969;1969
23755;13.01.1969;1969
23756;14.01.1969;1969
23757;15.01.1969;1969
23758;16.01.1969;1969
23759;17.01.1969;1969
23760;18.01.1969;1969
23761;19.01.1969;1969
23762;20.01.1969;1969
23763;21.01.1969;1969
23764;22.01.1969;1969
23765;23.01.1969;1969
23766;24.01.1969;1969
23767;25.01.1969;1969
23768;26.01.1969;1969
23769;27.01.1969;1969
23770;28.01.1969;1969
23771;29.01.1969;1969
23772;30.01.1969;1969
23773;31.01.1969;1969
23774;01.02.1969;1969
23775;02.02.1969;1969
23776;03.02.1969;1969
23777;04.02.1969;1969
23778;05.02.1969;1969
23779;06.02.1969;1969
23780;07.02.1969;1969
23781;08.02.1969;1969
23782;09.02.1969;1969
23783;10.02.1969;1969
23784;11.02.1969;1969
23785;12.02.1969;1969
23786;13.02.1969;1969
23787;14.02.1969;1969
23788;15.02.1969;1969
23789;16.02.1969;1969
23790;17.02.1969;1969
23791;18.02.1969;1969
23792;19.02.1969;1969
23793;20.02.1969;1969
23794;21.02.1969;1969
23795;22.02.1969;1969
23796;23.02.1969;1969
23797;24.02.1969;1969
23798;25.02.1969;1969
23799;26.02.1969;1969
23800;27.02.1969;1969
23801;28.02.1969;1969
23802;01.03.1969;1969
23803;02.03.1969;1969
23804;03.03.1969;1969
23805;04.03.1969;1969
23806;05.03.1969;1969
23807;06.03.1969;1969
23808;07.03.1969;1969
23809;08.03.1969;1969
23810;09.03.1969;1969
23811;10.03.1969;1969
23812;11.03.1969;1969
23813;12.03.1969;1969
23814;13.03.1969;1969
23815;14.03.1969;1969
23816;15.03.1969;1969
23817;16.03.1969;1969
23818;17.03.1969;1969
23819;18.03.1969;1969
23820;19.03.1969;1969
23821;20.03.1969;1969
23822;21.03.1969;1969
23823;22.03.1969;1969
23824;23.03.1969;1969
23825;24.03.1969;1969
23826;25.03.1969;1969
23827;26.03.1969;1969
23828;27.03.1969;1969
23829;28.03.1969;1969
23830;29.03.1969;1969
23831;30.03.1969;1969
23832;31.03.1969;1969
23833;01.04.1969;1969
23834;02.04.1969;1969
23835;03.04.1969;1969
23836;04.04.1969;1969
23837;05.04.1969;1969
23838;06.04.1969;1969
23839;07.04.1969;1969
23840;08.04.1969;1969
23841;09.04.1969;1969
23842;10.04.1969;1969
23843;11.04.1969;1969
23844;12.04.1969;1969
23845;13.04.1969;1969
23846;14.04.1969;1969
23847;15.04.1969;1969
23848;16.04.1969;1969
23849;17.04.1969;1969
23850;18.04.1969;1969
23851;19.04.1969;1969
23852;20.04.1969;1969
23853;21.04.1969;1969
23854;22.04.1969;1969
23855;23.04.1969;1969
23856;24.04.1969;1969
23857;25.04.1969;1969
23858;26.04.1969;1969
23859;27.04.1969;1969
23860;28.04.1969;1969
23861;29.04.1969;1969
23862;30.04.1969;1969
23863;01.05.1969;1969
23864;02.05.1969;1969
23865;03.05.1969;1969
23866;04.05.1969;1969
23867;05.05.1969;1969
23868;06.05.1969;1969
23869;07.05.1969;1969
23870;08.05.1969;1969
23871;09.05.1969;1969
23872;10.05.1969;1969
23873;11.05.1969;1969
23874;12.05.1969;1969
23875;13.05.1969;1969
23876;14.05.1969;1969
23877;15.05.1969;1969
23878;16.05.1969;1969
23879;17.05.1969;1969
23880;18.05.1969;1969
23881;19.05.1969;1969
23882;20.05.1969;1969
23883;21.05.1969;1969
23884;22.05.1969;1969
23885;23.05.1969;1969
23886;24.05.1969;1969
23887;25.05.1969;1969
23888;26.05.1969;1969
23889;27.05.1969;1969
23890;28.05.1969;1969
23891;29.05.1969;1969
23892;30.05.1969;1969
23893;31.05.1969;1969
23894;01.06.1969;1969
23895;02.06.1969;1969
23896;03.06.1969;1969
23897;04.06.1969;1969
23898;05.06.1969;1969
23899;06.06.1969;1969
23900;07.06.1969;1969
23901;08.06.1969;1969
23902;09.06.1969;1969
23903;10.06.1969;1969
23904;11.06.1969;1969
23905;12.06.1969;1969
23906;13.06.1969;1969
23907;14.06.1969;1969
23908;15.06.1969;1969
23909;16.06.1969;1969
23910;17.06.1969;1969
23911;18.06.1969;1969
23912;19.06.1969;1969
23913;20.06.1969;1969
23914;21.06.1969;1969
23915;22.06.1969;1969
23916;23.06.1969;1969
23917;24.06.1969;1969
23918;25.06.1969;1969
23919;26.06.1969;1969
23920;27.06.1969;1969
23921;28.06.1969;1969
23922;29.06.1969;1969
23923;30.06.1969;1969
23924;01.07.1969;1969
23925;02.07.1969;1969
23926;03.07.1969;1969
23927;04.07.1969;1969
23928;05.07.1969;1969
23929;06.07.1969;1969
23930;07.07.1969;1969
23931;08.07.1969;1969
23932;09.07.1969;1969
23933;10.07.1969;1969
23934;11.07.1969;1969
23935;12.07.1969;1969
23936;13.07.1969;1969
23937;14.07.1969;1969
23938;15.07.1969;1969
23939;16.07.1969;1969
23940;17.07.1969;1969
23941;18.07.1969;1969
23942;19.07.1969;1969
23943;20.07.1969;1969
23944;21.07.1969;1969
23945;22.07.1969;1969
23946;23.07.1969;1969
23947;24.07.1969;1969
23948;25.07.1969;1969
23949;26.07.1969;1969
23950;27.07.1969;1969
23951;28.07.1969;1969
23952;29.07.1969;1969
23953;30.07.1969;1969
23954;31.07.1969;1969
23955;01.08.1969;1969
23956;02.08.1969;1969
23957;03.08.1969;1969
23958;04.08.1969;1969
23959;05.08.1969;1969
23960;06.08.1969;1969
23961;07.08.1969;1969
23962;08.08.1969;1969
23963;09.08.1969;1969
23964;10.08.1969;1969
23965;11.08.1969;1969
23966;12.08.1969;1969
23967;13.08.1969;1969
23968;14.08.1969;1969
23969;15.08.1969;1969
23970;16.08.1969;1969
23971;17.08.1969;1969
23972;18.08.1969;1969
23973;19.08.1969;1969
23974;20.08.1969;1969
23975;21.08.1969;1969
23976;22.08.1969;1969
23977;23.08.1969;1969
23978;24.08.1969;1969
23979;25.08.1969;1969
23980;26.08.1969;1969
23981;27.08.1969;1969
23982;28.08.1969;1969
23983;29.08.1969;1969
23984;30.08.1969;1969
23985;31.08.1969;1969
23986;01.09.1969;1969
23987;02.09.1969;1969
23988;03.09.1969;1969
23989;04.09.1969;1969
23990;05.09.1969;1969
23991;06.09.1969;1969
23992;07.09.1969;1969
23993;08.09.1969;1969
23994;09.09.1969;1969
23995;10.09.1969;1969
23996;11.09.1969;1969
23997;12.09.1969;1969
23998;13.09.1969;1969
23999;14.09.1969;1969
24000;15.09.1969;1969
24001;16.09.1969;1969
24002;17.09.1969;1969
24003;18.09.1969;1969
24004;19.09.1969;1969
24005;20.09.1969;1969
24006;21.09.1969;1969
24007;22.09.1969;1969
24008;23.09.1969;1969
24009;24.09.1969;1969
24010;25.09.1969;1969
24011;26.09.1969;1969
24012;27.09.1969;1969
24013;28.09.1969;1969
24014;29.09.1969;1969
24015;30.09.1969;1969
24016;01.10.1969;1969
24017;02.10.1969;1969
24018;03.10.1969;1969
24019;04.10.1969;1969
24020;05.10.1969;1969
24021;06.10.1969;1969
24022;07.10.1969;1969
24023;08.10.1969;1969
24024;09.10.1969;1969
24025;10.10.1969;1969
24026;11.10.1969;1969
24027;12.10.1969;1969
24028;13.10.1969;1969
24029;14.10.1969;1969
24030;15.10.1969;1969
24031;16.10.1969;1969
24032;17.10.1969;1969
24033;18.10.1969;1969
24034;19.10.1969;1969
24035;20.10.1969;1969
24036;21.10.1969;1969
24037;22.10.1969;1969
24038;23.10.1969;1969
24039;24.10.1969;1969
24040;25.10.1969;1969
24041;26.10.1969;1969
24042;27.10.1969;1969
24043;28.10.1969;1969
24044;29.10.1969;1969
24045;30.10.1969;1969
24046;31.10.1969;1969
24047;01.11.1969;1969
24048;02.11.1969;1969
24049;03.11.1969;1969
24050;04.11.1969;1969
24051;05.11.1969;1969
24052;06.11.1969;1969
24053;07.11.1969;1969
24054;08.11.1969;1969
24055;09.11.1969;1969
24056;10.11.1969;1969
24057;11.11.1969;1969
24058;12.11.1969;1969
24059;13.11.1969;1969
24060;14.11.1969;1969
24061;15.11.1969;1969
24062;16.11.1969;1969
24063;17.11.1969;1969
24064;18.11.1969;1969
24065;19.11.1969;1969
24066;20.11.1969;1969
24067;21.11.1969;1969
24068;22.11.1969;1969
24069;23.11.1969;1969
24070;24.11.1969;1969
24071;25.11.1969;1969
24072;26.11.1969;1969
24073;27.11.1969;1969
24074;28.11.1969;1969
24075;29.11.1969;1969
24076;30.11.1969;1969
24077;01.12.1969;1969
24078;02.12.1969;1969
24079;03.12.1969;1969
24080;04.12.1969;1969
24081;05.12.1969;1969
24082;06.12.1969;1969
24083;07.12.1969;1969
24084;08.12.1969;1969
24085;09.12.1969;1969
24086;10.12.1969;1969
24087;11.12.1969;1969
24088;12.12.1969;1969
24089;13.12.1969;1969
24090;14.12.1969;1969
24091;15.12.1969;1969
24092;16.12.1969;1969
24093;17.12.1969;1969
24094;18.12.1969;1969
24095;19.12.1969;1969
24096;20.12.1969;1969
24097;21.12.1969;1969
24098;22.12.1969;1969
24099;23.12.1969;1969
24100;24.12.1969;1969
24101;25.12.1969;1969
24102;26.12.1969;1969
24103;27.12.1969;1969
24104;28.12.1969;1969
24105;29.12.1969;1969
24106;30.12.1969;1969
24107;31.12.1969;1969
24108;01.01.1970;1970
24109;02.01.1970;1970
24110;03.01.1970;1970
24111;04.01.1970;1970
24112;05.01.1970;1970
24113;06.01.1970;1970
24114;07.01.1970;1970
24115;08.01.1970;1970
24116;09.01.1970;1970
24117;10.01.1970;1970
24118;11.01.1970;1970
24119;12.01.1970;1970
24120;13.01.1970;1970
24121;14.01.1970;1970
24122;15.01.1970;1970
24123;16.01.1970;1970
24124;17.01.1970;1970
24125;18.01.1970;1970
24126;19.01.1970;1970
24127;20.01.1970;1970
24128;21.01.1970;1970
24129;22.01.1970;1970
24130;23.01.1970;1970
24131;24.01.1970;1970
24132;25.01.1970;1970
24133;26.01.1970;1970
24134;27.01.1970;1970
24135;28.01.1970;1970
24136;29.01.1970;1970
24137;30.01.1970;1970
24138;31.01.1970;1970
24139;01.02.1970;1970
24140;02.02.1970;1970
24141;03.02.1970;1970
24142;04.02.1970;1970
24143;05.02.1970;1970
24144;06.02.1970;1970
24145;07.02.1970;1970
24146;08.02.1970;1970
24147;09.02.1970;1970
24148;10.02.1970;1970
24149;11.02.1970;1970
24150;12.02.1970;1970
24151;13.02.1970;1970
24152;14.02.1970;1970
24153;15.02.1970;1970
24154;16.02.1970;1970
24155;17.02.1970;1970
24156;18.02.1970;1970
24157;19.02.1970;1970
24158;20.02.1970;1970
24159;21.02.1970;1970
24160;22.02.1970;1970
24161;23.02.1970;1970
24162;24.02.1970;1970
24163;25.02.1970;1970
24164;26.02.1970;1970
24165;27.02.1970;1970
24166;28.02.1970;1970
24167;01.03.1970;1970
24168;02.03.1970;1970
24169;03.03.1970;1970
24170;04.03.1970;1970
24171;05.03.1970;1970
24172;06.03.1970;1970
24173;07.03.1970;1970
24174;08.03.1970;1970
24175;09.03.1970;1970
24176;10.03.1970;1970
24177;11.03.1970;1970
24178;12.03.1970;1970
24179;13.03.1970;1970
24180;14.03.1970;1970
24181;15.03.1970;1970
24182;16.03.1970;1970
24183;17.03.1970;1970
24184;18.03.1970;1970
24185;19.03.1970;1970
24186;20.03.1970;1970
24187;21.03.1970;1970
24188;22.03.1970;1970
24189;23.03.1970;1970
24190;24.03.1970;1970
24191;25.03.1970;1970
24192;26.03.1970;1970
24193;27.03.1970;1970
24194;28.03.1970;1970
24195;29.03.1970;1970
24196;30.03.1970;1970
24197;31.03.1970;1970
24198;01.04.1970;1970
24199;02.04.1970;1970
24200;03.04.1970;1970
24201;04.04.1970;1970
24202;05.04.1970;1970
24203;06.04.1970;1970
24204;07.04.1970;1970
24205;08.04.1970;1970
24206;09.04.1970;1970
24207;10.04.1970;1970
24208;11.04.1970;1970
24209;12.04.1970;1970
24210;13.04.1970;1970
24211;14.04.1970;1970
24212;15.04.1970;1970
24213;16.04.1970;1970
24214;17.04.1970;1970
24215;18.04.1970;1970
24216;19.04.1970;1970
24217;20.04.1970;1970
24218;21.04.1970;1970
24219;22.04.1970;1970
24220;23.04.1970;1970
24221;24.04.1970;1970
24222;25.04.1970;1970
24223;26.04.1970;1970
24224;27.04.1970;1970
24225;28.04.1970;1970
24226;29.04.1970;1970
24227;30.04.1970;1970
24228;01.05.1970;1970
24229;02.05.1970;1970
24230;03.05.1970;1970
24231;04.05.1970;1970
24232;05.05.1970;1970
24233;06.05.1970;1970
24234;07.05.1970;1970
24235;08.05.1970;1970
24236;09.05.1970;1970
24237;10.05.1970;1970
24238;11.05.1970;1970
24239;12.05.1970;1970
24240;13.05.1970;1970
24241;14.05.1970;1970
24242;15.05.1970;1970
24243;16.05.1970;1970
24244;17.05.1970;1970
24245;18.05.1970;1970
24246;19.05.1970;1970
24247;20.05.1970;1970
24248;21.05.1970;1970
24249;22.05.1970;1970
24250;23.05.1970;1970
24251;24.05.1970;1970
24252;25.05.1970;1970
24253;26.05.1970;1970
24254;27.05.1970;1970
24255;28.05.1970;1970
24256;29.05.1970;1970
24257;30.05.1970;1970
24258;31.05.1970;1970
24259;01.06.1970;1970
24260;02.06.1970;1970
24261;03.06.1970;1970
24262;04.06.1970;1970
24263;05.06.1970;1970
24264;06.06.1970;1970
24265;07.06.1970;1970
24266;08.06.1970;1970
24267;09.06.1970;1970
24268;10.06.1970;1970
24269;11.06.1970;1970
24270;12.06.1970;1970
24271;13.06.1970;1970
24272;14.06.1970;1970
24273;15.06.1970;1970
24274;16.06.1970;1970
24275;17.06.1970;1970
24276;18.06.1970;1970
24277;19.06.1970;1970
24278;20.06.1970;1970
24279;21.06.1970;1970
24280;22.06.1970;1970
24281;23.06.1970;1970
24282;24.06.1970;1970
24283;25.06.1970;1970
24284;26.06.1970;1970
24285;27.06.1970;1970
24286;28.06.1970;1970
24287;29.06.1970;1970
24288;30.06.1970;1970
24289;01.07.1970;1970
24290;02.07.1970;1970
24291;03.07.1970;1970
24292;04.07.1970;1970
24293;05.07.1970;1970
24294;06.07.1970;1970
24295;07.07.1970;1970
24296;08.07.1970;1970
24297;09.07.1970;1970
24298;10.07.1970;1970
24299;11.07.1970;1970
24300;12.07.1970;1970
24301;13.07.1970;1970
24302;14.07.1970;1970
24303;15.07.1970;1970
24304;16.07.1970;1970
24305;17.07.1970;1970
24306;18.07.1970;1970
24307;19.07.1970;1970
24308;20.07.1970;1970
24309;21.07.1970;1970
24310;22.07.1970;1970
24311;23.07.1970;1970
24312;24.07.1970;1970
24313;25.07.1970;1970
24314;26.07.1970;1970
24315;27.07.1970;1970
24316;28.07.1970;1970
24317;29.07.1970;1970
24318;30.07.1970;1970
24319;31.07.1970;1970
24320;01.08.1970;1970
24321;02.08.1970;1970
24322;03.08.1970;1970
24323;04.08.1970;1970
24324;05.08.1970;1970
24325;06.08.1970;1970
24326;07.08.1970;1970
24327;08.08.1970;1970
24328;09.08.1970;1970
24329;10.08.1970;1970
24330;11.08.1970;1970
24331;12.08.1970;1970
24332;13.08.1970;1970
24333;14.08.1970;1970
24334;15.08.1970;1970
24335;16.08.1970;1970
24336;17.08.1970;1970
24337;18.08.1970;1970
24338;19.08.1970;1970
24339;20.08.1970;1970
24340;21.08.1970;1970
24341;22.08.1970;1970
24342;23.08.1970;1970
24343;24.08.1970;1970
24344;25.08.1970;1970
24345;26.08.1970;1970
24346;27.08.1970;1970
24347;28.08.1970;1970
24348;29.08.1970;1970
24349;30.08.1970;1970
24350;31.08.1970;1970
24351;01.09.1970;1970
24352;02.09.1970;1970
24353;03.09.1970;1970
24354;04.09.1970;1970
24355;05.09.1970;1970
24356;06.09.1970;1970
24357;07.09.1970;1970
24358;08.09.1970;1970
24359;09.09.1970;1970
24360;10.09.1970;1970
24361;11.09.1970;1970
24362;12.09.1970;1970
24363;13.09.1970;1970
24364;14.09.1970;1970
24365;15.09.1970;1970
24366;16.09.1970;1970
24367;17.09.1970;1970
24368;18.09.1970;1970
24369;19.09.1970;1970
24370;20.09.1970;1970
24371;21.09.1970;1970
24372;22.09.1970;1970
24373;23.09.1970;1970
24374;24.09.1970;1970
24375;25.09.1970;1970
24376;26.09.1970;1970
24377;27.09.1970;1970
24378;28.09.1970;1970
24379;29.09.1970;1970
24380;30.09.1970;1970
24381;01.10.1970;1970
24382;02.10.1970;1970
24383;03.10.1970;1970
24384;04.10.1970;1970
24385;05.10.1970;1970
24386;06.10.1970;1970
24387;07.10.1970;1970
24388;08.10.1970;1970
24389;09.10.1970;1970
24390;10.10.1970;1970
24391;11.10.1970;1970
24392;12.10.1970;1970
24393;13.10.1970;1970
24394;14.10.1970;1970
24395;15.10.1970;1970
24396;16.10.1970;1970
24397;17.10.1970;1970
24398;18.10.1970;1970
24399;19.10.1970;1970
24400;20.10.1970;1970
24401;21.10.1970;1970
24402;22.10.1970;1970
24403;23.10.1970;1970
24404;24.10.1970;1970
24405;25.10.1970;1970
24406;26.10.1970;1970
24407;27.10.1970;1970
24408;28.10.1970;1970
24409;29.10.1970;1970
24410;30.10.1970;1970
24411;31.10.1970;1970
24412;01.11.1970;1970
24413;02.11.1970;1970
24414;03.11.1970;1970
24415;04.11.1970;1970
24416;05.11.1970;1970
24417;06.11.1970;1970
24418;07.11.1970;1970
24419;08.11.1970;1970
24420;09.11.1970;1970
24421;10.11.1970;1970
24422;11.11.1970;1970
24423;12.11.1970;1970
24424;13.11.1970;1970
24425;14.11.1970;1970
24426;15.11.1970;1970
24427;16.11.1970;1970
24428;17.11.1970;1970
24429;18.11.1970;1970
24430;19.11.1970;1970
24431;20.11.1970;1970
24432;21.11.1970;1970
24433;22.11.1970;1970
24434;23.11.1970;1970
24435;24.11.1970;1970
24436;25.11.1970;1970
24437;26.11.1970;1970
24438;27.11.1970;1970
24439;28.11.1970;1970
24440;29.11.1970;1970
24441;30.11.1970;1970
24442;01.12.1970;1970
24443;02.12.1970;1970
24444;03.12.1970;1970
24445;04.12.1970;1970
24446;05.12.1970;1970
24447;06.12.1970;1970
24448;07.12.1970;1970
24449;08.12.1970;1970
24450;09.12.1970;1970
24451;10.12.1970;1970
24452;11.12.1970;1970
24453;12.12.1970;1970
24454;13.12.1970;1970
24455;14.12.1970;1970
24456;15.12.1970;1970
24457;16.12.1970;1970
24458;17.12.1970;1970
24459;18.12.1970;1970
24460;19.12.1970;1970
24461;20.12.1970;1970
24462;21.12.1970;1970
24463;22.12.1970;1970
24464;23.12.1970;1970
24465;24.12.1970;1970
24466;25.12.1970;1970
24467;26.12.1970;1970
24468;27.12.1970;1970
24469;28.12.1970;1970
24470;29.12.1970;1970
24471;30.12.1970;1970
24472;31.12.1970;1970
24473;01.01.1971;1971
24474;02.01.1971;1971
24475;03.01.1971;1971
24476;04.01.1971;1971
24477;05.01.1971;1971
24478;06.01.1971;1971
24479;07.01.1971;1971
24480;08.01.1971;1971
24481;09.01.1971;1971
24482;10.01.1971;1971
24483;11.01.1971;1971
24484;12.01.1971;1971
24485;13.01.1971;1971
24486;14.01.1971;1971
24487;15.01.1971;1971
24488;16.01.1971;1971
24489;17.01.1971;1971
24490;18.01.1971;1971
24491;19.01.1971;1971
24492;20.01.1971;1971
24493;21.01.1971;1971
24494;22.01.1971;1971
24495;23.01.1971;1971
24496;24.01.1971;1971
24497;25.01.1971;1971
24498;26.01.1971;1971
24499;27.01.1971;1971
24500;28.01.1971;1971
24501;29.01.1971;1971
24502;30.01.1971;1971
24503;31.01.1971;1971
24504;01.02.1971;1971
24505;02.02.1971;1971
24506;03.02.1971;1971
24507;04.02.1971;1971
24508;05.02.1971;1971
24509;06.02.1971;1971
24510;07.02.1971;1971
24511;08.02.1971;1971
24512;09.02.1971;1971
24513;10.02.1971;1971
24514;11.02.1971;1971
24515;12.02.1971;1971
24516;13.02.1971;1971
24517;14.02.1971;1971
24518;15.02.1971;1971
24519;16.02.1971;1971
24520;17.02.1971;1971
24521;18.02.1971;1971
24522;19.02.1971;1971
24523;20.02.1971;1971
24524;21.02.1971;1971
24525;22.02.1971;1971
24526;23.02.1971;1971
24527;24.02.1971;1971
24528;25.02.1971;1971
24529;26.02.1971;1971
24530;27.02.1971;1971
24531;28.02.1971;1971
24532;01.03.1971;1971
24533;02.03.1971;1971
24534;03.03.1971;1971
24535;04.03.1971;1971
24536;05.03.1971;1971
24537;06.03.1971;1971
24538;07.03.1971;1971
24539;08.03.1971;1971
24540;09.03.1971;1971
24541;10.03.1971;1971
24542;11.03.1971;1971
24543;12.03.1971;1971
24544;13.03.1971;1971
24545;14.03.1971;1971
24546;15.03.1971;1971
24547;16.03.1971;1971
24548;17.03.1971;1971
24549;18.03.1971;1971
24550;19.03.1971;1971
24551;20.03.1971;1971
24552;21.03.1971;1971
24553;22.03.1971;1971
24554;23.03.1971;1971
24555;24.03.1971;1971
24556;25.03.1971;1971
24557;26.03.1971;1971
24558;27.03.1971;1971
24559;28.03.1971;1971
24560;29.03.1971;1971
24561;30.03.1971;1971
24562;31.03.1971;1971
24563;01.04.1971;1971
24564;02.04.1971;1971
24565;03.04.1971;1971
24566;04.04.1971;1971
24567;05.04.1971;1971
24568;06.04.1971;1971
24569;07.04.1971;1971
24570;08.04.1971;1971
24571;09.04.1971;1971
24572;10.04.1971;1971
24573;11.04.1971;1971
24574;12.04.1971;1971
24575;13.04.1971;1971
24576;14.04.1971;1971
24577;15.04.1971;1971
24578;16.04.1971;1971
24579;17.04.1971;1971
24580;18.04.1971;1971
24581;19.04.1971;1971
24582;20.04.1971;1971
24583;21.04.1971;1971
24584;22.04.1971;1971
24585;23.04.1971;1971
24586;24.04.1971;1971
24587;25.04.1971;1971
24588;26.04.1971;1971
24589;27.04.1971;1971
24590;28.04.1971;1971
24591;29.04.1971;1971
24592;30.04.1971;1971
24593;01.05.1971;1971
24594;02.05.1971;1971
24595;03.05.1971;1971
24596;04.05.1971;1971
24597;05.05.1971;1971
24598;06.05.1971;1971
24599;07.05.1971;1971
24600;08.05.1971;1971
24601;09.05.1971;1971
24602;10.05.1971;1971
24603;11.05.1971;1971
24604;12.05.1971;1971
24605;13.05.1971;1971
24606;14.05.1971;1971
24607;15.05.1971;1971
24608;16.05.1971;1971
24609;17.05.1971;1971
24610;18.05.1971;1971
24611;19.05.1971;1971
24612;20.05.1971;1971
24613;21.05.1971;1971
24614;22.05.1971;1971
24615;23.05.1971;1971
24616;24.05.1971;1971
24617;25.05.1971;1971
24618;26.05.1971;1971
24619;27.05.1971;1971
24620;28.05.1971;1971
24621;29.05.1971;1971
24622;30.05.1971;1971
24623;31.05.1971;1971
24624;01.06.1971;1971
24625;02.06.1971;1971
24626;03.06.1971;1971
24627;04.06.1971;1971
24628;05.06.1971;1971
24629;06.06.1971;1971
24630;07.06.1971;1971
24631;08.06.1971;1971
24632;09.06.1971;1971
24633;10.06.1971;1971
24634;11.06.1971;1971
24635;12.06.1971;1971
24636;13.06.1971;1971
24637;14.06.1971;1971
24638;15.06.1971;1971
24639;16.06.1971;1971
24640;17.06.1971;1971
24641;18.06.1971;1971
24642;19.06.1971;1971
24643;20.06.1971;1971
24644;21.06.1971;1971
24645;22.06.1971;1971
24646;23.06.1971;1971
24647;24.06.1971;1971
24648;25.06.1971;1971
24649;26.06.1971;1971
24650;27.06.1971;1971
24651;28.06.1971;1971
24652;29.06.1971;1971
24653;30.06.1971;1971
24654;01.07.1971;1971
24655;02.07.1971;1971
24656;03.07.1971;1971
24657;04.07.1971;1971
24658;05.07.1971;1971
24659;06.07.1971;1971
24660;07.07.1971;1971
24661;08.07.1971;1971
24662;09.07.1971;1971
24663;10.07.1971;1971
24664;11.07.1971;1971
24665;12.07.1971;1971
24666;13.07.1971;1971
24667;14.07.1971;1971
24668;15.07.1971;1971
24669;16.07.1971;1971
24670;17.07.1971;1971
24671;18.07.1971;1971
24672;19.07.1971;1971
24673;20.07.1971;1971
24674;21.07.1971;1971
24675;22.07.1971;1971
24676;23.07.1971;1971
24677;24.07.1971;1971
24678;25.07.1971;1971
24679;26.07.1971;1971
24680;27.07.1971;1971
24681;28.07.1971;1971
24682;29.07.1971;1971
24683;30.07.1971;1971
24684;31.07.1971;1971
24685;01.08.1971;1971
24686;02.08.1971;1971
24687;03.08.1971;1971
24688;04.08.1971;1971
24689;05.08.1971;1971
24690;06.08.1971;1971
24691;07.08.1971;1971
24692;08.08.1971;1971
24693;09.08.1971;1971
24694;10.08.1971;1971
24695;11.08.1971;1971
24696;12.08.1971;1971
24697;13.08.1971;1971
24698;14.08.1971;1971
24699;15.08.1971;1971
24700;16.08.1971;1971
24701;17.08.1971;1971
24702;18.08.1971;1971
24703;19.08.1971;1971
24704;20.08.1971;1971
24705;21.08.1971;1971
24706;22.08.1971;1971
24707;23.08.1971;1971
24708;24.08.1971;1971
24709;25.08.1971;1971
24710;26.08.1971;1971
24711;27.08.1971;1971
24712;28.08.1971;1971
24713;29.08.1971;1971
24714;30.08.1971;1971
24715;31.08.1971;1971
24716;01.09.1971;1971
24717;02.09.1971;1971
24718;03.09.1971;1971
24719;04.09.1971;1971
24720;05.09.1971;1971
24721;06.09.1971;1971
24722;07.09.1971;1971
24723;08.09.1971;1971
24724;09.09.1971;1971
24725;10.09.1971;1971
24726;11.09.1971;1971
24727;12.09.1971;1971
24728;13.09.1971;1971
24729;14.09.1971;1971
24730;15.09.1971;1971
24731;16.09.1971;1971
24732;17.09.1971;1971
24733;18.09.1971;1971
24734;19.09.1971;1971
24735;20.09.1971;1971
24736;21.09.1971;1971
24737;22.09.1971;1971
24738;23.09.1971;1971
24739;24.09.1971;1971
24740;25.09.1971;1971
24741;26.09.1971;1971
24742;27.09.1971;1971
24743;28.09.1971;1971
24744;29.09.1971;1971
24745;30.09.1971;1971
24746;01.10.1971;1971
24747;02.10.1971;1971
24748;03.10.1971;1971
24749;04.10.1971;1971
24750;05.10.1971;1971
24751;06.10.1971;1971
24752;07.10.1971;1971
24753;08.10.1971;1971
24754;09.10.1971;1971
24755;10.10.1971;1971
24756;11.10.1971;1971
24757;12.10.1971;1971
24758;13.10.1971;1971
24759;14.10.1971;1971
24760;15.10.1971;1971
24761;16.10.1971;1971
24762;17.10.1971;1971
24763;18.10.1971;1971
24764;19.10.1971;1971
24765;20.10.1971;1971
24766;21.10.1971;1971
24767;22.10.1971;1971
24768;23.10.1971;1971
24769;24.10.1971;1971
24770;25.10.1971;1971
24771;26.10.1971;1971
24772;27.10.1971;1971
24773;28.10.1971;1971
24774;29.10.1971;1971
24775;30.10.1971;1971
24776;31.10.1971;1971
24777;01.11.1971;1971
24778;02.11.1971;1971
24779;03.11.1971;1971
24780;04.11.1971;1971
24781;05.11.1971;1971
24782;06.11.1971;1971
24783;07.11.1971;1971
24784;08.11.1971;1971
24785;09.11.1971;1971
24786;10.11.1971;1971
24787;11.11.1971;1971
24788;12.11.1971;1971
24789;13.11.1971;1971
24790;14.11.1971;1971
24791;15.11.1971;1971
24792;16.11.1971;1971
24793;17.11.1971;1971
24794;18.11.1971;1971
24795;19.11.1971;1971
24796;20.11.1971;1971
24797;21.11.1971;1971
24798;22.11.1971;1971
24799;23.11.1971;1971
24800;24.11.1971;1971
24801;25.11.1971;1971
24802;26.11.1971;1971
24803;27.11.1971;1971
24804;28.11.1971;1971
24805;29.11.1971;1971
24806;30.11.1971;1971
24807;01.12.1971;1971
24808;02.12.1971;1971
24809;03.12.1971;1971
24810;04.12.1971;1971
24811;05.12.1971;1971
24812;06.12.1971;1971
24813;07.12.1971;1971
24814;08.12.1971;1971
24815;09.12.1971;1971
24816;10.12.1971;1971
24817;11.12.1971;1971
24818;12.12.1971;1971
24819;13.12.1971;1971
24820;14.12.1971;1971
24821;15.12.1971;1971
24822;16.12.1971;1971
24823;17.12.1971;1971
24824;18.12.1971;1971
24825;19.12.1971;1971
24826;20.12.1971;1971
24827;21.12.1971;1971
24828;22.12.1971;1971
24829;23.12.1971;1971
24830;24.12.1971;1971
24831;25.12.1971;1971
24832;26.12.1971;1971
24833;27.12.1971;1971
24834;28.12.1971;1971
24835;29.12.1971;1971
24836;30.12.1971;1971
24837;31.12.1971;1971
24838;01.01.1972;1972
24839;02.01.1972;1972
24840;03.01.1972;1972
24841;04.01.1972;1972
24842;05.01.1972;1972
24843;06.01.1972;1972
24844;07.01.1972;1972
24845;08.01.1972;1972
24846;09.01.1972;1972
24847;10.01.1972;1972
24848;11.01.1972;1972
24849;12.01.1972;1972
24850;13.01.1972;1972
24851;14.01.1972;1972
24852;15.01.1972;1972
24853;16.01.1972;1972
24854;17.01.1972;1972
24855;18.01.1972;1972
24856;19.01.1972;1972
24857;20.01.1972;1972
24858;21.01.1972;1972
24859;22.01.1972;1972
24860;23.01.1972;1972
24861;24.01.1972;1972
24862;25.01.1972;1972
24863;26.01.1972;1972
24864;27.01.1972;1972
24865;28.01.1972;1972
24866;29.01.1972;1972
24867;30.01.1972;1972
24868;31.01.1972;1972
24869;01.02.1972;1972
24870;02.02.1972;1972
24871;03.02.1972;1972
24872;04.02.1972;1972
24873;05.02.1972;1972
24874;06.02.1972;1972
24875;07.02.1972;1972
24876;08.02.1972;1972
24877;09.02.1972;1972
24878;10.02.1972;1972
24879;11.02.1972;1972
24880;12.02.1972;1972
24881;13.02.1972;1972
24882;14.02.1972;1972
24883;15.02.1972;1972
24884;16.02.1972;1972
24885;17.02.1972;1972
24886;18.02.1972;1972
24887;19.02.1972;1972
24888;20.02.1972;1972
24889;21.02.1972;1972
24890;22.02.1972;1972
24891;23.02.1972;1972
24892;24.02.1972;1972
24893;25.02.1972;1972
24894;26.02.1972;1972
24895;27.02.1972;1972
24896;28.02.1972;1972
24897;29.02.1972;1972
24898;01.03.1972;1972
24899;02.03.1972;1972
24900;03.03.1972;1972
24901;04.03.1972;1972
24902;05.03.1972;1972
24903;06.03.1972;1972
24904;07.03.1972;1972
24905;08.03.1972;1972
24906;09.03.1972;1972
24907;10.03.1972;1972
24908;11.03.1972;1972
24909;12.03.1972;1972
24910;13.03.1972;1972
24911;14.03.1972;1972
24912;15.03.1972;1972
24913;16.03.1972;1972
24914;17.03.1972;1972
24915;18.03.1972;1972
24916;19.03.1972;1972
24917;20.03.1972;1972
24918;21.03.1972;1972
24919;22.03.1972;1972
24920;23.03.1972;1972
24921;24.03.1972;1972
24922;25.03.1972;1972
24923;26.03.1972;1972
24924;27.03.1972;1972
24925;28.03.1972;1972
24926;29.03.1972;1972
24927;30.03.1972;1972
24928;31.03.1972;1972
24929;01.04.1972;1972
24930;02.04.1972;1972
24931;03.04.1972;1972
24932;04.04.1972;1972
24933;05.04.1972;1972
24934;06.04.1972;1972
24935;07.04.1972;1972
24936;08.04.1972;1972
24937;09.04.1972;1972
24938;10.04.1972;1972
24939;11.04.1972;1972
24940;12.04.1972;1972
24941;13.04.1972;1972
24942;14.04.1972;1972
24943;15.04.1972;1972
24944;16.04.1972;1972
24945;17.04.1972;1972
24946;18.04.1972;1972
24947;19.04.1972;1972
24948;20.04.1972;1972
24949;21.04.1972;1972
24950;22.04.1972;1972
24951;23.04.1972;1972
24952;24.04.1972;1972
24953;25.04.1972;1972
24954;26.04.1972;1972
24955;27.04.1972;1972
24956;28.04.1972;1972
24957;29.04.1972;1972
24958;30.04.1972;1972
24959;01.05.1972;1972
24960;02.05.1972;1972
24961;03.05.1972;1972
24962;04.05.1972;1972
24963;05.05.1972;1972
24964;06.05.1972;1972
24965;07.05.1972;1972
24966;08.05.1972;1972
24967;09.05.1972;1972
24968;10.05.1972;1972
24969;11.05.1972;1972
24970;12.05.1972;1972
24971;13.05.1972;1972
24972;14.05.1972;1972
24973;15.05.1972;1972
24974;16.05.1972;1972
24975;17.05.1972;1972
24976;18.05.1972;1972
24977;19.05.1972;1972
24978;20.05.1972;1972
24979;21.05.1972;1972
24980;22.05.1972;1972
24981;23.05.1972;1972
24982;24.05.1972;1972
24983;25.05.1972;1972
24984;26.05.1972;1972
24985;27.05.1972;1972
24986;28.05.1972;1972
24987;29.05.1972;1972
24988;30.05.1972;1972
24989;31.05.1972;1972
24990;01.06.1972;1972
24991;02.06.1972;1972
24992;03.06.1972;1972
24993;04.06.1972;1972
24994;05.06.1972;1972
24995;06.06.1972;1972
24996;07.06.1972;1972
24997;08.06.1972;1972
24998;09.06.1972;1972
24999;10.06.1972;1972
25000;11.06.1972;1972
25001;12.06.1972;1972
25002;13.06.1972;1972
25003;14.06.1972;1972
25004;15.06.1972;1972
25005;16.06.1972;1972
25006;17.06.1972;1972
25007;18.06.1972;1972
25008;19.06.1972;1972
25009;20.06.1972;1972
25010;21.06.1972;1972
25011;22.06.1972;1972
25012;23.06.1972;1972
25013;24.06.1972;1972
25014;25.06.1972;1972
25015;26.06.1972;1972
25016;27.06.1972;1972
25017;28.06.1972;1972
25018;29.06.1972;1972
25019;30.06.1972;1972
25020;01.07.1972;1972
25021;02.07.1972;1972
25022;03.07.1972;1972
25023;04.07.1972;1972
25024;05.07.1972;1972
25025;06.07.1972;1972
25026;07.07.1972;1972
25027;08.07.1972;1972
25028;09.07.1972;1972
25029;10.07.1972;1972
25030;11.07.1972;1972
25031;12.07.1972;1972
25032;13.07.1972;1972
25033;14.07.1972;1972
25034;15.07.1972;1972
25035;16.07.1972;1972
25036;17.07.1972;1972
25037;18.07.1972;1972
25038;19.07.1972;1972
25039;20.07.1972;1972
25040;21.07.1972;1972
25041;22.07.1972;1972
25042;23.07.1972;1972
25043;24.07.1972;1972
25044;25.07.1972;1972
25045;26.07.1972;1972
25046;27.07.1972;1972
25047;28.07.1972;1972
25048;29.07.1972;1972
25049;30.07.1972;1972
25050;31.07.1972;1972
25051;01.08.1972;1972
25052;02.08.1972;1972
25053;03.08.1972;1972
25054;04.08.1972;1972
25055;05.08.1972;1972
25056;06.08.1972;1972
25057;07.08.1972;1972
25058;08.08.1972;1972
25059;09.08.1972;1972
25060;10.08.1972;1972
25061;11.08.1972;1972
25062;12.08.1972;1972
25063;13.08.1972;1972
25064;14.08.1972;1972
25065;15.08.1972;1972
25066;16.08.1972;1972
25067;17.08.1972;1972
25068;18.08.1972;1972
25069;19.08.1972;1972
25070;20.08.1972;1972
25071;21.08.1972;1972
25072;22.08.1972;1972
25073;23.08.1972;1972
25074;24.08.1972;1972
25075;25.08.1972;1972
25076;26.08.1972;1972
25077;27.08.1972;1972
25078;28.08.1972;1972
25079;29.08.1972;1972
25080;30.08.1972;1972
25081;31.08.1972;1972
25082;01.09.1972;1972
25083;02.09.1972;1972
25084;03.09.1972;1972
25085;04.09.1972;1972
25086;05.09.1972;1972
25087;06.09.1972;1972
25088;07.09.1972;1972
25089;08.09.1972;1972
25090;09.09.1972;1972
25091;10.09.1972;1972
25092;11.09.1972;1972
25093;12.09.1972;1972
25094;13.09.1972;1972
25095;14.09.1972;1972
25096;15.09.1972;1972
25097;16.09.1972;1972
25098;17.09.1972;1972
25099;18.09.1972;1972
25100;19.09.1972;1972
25101;20.09.1972;1972
25102;21.09.1972;1972
25103;22.09.1972;1972
25104;23.09.1972;1972
25105;24.09.1972;1972
25106;25.09.1972;1972
25107;26.09.1972;1972
25108;27.09.1972;1972
25109;28.09.1972;1972
25110;29.09.1972;1972
25111;30.09.1972;1972
25112;01.10.1972;1972
25113;02.10.1972;1972
25114;03.10.1972;1972
25115;04.10.1972;1972
25116;05.10.1972;1972
25117;06.10.1972;1972
25118;07.10.1972;1972
25119;08.10.1972;1972
25120;09.10.1972;1972
25121;10.10.1972;1972
25122;11.10.1972;1972
25123;12.10.1972;1972
25124;13.10.1972;1972
25125;14.10.1972;1972
25126;15.10.1972;1972
25127;16.10.1972;1972
25128;17.10.1972;1972
25129;18.10.1972;1972
25130;19.10.1972;1972
25131;20.10.1972;1972
25132;21.10.1972;1972
25133;22.10.1972;1972
25134;23.10.1972;1972
25135;24.10.1972;1972
25136;25.10.1972;1972
25137;26.10.1972;1972
25138;27.10.1972;1972
25139;28.10.1972;1972
25140;29.10.1972;1972
25141;30.10.1972;1972
25142;31.10.1972;1972
25143;01.11.1972;1972
25144;02.11.1972;1972
25145;03.11.1972;1972
25146;04.11.1972;1972
25147;05.11.1972;1972
25148;06.11.1972;1972
25149;07.11.1972;1972
25150;08.11.1972;1972
25151;09.11.1972;1972
25152;10.11.1972;1972
25153;11.11.1972;1972
25154;12.11.1972;1972
25155;13.11.1972;1972
25156;14.11.1972;1972
25157;15.11.1972;1972
25158;16.11.1972;1972
25159;17.11.1972;1972
25160;18.11.1972;1972
25161;19.11.1972;1972
25162;20.11.1972;1972
25163;21.11.1972;1972
25164;22.11.1972;1972
25165;23.11.1972;1972
25166;24.11.1972;1972
25167;25.11.1972;1972
25168;26.11.1972;1972
25169;27.11.1972;1972
25170;28.11.1972;1972
25171;29.11.1972;1972
25172;30.11.1972;1972
25173;01.12.1972;1972
25174;02.12.1972;1972
25175;03.12.1972;1972
25176;04.12.1972;1972
25177;05.12.1972;1972
25178;06.12.1972;1972
25179;07.12.1972;1972
25180;08.12.1972;1972
25181;09.12.1972;1972
25182;10.12.1972;1972
25183;11.12.1972;1972
25184;12.12.1972;1972
25185;13.12.1972;1972
25186;14.12.1972;1972
25187;15.12.1972;1972
25188;16.12.1972;1972
25189;17.12.1972;1972
25190;18.12.1972;1972
25191;19.12.1972;1972
25192;20.12.1972;1972
25193;21.12.1972;1972
25194;22.12.1972;1972
25195;23.12.1972;1972
25196;24.12.1972;1972
25197;25.12.1972;1972
25198;26.12.1972;1972
25199;27.12.1972;1972
25200;28.12.1972;1972
25201;29.12.1972;1972
25202;30.12.1972;1972
25203;31.12.1972;1972
25204;01.01.1973;1973
25205;02.01.1973;1973
25206;03.01.1973;1973
25207;04.01.1973;1973
25208;05.01.1973;1973
25209;06.01.1973;1973
25210;07.01.1973;1973
25211;08.01.1973;1973
25212;09.01.1973;1973
25213;10.01.1973;1973
25214;11.01.1973;1973
25215;12.01.1973;1973
25216;13.01.1973;1973
25217;14.01.1973;1973
25218;15.01.1973;1973
25219;16.01.1973;1973
25220;17.01.1973;1973
25221;18.01.1973;1973
25222;19.01.1973;1973
25223;20.01.1973;1973
25224;21.01.1973;1973
25225;22.01.1973;1973
25226;23.01.1973;1973
25227;24.01.1973;1973
25228;25.01.1973;1973
25229;26.01.1973;1973
25230;27.01.1973;1973
25231;28.01.1973;1973
25232;29.01.1973;1973
25233;30.01.1973;1973
25234;31.01.1973;1973
25235;01.02.1973;1973
25236;02.02.1973;1973
25237;03.02.1973;1973
25238;04.02.1973;1973
25239;05.02.1973;1973
25240;06.02.1973;1973
25241;07.02.1973;1973
25242;08.02.1973;1973
25243;09.02.1973;1973
25244;10.02.1973;1973
25245;11.02.1973;1973
25246;12.02.1973;1973
25247;13.02.1973;1973
25248;14.02.1973;1973
25249;15.02.1973;1973
25250;16.02.1973;1973
25251;17.02.1973;1973
25252;18.02.1973;1973
25253;19.02.1973;1973
25254;20.02.1973;1973
25255;21.02.1973;1973
25256;22.02.1973;1973
25257;23.02.1973;1973
25258;24.02.1973;1973
25259;25.02.1973;1973
25260;26.02.1973;1973
25261;27.02.1973;1973
25262;28.02.1973;1973
25263;01.03.1973;1973
25264;02.03.1973;1973
25265;03.03.1973;1973
25266;04.03.1973;1973
25267;05.03.1973;1973
25268;06.03.1973;1973
25269;07.03.1973;1973
25270;08.03.1973;1973
25271;09.03.1973;1973
25272;10.03.1973;1973
25273;11.03.1973;1973
25274;12.03.1973;1973
25275;13.03.1973;1973
25276;14.03.1973;1973
25277;15.03.1973;1973
25278;16.03.1973;1973
25279;17.03.1973;1973
25280;18.03.1973;1973
25281;19.03.1973;1973
25282;20.03.1973;1973
25283;21.03.1973;1973
25284;22.03.1973;1973
25285;23.03.1973;1973
25286;24.03.1973;1973
25287;25.03.1973;1973
25288;26.03.1973;1973
25289;27.03.1973;1973
25290;28.03.1973;1973
25291;29.03.1973;1973
25292;30.03.1973;1973
25293;31.03.1973;1973
25294;01.04.1973;1973
25295;02.04.1973;1973
25296;03.04.1973;1973
25297;04.04.1973;1973
25298;05.04.1973;1973
25299;06.04.1973;1973
25300;07.04.1973;1973
25301;08.04.1973;1973
25302;09.04.1973;1973
25303;10.04.1973;1973
25304;11.04.1973;1973
25305;12.04.1973;1973
25306;13.04.1973;1973
25307;14.04.1973;1973
25308;15.04.1973;1973
25309;16.04.1973;1973
25310;17.04.1973;1973
25311;18.04.1973;1973
25312;19.04.1973;1973
25313;20.04.1973;1973
25314;21.04.1973;1973
25315;22.04.1973;1973
25316;23.04.1973;1973
25317;24.04.1973;1973
25318;25.04.1973;1973
25319;26.04.1973;1973
25320;27.04.1973;1973
25321;28.04.1973;1973
25322;29.04.1973;1973
25323;30.04.1973;1973
25324;01.05.1973;1973
25325;02.05.1973;1973
25326;03.05.1973;1973
25327;04.05.1973;1973
25328;05.05.1973;1973
25329;06.05.1973;1973
25330;07.05.1973;1973
25331;08.05.1973;1973
25332;09.05.1973;1973
25333;10.05.1973;1973
25334;11.05.1973;1973
25335;12.05.1973;1973
25336;13.05.1973;1973
25337;14.05.1973;1973
25338;15.05.1973;1973
25339;16.05.1973;1973
25340;17.05.1973;1973
25341;18.05.1973;1973
25342;19.05.1973;1973
25343;20.05.1973;1973
25344;21.05.1973;1973
25345;22.05.1973;1973
25346;23.05.1973;1973
25347;24.05.1973;1973
25348;25.05.1973;1973
25349;26.05.1973;1973
25350;27.05.1973;1973
25351;28.05.1973;1973
25352;29.05.1973;1973
25353;30.05.1973;1973
25354;31.05.1973;1973
25355;01.06.1973;1973
25356;02.06.1973;1973
25357;03.06.1973;1973
25358;04.06.1973;1973
25359;05.06.1973;1973
25360;06.06.1973;1973
25361;07.06.1973;1973
25362;08.06.1973;1973
25363;09.06.1973;1973
25364;10.06.1973;1973
25365;11.06.1973;1973
25366;12.06.1973;1973
25367;13.06.1973;1973
25368;14.06.1973;1973
25369;15.06.1973;1973
25370;16.06.1973;1973
25371;17.06.1973;1973
25372;18.06.1973;1973
25373;19.06.1973;1973
25374;20.06.1973;1973
25375;21.06.1973;1973
25376;22.06.1973;1973
25377;23.06.1973;1973
25378;24.06.1973;1973
25379;25.06.1973;1973
25380;26.06.1973;1973
25381;27.06.1973;1973
25382;28.06.1973;1973
25383;29.06.1973;1973
25384;30.06.1973;1973
25385;01.07.1973;1973
25386;02.07.1973;1973
25387;03.07.1973;1973
25388;04.07.1973;1973
25389;05.07.1973;1973
25390;06.07.1973;1973
25391;07.07.1973;1973
25392;08.07.1973;1973
25393;09.07.1973;1973
25394;10.07.1973;1973
25395;11.07.1973;1973
25396;12.07.1973;1973
25397;13.07.1973;1973
25398;14.07.1973;1973
25399;15.07.1973;1973
25400;16.07.1973;1973
25401;17.07.1973;1973
25402;18.07.1973;1973
25403;19.07.1973;1973
25404;20.07.1973;1973
25405;21.07.1973;1973
25406;22.07.1973;1973
25407;23.07.1973;1973
25408;24.07.1973;1973
25409;25.07.1973;1973
25410;26.07.1973;1973
25411;27.07.1973;1973
25412;28.07.1973;1973
25413;29.07.1973;1973
25414;30.07.1973;1973
25415;31.07.1973;1973
25416;01.08.1973;1973
25417;02.08.1973;1973
25418;03.08.1973;1973
25419;04.08.1973;1973
25420;05.08.1973;1973
25421;06.08.1973;1973
25422;07.08.1973;1973
25423;08.08.1973;1973
25424;09.08.1973;1973
25425;10.08.1973;1973
25426;11.08.1973;1973
25427;12.08.1973;1973
25428;13.08.1973;1973
25429;14.08.1973;1973
25430;15.08.1973;1973
25431;16.08.1973;1973
25432;17.08.1973;1973
25433;18.08.1973;1973
25434;19.08.1973;1973
25435;20.08.1973;1973
25436;21.08.1973;1973
25437;22.08.1973;1973
25438;23.08.1973;1973
25439;24.08.1973;1973
25440;25.08.1973;1973
25441;26.08.1973;1973
25442;27.08.1973;1973
25443;28.08.1973;1973
25444;29.08.1973;1973
25445;30.08.1973;1973
25446;31.08.1973;1973
25447;01.09.1973;1973
25448;02.09.1973;1973
25449;03.09.1973;1973
25450;04.09.1973;1973
25451;05.09.1973;1973
25452;06.09.1973;1973
25453;07.09.1973;1973
25454;08.09.1973;1973
25455;09.09.1973;1973
25456;10.09.1973;1973
25457;11.09.1973;1973
25458;12.09.1973;1973
25459;13.09.1973;1973
25460;14.09.1973;1973
25461;15.09.1973;1973
25462;16.09.1973;1973
25463;17.09.1973;1973
25464;18.09.1973;1973
25465;19.09.1973;1973
25466;20.09.1973;1973
25467;21.09.1973;1973
25468;22.09.1973;1973
25469;23.09.1973;1973
25470;24.09.1973;1973
25471;25.09.1973;1973
25472;26.09.1973;1973
25473;27.09.1973;1973
25474;28.09.1973;1973
25475;29.09.1973;1973
25476;30.09.1973;1973
25477;01.10.1973;1973
25478;02.10.1973;1973
25479;03.10.1973;1973
25480;04.10.1973;1973
25481;05.10.1973;1973
25482;06.10.1973;1973
25483;07.10.1973;1973
25484;08.10.1973;1973
25485;09.10.1973;1973
25486;10.10.1973;1973
25487;11.10.1973;1973
25488;12.10.1973;1973
25489;13.10.1973;1973
25490;14.10.1973;1973
25491;15.10.1973;1973
25492;16.10.1973;1973
25493;17.10.1973;1973
25494;18.10.1973;1973
25495;19.10.1973;1973
25496;20.10.1973;1973
25497;21.10.1973;1973
25498;22.10.1973;1973
25499;23.10.1973;1973
25500;24.10.1973;1973
25501;25.10.1973;1973
25502;26.10.1973;1973
25503;27.10.1973;1973
25504;28.10.1973;1973
25505;29.10.1973;1973
25506;30.10.1973;1973
25507;31.10.1973;1973
25508;01.11.1973;1973
25509;02.11.1973;1973
25510;03.11.1973;1973
25511;04.11.1973;1973
25512;05.11.1973;1973
25513;06.11.1973;1973
25514;07.11.1973;1973
25515;08.11.1973;1973
25516;09.11.1973;1973
25517;10.11.1973;1973
25518;11.11.1973;1973
25519;12.11.1973;1973
25520;13.11.1973;1973
25521;14.11.1973;1973
25522;15.11.1973;1973
25523;16.11.1973;1973
25524;17.11.1973;1973
25525;18.11.1973;1973
25526;19.11.1973;1973
25527;20.11.1973;1973
25528;21.11.1973;1973
25529;22.11.1973;1973
25530;23.11.1973;1973
25531;24.11.1973;1973
25532;25.11.1973;1973
25533;26.11.1973;1973
25534;27.11.1973;1973
25535;28.11.1973;1973
25536;29.11.1973;1973
25537;30.11.1973;1973
25538;01.12.1973;1973
25539;02.12.1973;1973
25540;03.12.1973;1973
25541;04.12.1973;1973
25542;05.12.1973;1973
25543;06.12.1973;1973
25544;07.12.1973;1973
25545;08.12.1973;1973
25546;09.12.1973;1973
25547;10.12.1973;1973
25548;11.12.1973;1973
25549;12.12.1973;1973
25550;13.12.1973;1973
25551;14.12.1973;1973
25552;15.12.1973;1973
25553;16.12.1973;1973
25554;17.12.1973;1973
25555;18.12.1973;1973
25556;19.12.1973;1973
25557;20.12.1973;1973
25558;21.12.1973;1973
25559;22.12.1973;1973
25560;23.12.1973;1973
25561;24.12.1973;1973
25562;25.12.1973;1973
25563;26.12.1973;1973
25564;27.12.1973;1973
25565;28.12.1973;1973
25566;29.12.1973;1973
25567;30.12.1973;1973
25568;31.12.1973;1973
25569;01.01.1974;1974
25570;02.01.1974;1974
25571;03.01.1974;1974
25572;04.01.1974;1974
25573;05.01.1974;1974
25574;06.01.1974;1974
25575;07.01.1974;1974
25576;08.01.1974;1974
25577;09.01.1974;1974
25578;10.01.1974;1974
25579;11.01.1974;1974
25580;12.01.1974;1974
25581;13.01.1974;1974
25582;14.01.1974;1974
25583;15.01.1974;1974
25584;16.01.1974;1974
25585;17.01.1974;1974
25586;18.01.1974;1974
25587;19.01.1974;1974
25588;20.01.1974;1974
25589;21.01.1974;1974
25590;22.01.1974;1974
25591;23.01.1974;1974
25592;24.01.1974;1974
25593;25.01.1974;1974
25594;26.01.1974;1974
25595;27.01.1974;1974
25596;28.01.1974;1974
25597;29.01.1974;1974
25598;30.01.1974;1974
25599;31.01.1974;1974
25600;01.02.1974;1974
25601;02.02.1974;1974
25602;03.02.1974;1974
25603;04.02.1974;1974
25604;05.02.1974;1974
25605;06.02.1974;1974
25606;07.02.1974;1974
25607;08.02.1974;1974
25608;09.02.1974;1974
25609;10.02.1974;1974
25610;11.02.1974;1974
25611;12.02.1974;1974
25612;13.02.1974;1974
25613;14.02.1974;1974
25614;15.02.1974;1974
25615;16.02.1974;1974
25616;17.02.1974;1974
25617;18.02.1974;1974
25618;19.02.1974;1974
25619;20.02.1974;1974
25620;21.02.1974;1974
25621;22.02.1974;1974
25622;23.02.1974;1974
25623;24.02.1974;1974
25624;25.02.1974;1974
25625;26.02.1974;1974
25626;27.02.1974;1974
25627;28.02.1974;1974
25628;01.03.1974;1974
25629;02.03.1974;1974
25630;03.03.1974;1974
25631;04.03.1974;1974
25632;05.03.1974;1974
25633;06.03.1974;1974
25634;07.03.1974;1974
25635;08.03.1974;1974
25636;09.03.1974;1974
25637;10.03.1974;1974
25638;11.03.1974;1974
25639;12.03.1974;1974
25640;13.03.1974;1974
25641;14.03.1974;1974
25642;15.03.1974;1974
25643;16.03.1974;1974
25644;17.03.1974;1974
25645;18.03.1974;1974
25646;19.03.1974;1974
25647;20.03.1974;1974
25648;21.03.1974;1974
25649;22.03.1974;1974
25650;23.03.1974;1974
25651;24.03.1974;1974
25652;25.03.1974;1974
25653;26.03.1974;1974
25654;27.03.1974;1974
25655;28.03.1974;1974
25656;29.03.1974;1974
25657;30.03.1974;1974
25658;31.03.1974;1974
25659;01.04.1974;1974
25660;02.04.1974;1974
25661;03.04.1974;1974
25662;04.04.1974;1974
25663;05.04.1974;1974
25664;06.04.1974;1974
25665;07.04.1974;1974
25666;08.04.1974;1974
25667;09.04.1974;1974
25668;10.04.1974;1974
25669;11.04.1974;1974
25670;12.04.1974;1974
25671;13.04.1974;1974
25672;14.04.1974;1974
25673;15.04.1974;1974
25674;16.04.1974;1974
25675;17.04.1974;1974
25676;18.04.1974;1974
25677;19.04.1974;1974
25678;20.04.1974;1974
25679;21.04.1974;1974
25680;22.04.1974;1974
25681;23.04.1974;1974
25682;24.04.1974;1974
25683;25.04.1974;1974
25684;26.04.1974;1974
25685;27.04.1974;1974
25686;28.04.1974;1974
25687;29.04.1974;1974
25688;30.04.1974;1974
25689;01.05.1974;1974
25690;02.05.1974;1974
25691;03.05.1974;1974
25692;04.05.1974;1974
25693;05.05.1974;1974
25694;06.05.1974;1974
25695;07.05.1974;1974
25696;08.05.1974;1974
25697;09.05.1974;1974
25698;10.05.1974;1974
25699;11.05.1974;1974
25700;12.05.1974;1974
25701;13.05.1974;1974
25702;14.05.1974;1974
25703;15.05.1974;1974
25704;16.05.1974;1974
25705;17.05.1974;1974
25706;18.05.1974;1974
25707;19.05.1974;1974
25708;20.05.1974;1974
25709;21.05.1974;1974
25710;22.05.1974;1974
25711;23.05.1974;1974
25712;24.05.1974;1974
25713;25.05.1974;1974
25714;26.05.1974;1974
25715;27.05.1974;1974
25716;28.05.1974;1974
25717;29.05.1974;1974
25718;30.05.1974;1974
25719;31.05.1974;1974
25720;01.06.1974;1974
25721;02.06.1974;1974
25722;03.06.1974;1974
25723;04.06.1974;1974
25724;05.06.1974;1974
25725;06.06.1974;1974
25726;07.06.1974;1974
25727;08.06.1974;1974
25728;09.06.1974;1974
25729;10.06.1974;1974
25730;11.06.1974;1974
25731;12.06.1974;1974
25732;13.06.1974;1974
25733;14.06.1974;1974
25734;15.06.1974;1974
25735;16.06.1974;1974
25736;17.06.1974;1974
25737;18.06.1974;1974
25738;19.06.1974;1974
25739;20.06.1974;1974
25740;21.06.1974;1974
25741;22.06.1974;1974
25742;23.06.1974;1974
25743;24.06.1974;1974
25744;25.06.1974;1974
25745;26.06.1974;1974
25746;27.06.1974;1974
25747;28.06.1974;1974
25748;29.06.1974;1974
25749;30.06.1974;1974
25750;01.07.1974;1974
25751;02.07.1974;1974
25752;03.07.1974;1974
25753;04.07.1974;1974
25754;05.07.1974;1974
25755;06.07.1974;1974
25756;07.07.1974;1974
25757;08.07.1974;1974
25758;09.07.1974;1974
25759;10.07.1974;1974
25760;11.07.1974;1974
25761;12.07.1974;1974
25762;13.07.1974;1974
25763;14.07.1974;1974
25764;15.07.1974;1974
25765;16.07.1974;1974
25766;17.07.1974;1974
25767;18.07.1974;1974
25768;19.07.1974;1974
25769;20.07.1974;1974
25770;21.07.1974;1974
25771;22.07.1974;1974
25772;23.07.1974;1974
25773;24.07.1974;1974
25774;25.07.1974;1974
25775;26.07.1974;1974
25776;27.07.1974;1974
25777;28.07.1974;1974
25778;29.07.1974;1974
25779;30.07.1974;1974
25780;31.07.1974;1974
25781;01.08.1974;1974
25782;02.08.1974;1974
25783;03.08.1974;1974
25784;04.08.1974;1974
25785;05.08.1974;1974
25786;06.08.1974;1974
25787;07.08.1974;1974
25788;08.08.1974;1974
25789;09.08.1974;1974
25790;10.08.1974;1974
25791;11.08.1974;1974
25792;12.08.1974;1974
25793;13.08.1974;1974
25794;14.08.1974;1974
25795;15.08.1974;1974
25796;16.08.1974;1974
25797;17.08.1974;1974
25798;18.08.1974;1974
25799;19.08.1974;1974
25800;20.08.1974;1974
25801;21.08.1974;1974
25802;22.08.1974;1974
25803;23.08.1974;1974
25804;24.08.1974;1974
25805;25.08.1974;1974
25806;26.08.1974;1974
25807;27.08.1974;1974
25808;28.08.1974;1974
25809;29.08.1974;1974
25810;30.08.1974;1974
25811;31.08.1974;1974
25812;01.09.1974;1974
25813;02.09.1974;1974
25814;03.09.1974;1974
25815;04.09.1974;1974
25816;05.09.1974;1974
25817;06.09.1974;1974
25818;07.09.1974;1974
25819;08.09.1974;1974
25820;09.09.1974;1974
25821;10.09.1974;1974
25822;11.09.1974;1974
25823;12.09.1974;1974
25824;13.09.1974;1974
25825;14.09.1974;1974
25826;15.09.1974;1974
25827;16.09.1974;1974
25828;17.09.1974;1974
25829;18.09.1974;1974
25830;19.09.1974;1974
25831;20.09.1974;1974
25832;21.09.1974;1974
25833;22.09.1974;1974
25834;23.09.1974;1974
25835;24.09.1974;1974
25836;25.09.1974;1974
25837;26.09.1974;1974
25838;27.09.1974;1974
25839;28.09.1974;1974
25840;29.09.1974;1974
25841;30.09.1974;1974
25842;01.10.1974;1974
25843;02.10.1974;1974
25844;03.10.1974;1974
25845;04.10.1974;1974
25846;05.10.1974;1974
25847;06.10.1974;1974
25848;07.10.1974;1974
25849;08.10.1974;1974
25850;09.10.1974;1974
25851;10.10.1974;1974
25852;11.10.1974;1974
25853;12.10.1974;1974
25854;13.10.1974;1974
25855;14.10.1974;1974
25856;15.10.1974;1974
25857;16.10.1974;1974
25858;17.10.1974;1974
25859;18.10.1974;1974
25860;19.10.1974;1974
25861;20.10.1974;1974
25862;21.10.1974;1974
25863;22.10.1974;1974
25864;23.10.1974;1974
25865;24.10.1974;1974
25866;25.10.1974;1974
25867;26.10.1974;1974
25868;27.10.1974;1974
25869;28.10.1974;1974
25870;29.10.1974;1974
25871;30.10.1974;1974
25872;31.10.1974;1974
25873;01.11.1974;1974
25874;02.11.1974;1974
25875;03.11.1974;1974
25876;04.11.1974;1974
25877;05.11.1974;1974
25878;06.11.1974;1974
25879;07.11.1974;1974
25880;08.11.1974;1974
25881;09.11.1974;1974
25882;10.11.1974;1974
25883;11.11.1974;1974
25884;12.11.1974;1974
25885;13.11.1974;1974
25886;14.11.1974;1974
25887;15.11.1974;1974
25888;16.11.1974;1974
25889;17.11.1974;1974
25890;18.11.1974;1974
25891;19.11.1974;1974
25892;20.11.1974;1974
25893;21.11.1974;1974
25894;22.11.1974;1974
25895;23.11.1974;1974
25896;24.11.1974;1974
25897;25.11.1974;1974
25898;26.11.1974;1974
25899;27.11.1974;1974
25900;28.11.1974;1974
25901;29.11.1974;1974
25902;30.11.1974;1974
25903;01.12.1974;1974
25904;02.12.1974;1974
25905;03.12.1974;1974
25906;04.12.1974;1974
25907;05.12.1974;1974
25908;06.12.1974;1974
25909;07.12.1974;1974
25910;08.12.1974;1974
25911;09.12.1974;1974
25912;10.12.1974;1974
25913;11.12.1974;1974
25914;12.12.1974;1974
25915;13.12.1974;1974
25916;14.12.1974;1974
25917;15.12.1974;1974
25918;16.12.1974;1974
25919;17.12.1974;1974
25920;18.12.1974;1974
25921;19.12.1974;1974
25922;20.12.1974;1974
25923;21.12.1974;1974
25924;22.12.1974;1974
25925;23.12.1974;1974
25926;24.12.1974;1974
25927;25.12.1974;1974
25928;26.12.1974;1974
25929;27.12.1974;1974
25930;28.12.1974;1974
25931;29.12.1974;1974
25932;30.12.1974;1974
25933;31.12.1974;1974
25934;01.01.1975;1975
25935;02.01.1975;1975
25936;03.01.1975;1975
25937;04.01.1975;1975
25938;05.01.1975;1975
25939;06.01.1975;1975
25940;07.01.1975;1975
25941;08.01.1975;1975
25942;09.01.1975;1975
25943;10.01.1975;1975
25944;11.01.1975;1975
25945;12.01.1975;1975
25946;13.01.1975;1975
25947;14.01.1975;1975
25948;15.01.1975;1975
25949;16.01.1975;1975
25950;17.01.1975;1975
25951;18.01.1975;1975
25952;19.01.1975;1975
25953;20.01.1975;1975
25954;21.01.1975;1975
25955;22.01.1975;1975
25956;23.01.1975;1975
25957;24.01.1975;1975
25958;25.01.1975;1975
25959;26.01.1975;1975
25960;27.01.1975;1975
25961;28.01.1975;1975
25962;29.01.1975;1975
25963;30.01.1975;1975
25964;31.01.1975;1975
25965;01.02.1975;1975
25966;02.02.1975;1975
25967;03.02.1975;1975
25968;04.02.1975;1975
25969;05.02.1975;1975
25970;06.02.1975;1975
25971;07.02.1975;1975
25972;08.02.1975;1975
25973;09.02.1975;1975
25974;10.02.1975;1975
25975;11.02.1975;1975
25976;12.02.1975;1975
25977;13.02.1975;1975
25978;14.02.1975;1975
25979;15.02.1975;1975
25980;16.02.1975;1975
25981;17.02.1975;1975
25982;18.02.1975;1975
25983;19.02.1975;1975
25984;20.02.1975;1975
25985;21.02.1975;1975
25986;22.02.1975;1975
25987;23.02.1975;1975
25988;24.02.1975;1975
25989;25.02.1975;1975
25990;26.02.1975;1975
25991;27.02.1975;1975
25992;28.02.1975;1975
25993;01.03.1975;1975
25994;02.03.1975;1975
25995;03.03.1975;1975
25996;04.03.1975;1975
25997;05.03.1975;1975
25998;06.03.1975;1975
25999;07.03.1975;1975
26000;08.03.1975;1975
26001;09.03.1975;1975
26002;10.03.1975;1975
26003;11.03.1975;1975
26004;12.03.1975;1975
26005;13.03.1975;1975
26006;14.03.1975;1975
26007;15.03.1975;1975
26008;16.03.1975;1975
26009;17.03.1975;1975
26010;18.03.1975;1975
26011;19.03.1975;1975
26012;20.03.1975;1975
26013;21.03.1975;1975
26014;22.03.1975;1975
26015;23.03.1975;1975
26016;24.03.1975;1975
26017;25.03.1975;1975
26018;26.03.1975;1975
26019;27.03.1975;1975
26020;28.03.1975;1975
26021;29.03.1975;1975
26022;30.03.1975;1975
26023;31.03.1975;1975
26024;01.04.1975;1975
26025;02.04.1975;1975
26026;03.04.1975;1975
26027;04.04.1975;1975
26028;05.04.1975;1975
26029;06.04.1975;1975
26030;07.04.1975;1975
26031;08.04.1975;1975
26032;09.04.1975;1975
26033;10.04.1975;1975
26034;11.04.1975;1975
26035;12.04.1975;1975
26036;13.04.1975;1975
26037;14.04.1975;1975
26038;15.04.1975;1975
26039;16.04.1975;1975
26040;17.04.1975;1975
26041;18.04.1975;1975
26042;19.04.1975;1975
26043;20.04.1975;1975
26044;21.04.1975;1975
26045;22.04.1975;1975
26046;23.04.1975;1975
26047;24.04.1975;1975
26048;25.04.1975;1975
26049;26.04.1975;1975
26050;27.04.1975;1975
26051;28.04.1975;1975
26052;29.04.1975;1975
26053;30.04.1975;1975
26054;01.05.1975;1975
26055;02.05.1975;1975
26056;03.05.1975;1975
26057;04.05.1975;1975
26058;05.05.1975;1975
26059;06.05.1975;1975
26060;07.05.1975;1975
26061;08.05.1975;1975
26062;09.05.1975;1975
26063;10.05.1975;1975
26064;11.05.1975;1975
26065;12.05.1975;1975
26066;13.05.1975;1975
26067;14.05.1975;1975
26068;15.05.1975;1975
26069;16.05.1975;1975
26070;17.05.1975;1975
26071;18.05.1975;1975
26072;19.05.1975;1975
26073;20.05.1975;1975
26074;21.05.1975;1975
26075;22.05.1975;1975
26076;23.05.1975;1975
26077;24.05.1975;1975
26078;25.05.1975;1975
26079;26.05.1975;1975
26080;27.05.1975;1975
26081;28.05.1975;1975
26082;29.05.1975;1975
26083;30.05.1975;1975
26084;31.05.1975;1975
26085;01.06.1975;1975
26086;02.06.1975;1975
26087;03.06.1975;1975
26088;04.06.1975;1975
26089;05.06.1975;1975
26090;06.06.1975;1975
26091;07.06.1975;1975
26092;08.06.1975;1975
26093;09.06.1975;1975
26094;10.06.1975;1975
26095;11.06.1975;1975
26096;12.06.1975;1975
26097;13.06.1975;1975
26098;14.06.1975;1975
26099;15.06.1975;1975
26100;16.06.1975;1975
26101;17.06.1975;1975
26102;18.06.1975;1975
26103;19.06.1975;1975
26104;20.06.1975;1975
26105;21.06.1975;1975
26106;22.06.1975;1975
26107;23.06.1975;1975
26108;24.06.1975;1975
26109;25.06.1975;1975
26110;26.06.1975;1975
26111;27.06.1975;1975
26112;28.06.1975;1975
26113;29.06.1975;1975
26114;30.06.1975;1975
26115;01.07.1975;1975
26116;02.07.1975;1975
26117;03.07.1975;1975
26118;04.07.1975;1975
26119;05.07.1975;1975
26120;06.07.1975;1975
26121;07.07.1975;1975
26122;08.07.1975;1975
26123;09.07.1975;1975
26124;10.07.1975;1975
26125;11.07.1975;1975
26126;12.07.1975;1975
26127;13.07.1975;1975
26128;14.07.1975;1975
26129;15.07.1975;1975
26130;16.07.1975;1975
26131;17.07.1975;1975
26132;18.07.1975;1975
26133;19.07.1975;1975
26134;20.07.1975;1975
26135;21.07.1975;1975
26136;22.07.1975;1975
26137;23.07.1975;1975
26138;24.07.1975;1975
26139;25.07.1975;1975
26140;26.07.1975;1975
26141;27.07.1975;1975
26142;28.07.1975;1975
26143;29.07.1975;1975
26144;30.07.1975;1975
26145;31.07.1975;1975
26146;01.08.1975;1975
26147;02.08.1975;1975
26148;03.08.1975;1975
26149;04.08.1975;1975
26150;05.08.1975;1975
26151;06.08.1975;1975
26152;07.08.1975;1975
26153;08.08.1975;1975
26154;09.08.1975;1975
26155;10.08.1975;1975
26156;11.08.1975;1975
26157;12.08.1975;1975
26158;13.08.1975;1975
26159;14.08.1975;1975
26160;15.08.1975;1975
26161;16.08.1975;1975
26162;17.08.1975;1975
26163;18.08.1975;1975
26164;19.08.1975;1975
26165;20.08.1975;1975
26166;21.08.1975;1975
26167;22.08.1975;1975
26168;23.08.1975;1975
26169;24.08.1975;1975
26170;25.08.1975;1975
26171;26.08.1975;1975
26172;27.08.1975;1975
26173;28.08.1975;1975
26174;29.08.1975;1975
26175;30.08.1975;1975
26176;31.08.1975;1975
26177;01.09.1975;1975
26178;02.09.1975;1975
26179;03.09.1975;1975
26180;04.09.1975;1975
26181;05.09.1975;1975
26182;06.09.1975;1975
26183;07.09.1975;1975
26184;08.09.1975;1975
26185;09.09.1975;1975
26186;10.09.1975;1975
26187;11.09.1975;1975
26188;12.09.1975;1975
26189;13.09.1975;1975
26190;14.09.1975;1975
26191;15.09.1975;1975
26192;16.09.1975;1975
26193;17.09.1975;1975
26194;18.09.1975;1975
26195;19.09.1975;1975
26196;20.09.1975;1975
26197;21.09.1975;1975
26198;22.09.1975;1975
26199;23.09.1975;1975
26200;24.09.1975;1975
26201;25.09.1975;1975
26202;26.09.1975;1975
26203;27.09.1975;1975
26204;28.09.1975;1975
26205;29.09.1975;1975
26206;30.09.1975;1975
26207;01.10.1975;1975
26208;02.10.1975;1975
26209;03.10.1975;1975
26210;04.10.1975;1975
26211;05.10.1975;1975
26212;06.10.1975;1975
26213;07.10.1975;1975
26214;08.10.1975;1975
26215;09.10.1975;1975
26216;10.10.1975;1975
26217;11.10.1975;1975
26218;12.10.1975;1975
26219;13.10.1975;1975
26220;14.10.1975;1975
26221;15.10.1975;1975
26222;16.10.1975;1975
26223;17.10.1975;1975
26224;18.10.1975;1975
26225;19.10.1975;1975
26226;20.10.1975;1975
26227;21.10.1975;1975
26228;22.10.1975;1975
26229;23.10.1975;1975
26230;24.10.1975;1975
26231;25.10.1975;1975
26232;26.10.1975;1975
26233;27.10.1975;1975
26234;28.10.1975;1975
26235;29.10.1975;1975
26236;30.10.1975;1975
26237;31.10.1975;1975
26238;01.11.1975;1975
26239;02.11.1975;1975
26240;03.11.1975;1975
26241;04.11.1975;1975
26242;05.11.1975;1975
26243;06.11.1975;1975
26244;07.11.1975;1975
26245;08.11.1975;1975
26246;09.11.1975;1975
26247;10.11.1975;1975
26248;11.11.1975;1975
26249;12.11.1975;1975
26250;13.11.1975;1975
26251;14.11.1975;1975
26252;15.11.1975;1975
26253;16.11.1975;1975
26254;17.11.1975;1975
26255;18.11.1975;1975
26256;19.11.1975;1975
26257;20.11.1975;1975
26258;21.11.1975;1975
26259;22.11.1975;1975
26260;23.11.1975;1975
26261;24.11.1975;1975
26262;25.11.1975;1975
26263;26.11.1975;1975
26264;27.11.1975;1975
26265;28.11.1975;1975
26266;29.11.1975;1975
26267;30.11.1975;1975
26268;01.12.1975;1975
26269;02.12.1975;1975
26270;03.12.1975;1975
26271;04.12.1975;1975
26272;05.12.1975;1975
26273;06.12.1975;1975
26274;07.12.1975;1975
26275;08.12.1975;1975
26276;09.12.1975;1975
26277;10.12.1975;1975
26278;11.12.1975;1975
26279;12.12.1975;1975
26280;13.12.1975;1975
26281;14.12.1975;1975
26282;15.12.1975;1975
26283;16.12.1975;1975
26284;17.12.1975;1975
26285;18.12.1975;1975
26286;19.12.1975;1975
26287;20.12.1975;1975
26288;21.12.1975;1975
26289;22.12.1975;1975
26290;23.12.1975;1975
26291;24.12.1975;1975
26292;25.12.1975;1975
26293;26.12.1975;1975
26294;27.12.1975;1975
26295;28.12.1975;1975
26296;29.12.1975;1975
26297;30.12.1975;1975
26298;31.12.1975;1975
26299;01.01.1976;1976
26300;02.01.1976;1976
26301;03.01.1976;1976
26302;04.01.1976;1976
26303;05.01.1976;1976
26304;06.01.1976;1976
26305;07.01.1976;1976
26306;08.01.1976;1976
26307;09.01.1976;1976
26308;10.01.1976;1976
26309;11.01.1976;1976
26310;12.01.1976;1976
26311;13.01.1976;1976
26312;14.01.1976;1976
26313;15.01.1976;1976
26314;16.01.1976;1976
26315;17.01.1976;1976
26316;18.01.1976;1976
26317;19.01.1976;1976
26318;20.01.1976;1976
26319;21.01.1976;1976
26320;22.01.1976;1976
26321;23.01.1976;1976
26322;24.01.1976;1976
26323;25.01.1976;1976
26324;26.01.1976;1976
26325;27.01.1976;1976
26326;28.01.1976;1976
26327;29.01.1976;1976
26328;30.01.1976;1976
26329;31.01.1976;1976
26330;01.02.1976;1976
26331;02.02.1976;1976
26332;03.02.1976;1976
26333;04.02.1976;1976
26334;05.02.1976;1976
26335;06.02.1976;1976
26336;07.02.1976;1976
26337;08.02.1976;1976
26338;09.02.1976;1976
26339;10.02.1976;1976
26340;11.02.1976;1976
26341;12.02.1976;1976
26342;13.02.1976;1976
26343;14.02.1976;1976
26344;15.02.1976;1976
26345;16.02.1976;1976
26346;17.02.1976;1976
26347;18.02.1976;1976
26348;19.02.1976;1976
26349;20.02.1976;1976
26350;21.02.1976;1976
26351;22.02.1976;1976
26352;23.02.1976;1976
26353;24.02.1976;1976
26354;25.02.1976;1976
26355;26.02.1976;1976
26356;27.02.1976;1976
26357;28.02.1976;1976
26358;29.02.1976;1976
26359;01.03.1976;1976
26360;02.03.1976;1976
26361;03.03.1976;1976
26362;04.03.1976;1976
26363;05.03.1976;1976
26364;06.03.1976;1976
26365;07.03.1976;1976
26366;08.03.1976;1976
26367;09.03.1976;1976
26368;10.03.1976;1976
26369;11.03.1976;1976
26370;12.03.1976;1976
26371;13.03.1976;1976
26372;14.03.1976;1976
26373;15.03.1976;1976
26374;16.03.1976;1976
26375;17.03.1976;1976
26376;18.03.1976;1976
26377;19.03.1976;1976
26378;20.03.1976;1976
26379;21.03.1976;1976
26380;22.03.1976;1976
26381;23.03.1976;1976
26382;24.03.1976;1976
26383;25.03.1976;1976
26384;26.03.1976;1976
26385;27.03.1976;1976
26386;28.03.1976;1976
26387;29.03.1976;1976
26388;30.03.1976;1976
26389;31.03.1976;1976
26390;01.04.1976;1976
26391;02.04.1976;1976
26392;03.04.1976;1976
26393;04.04.1976;1976
26394;05.04.1976;1976
26395;06.04.1976;1976
26396;07.04.1976;1976
26397;08.04.1976;1976
26398;09.04.1976;1976
26399;10.04.1976;1976
26400;11.04.1976;1976
26401;12.04.1976;1976
26402;13.04.1976;1976
26403;14.04.1976;1976
26404;15.04.1976;1976
26405;16.04.1976;1976
26406;17.04.1976;1976
26407;18.04.1976;1976
26408;19.04.1976;1976
26409;20.04.1976;1976
26410;21.04.1976;1976
26411;22.04.1976;1976
26412;23.04.1976;1976
26413;24.04.1976;1976
26414;25.04.1976;1976
26415;26.04.1976;1976
26416;27.04.1976;1976
26417;28.04.1976;1976
26418;29.04.1976;1976
26419;30.04.1976;1976
26420;01.05.1976;1976
26421;02.05.1976;1976
26422;03.05.1976;1976
26423;04.05.1976;1976
26424;05.05.1976;1976
26425;06.05.1976;1976
26426;07.05.1976;1976
26427;08.05.1976;1976
26428;09.05.1976;1976
26429;10.05.1976;1976
26430;11.05.1976;1976
26431;12.05.1976;1976
26432;13.05.1976;1976
26433;14.05.1976;1976
26434;15.05.1976;1976
26435;16.05.1976;1976
26436;17.05.1976;1976
26437;18.05.1976;1976
26438;19.05.1976;1976
26439;20.05.1976;1976
26440;21.05.1976;1976
26441;22.05.1976;1976
26442;23.05.1976;1976
26443;24.05.1976;1976
26444;25.05.1976;1976
26445;26.05.1976;1976
26446;27.05.1976;1976
26447;28.05.1976;1976
26448;29.05.1976;1976
26449;30.05.1976;1976
26450;31.05.1976;1976
26451;01.06.1976;1976
26452;02.06.1976;1976
26453;03.06.1976;1976
26454;04.06.1976;1976
26455;05.06.1976;1976
26456;06.06.1976;1976
26457;07.06.1976;1976
26458;08.06.1976;1976
26459;09.06.1976;1976
26460;10.06.1976;1976
26461;11.06.1976;1976
26462;12.06.1976;1976
26463;13.06.1976;1976
26464;14.06.1976;1976
26465;15.06.1976;1976
26466;16.06.1976;1976
26467;17.06.1976;1976
26468;18.06.1976;1976
26469;19.06.1976;1976
26470;20.06.1976;1976
26471;21.06.1976;1976
26472;22.06.1976;1976
26473;23.06.1976;1976
26474;24.06.1976;1976
26475;25.06.1976;1976
26476;26.06.1976;1976
26477;27.06.1976;1976
26478;28.06.1976;1976
26479;29.06.1976;1976
26480;30.06.1976;1976
26481;01.07.1976;1976
26482;02.07.1976;1976
26483;03.07.1976;1976
26484;04.07.1976;1976
26485;05.07.1976;1976
26486;06.07.1976;1976
26487;07.07.1976;1976
26488;08.07.1976;1976
26489;09.07.1976;1976
26490;10.07.1976;1976
26491;11.07.1976;1976
26492;12.07.1976;1976
26493;13.07.1976;1976
26494;14.07.1976;1976
26495;15.07.1976;1976
26496;16.07.1976;1976
26497;17.07.1976;1976
26498;18.07.1976;1976
26499;19.07.1976;1976
26500;20.07.1976;1976
26501;21.07.1976;1976
26502;22.07.1976;1976
26503;23.07.1976;1976
26504;24.07.1976;1976
26505;25.07.1976;1976
26506;26.07.1976;1976
26507;27.07.1976;1976
26508;28.07.1976;1976
26509;29.07.1976;1976
26510;30.07.1976;1976
26511;31.07.1976;1976
26512;01.08.1976;1976
26513;02.08.1976;1976
26514;03.08.1976;1976
26515;04.08.1976;1976
26516;05.08.1976;1976
26517;06.08.1976;1976
26518;07.08.1976;1976
26519;08.08.1976;1976
26520;09.08.1976;1976
26521;10.08.1976;1976
26522;11.08.1976;1976
26523;12.08.1976;1976
26524;13.08.1976;1976
26525;14.08.1976;1976
26526;15.08.1976;1976
26527;16.08.1976;1976
26528;17.08.1976;1976
26529;18.08.1976;1976
26530;19.08.1976;1976
26531;20.08.1976;1976
26532;21.08.1976;1976
26533;22.08.1976;1976
26534;23.08.1976;1976
26535;24.08.1976;1976
26536;25.08.1976;1976
26537;26.08.1976;1976
26538;27.08.1976;1976
26539;28.08.1976;1976
26540;29.08.1976;1976
26541;30.08.1976;1976
26542;31.08.1976;1976
26543;01.09.1976;1976
26544;02.09.1976;1976
26545;03.09.1976;1976
26546;04.09.1976;1976
26547;05.09.1976;1976
26548;06.09.1976;1976
26549;07.09.1976;1976
26550;08.09.1976;1976
26551;09.09.1976;1976
26552;10.09.1976;1976
26553;11.09.1976;1976
26554;12.09.1976;1976
26555;13.09.1976;1976
26556;14.09.1976;1976
26557;15.09.1976;1976
26558;16.09.1976;1976
26559;17.09.1976;1976
26560;18.09.1976;1976
26561;19.09.1976;1976
26562;20.09.1976;1976
26563;21.09.1976;1976
26564;22.09.1976;1976
26565;23.09.1976;1976
26566;24.09.1976;1976
26567;25.09.1976;1976
26568;26.09.1976;1976
26569;27.09.1976;1976
26570;28.09.1976;1976
26571;29.09.1976;1976
26572;30.09.1976;1976
26573;01.10.1976;1976
26574;02.10.1976;1976
26575;03.10.1976;1976
26576;04.10.1976;1976
26577;05.10.1976;1976
26578;06.10.1976;1976
26579;07.10.1976;1976
26580;08.10.1976;1976
26581;09.10.1976;1976
26582;10.10.1976;1976
26583;11.10.1976;1976
26584;12.10.1976;1976
26585;13.10.1976;1976
26586;14.10.1976;1976
26587;15.10.1976;1976
26588;16.10.1976;1976
26589;17.10.1976;1976
26590;18.10.1976;1976
26591;19.10.1976;1976
26592;20.10.1976;1976
26593;21.10.1976;1976
26594;22.10.1976;1976
26595;23.10.1976;1976
26596;24.10.1976;1976
26597;25.10.1976;1976
26598;26.10.1976;1976
26599;27.10.1976;1976
26600;28.10.1976;1976
26601;29.10.1976;1976
26602;30.10.1976;1976
26603;31.10.1976;1976
26604;01.11.1976;1976
26605;02.11.1976;1976
26606;03.11.1976;1976
26607;04.11.1976;1976
26608;05.11.1976;1976
26609;06.11.1976;1976
26610;07.11.1976;1976
26611;08.11.1976;1976
26612;09.11.1976;1976
26613;10.11.1976;1976
26614;11.11.1976;1976
26615;12.11.1976;1976
26616;13.11.1976;1976
26617;14.11.1976;1976
26618;15.11.1976;1976
26619;16.11.1976;1976
26620;17.11.1976;1976
26621;18.11.1976;1976
26622;19.11.1976;1976
26623;20.11.1976;1976
26624;21.11.1976;1976
26625;22.11.1976;1976
26626;23.11.1976;1976
26627;24.11.1976;1976
26628;25.11.1976;1976
26629;26.11.1976;1976
26630;27.11.1976;1976
26631;28.11.1976;1976
26632;29.11.1976;1976
26633;30.11.1976;1976
26634;01.12.1976;1976
26635;02.12.1976;1976
26636;03.12.1976;1976
26637;04.12.1976;1976
26638;05.12.1976;1976
26639;06.12.1976;1976
26640;07.12.1976;1976
26641;08.12.1976;1976
26642;09.12.1976;1976
26643;10.12.1976;1976
26644;11.12.1976;1976
26645;12.12.1976;1976
26646;13.12.1976;1976
26647;14.12.1976;1976
26648;15.12.1976;1976
26649;16.12.1976;1976
26650;17.12.1976;1976
26651;18.12.1976;1976
26652;19.12.1976;1976
26653;20.12.1976;1976
26654;21.12.1976;1976
26655;22.12.1976;1976
26656;23.12.1976;1976
26657;24.12.1976;1976
26658;25.12.1976;1976
26659;26.12.1976;1976
26660;27.12.1976;1976
26661;28.12.1976;1976
26662;29.12.1976;1976
26663;30.12.1976;1976
26664;31.12.1976;1976
26665;01.01.1977;1977
26666;02.01.1977;1977
26667;03.01.1977;1977
26668;04.01.1977;1977
26669;05.01.1977;1977
26670;06.01.1977;1977
26671;07.01.1977;1977
26672;08.01.1977;1977
26673;09.01.1977;1977
26674;10.01.1977;1977
26675;11.01.1977;1977
26676;12.01.1977;1977
26677;13.01.1977;1977
26678;14.01.1977;1977
26679;15.01.1977;1977
26680;16.01.1977;1977
26681;17.01.1977;1977
26682;18.01.1977;1977
26683;19.01.1977;1977
26684;20.01.1977;1977
26685;21.01.1977;1977
26686;22.01.1977;1977
26687;23.01.1977;1977
26688;24.01.1977;1977
26689;25.01.1977;1977
26690;26.01.1977;1977
26691;27.01.1977;1977
26692;28.01.1977;1977
26693;29.01.1977;1977
26694;30.01.1977;1977
26695;31.01.1977;1977
26696;01.02.1977;1977
26697;02.02.1977;1977
26698;03.02.1977;1977
26699;04.02.1977;1977
26700;05.02.1977;1977
26701;06.02.1977;1977
26702;07.02.1977;1977
26703;08.02.1977;1977
26704;09.02.1977;1977
26705;10.02.1977;1977
26706;11.02.1977;1977
26707;12.02.1977;1977
26708;13.02.1977;1977
26709;14.02.1977;1977
26710;15.02.1977;1977
26711;16.02.1977;1977
26712;17.02.1977;1977
26713;18.02.1977;1977
26714;19.02.1977;1977
26715;20.02.1977;1977
26716;21.02.1977;1977
26717;22.02.1977;1977
26718;23.02.1977;1977
26719;24.02.1977;1977
26720;25.02.1977;1977
26721;26.02.1977;1977
26722;27.02.1977;1977
26723;28.02.1977;1977
26724;01.03.1977;1977
26725;02.03.1977;1977
26726;03.03.1977;1977
26727;04.03.1977;1977
26728;05.03.1977;1977
26729;06.03.1977;1977
26730;07.03.1977;1977
26731;08.03.1977;1977
26732;09.03.1977;1977
26733;10.03.1977;1977
26734;11.03.1977;1977
26735;12.03.1977;1977
26736;13.03.1977;1977
26737;14.03.1977;1977
26738;15.03.1977;1977
26739;16.03.1977;1977
26740;17.03.1977;1977
26741;18.03.1977;1977
26742;19.03.1977;1977
26743;20.03.1977;1977
26744;21.03.1977;1977
26745;22.03.1977;1977
26746;23.03.1977;1977
26747;24.03.1977;1977
26748;25.03.1977;1977
26749;26.03.1977;1977
26750;27.03.1977;1977
26751;28.03.1977;1977
26752;29.03.1977;1977
26753;30.03.1977;1977
26754;31.03.1977;1977
26755;01.04.1977;1977
26756;02.04.1977;1977
26757;03.04.1977;1977
26758;04.04.1977;1977
26759;05.04.1977;1977
26760;06.04.1977;1977
26761;07.04.1977;1977
26762;08.04.1977;1977
26763;09.04.1977;1977
26764;10.04.1977;1977
26765;11.04.1977;1977
26766;12.04.1977;1977
26767;13.04.1977;1977
26768;14.04.1977;1977
26769;15.04.1977;1977
26770;16.04.1977;1977
26771;17.04.1977;1977
26772;18.04.1977;1977
26773;19.04.1977;1977
26774;20.04.1977;1977
26775;21.04.1977;1977
26776;22.04.1977;1977
26777;23.04.1977;1977
26778;24.04.1977;1977
26779;25.04.1977;1977
26780;26.04.1977;1977
26781;27.04.1977;1977
26782;28.04.1977;1977
26783;29.04.1977;1977
26784;30.04.1977;1977
26785;01.05.1977;1977
26786;02.05.1977;1977
26787;03.05.1977;1977
26788;04.05.1977;1977
26789;05.05.1977;1977
26790;06.05.1977;1977
26791;07.05.1977;1977
26792;08.05.1977;1977
26793;09.05.1977;1977
26794;10.05.1977;1977
26795;11.05.1977;1977
26796;12.05.1977;1977
26797;13.05.1977;1977
26798;14.05.1977;1977
26799;15.05.1977;1977
26800;16.05.1977;1977
26801;17.05.1977;1977
26802;18.05.1977;1977
26803;19.05.1977;1977
26804;20.05.1977;1977
26805;21.05.1977;1977
26806;22.05.1977;1977
26807;23.05.1977;1977
26808;24.05.1977;1977
26809;25.05.1977;1977
26810;26.05.1977;1977
26811;27.05.1977;1977
26812;28.05.1977;1977
26813;29.05.1977;1977
26814;30.05.1977;1977
26815;31.05.1977;1977
26816;01.06.1977;1977
26817;02.06.1977;1977
26818;03.06.1977;1977
26819;04.06.1977;1977
26820;05.06.1977;1977
26821;06.06.1977;1977
26822;07.06.1977;1977
26823;08.06.1977;1977
26824;09.06.1977;1977
26825;10.06.1977;1977
26826;11.06.1977;1977
26827;12.06.1977;1977
26828;13.06.1977;1977
26829;14.06.1977;1977
26830;15.06.1977;1977
26831;16.06.1977;1977
26832;17.06.1977;1977
26833;18.06.1977;1977
26834;19.06.1977;1977
26835;20.06.1977;1977
26836;21.06.1977;1977
26837;22.06.1977;1977
26838;23.06.1977;1977
26839;24.06.1977;1977
26840;25.06.1977;1977
26841;26.06.1977;1977
26842;27.06.1977;1977
26843;28.06.1977;1977
26844;29.06.1977;1977
26845;30.06.1977;1977
26846;01.07.1977;1977
26847;02.07.1977;1977
26848;03.07.1977;1977
26849;04.07.1977;1977
26850;05.07.1977;1977
26851;06.07.1977;1977
26852;07.07.1977;1977
26853;08.07.1977;1977
26854;09.07.1977;1977
26855;10.07.1977;1977
26856;11.07.1977;1977
26857;12.07.1977;1977
26858;13.07.1977;1977
26859;14.07.1977;1977
26860;15.07.1977;1977
26861;16.07.1977;1977
26862;17.07.1977;1977
26863;18.07.1977;1977
26864;19.07.1977;1977
26865;20.07.1977;1977
26866;21.07.1977;1977
26867;22.07.1977;1977
26868;23.07.1977;1977
26869;24.07.1977;1977
26870;25.07.1977;1977
26871;26.07.1977;1977
26872;27.07.1977;1977
26873;28.07.1977;1977
26874;29.07.1977;1977
26875;30.07.1977;1977
26876;31.07.1977;1977
26877;01.08.1977;1977
26878;02.08.1977;1977
26879;03.08.1977;1977
26880;04.08.1977;1977
26881;05.08.1977;1977
26882;06.08.1977;1977
26883;07.08.1977;1977
26884;08.08.1977;1977
26885;09.08.1977;1977
26886;10.08.1977;1977
26887;11.08.1977;1977
26888;12.08.1977;1977
26889;13.08.1977;1977
26890;14.08.1977;1977
26891;15.08.1977;1977
26892;16.08.1977;1977
26893;17.08.1977;1977
26894;18.08.1977;1977
26895;19.08.1977;1977
26896;20.08.1977;1977
26897;21.08.1977;1977
26898;22.08.1977;1977
26899;23.08.1977;1977
26900;24.08.1977;1977
26901;25.08.1977;1977
26902;26.08.1977;1977
26903;27.08.1977;1977
26904;28.08.1977;1977
26905;29.08.1977;1977
26906;30.08.1977;1977
26907;31.08.1977;1977
26908;01.09.1977;1977
26909;02.09.1977;1977
26910;03.09.1977;1977
26911;04.09.1977;1977
26912;05.09.1977;1977
26913;06.09.1977;1977
26914;07.09.1977;1977
26915;08.09.1977;1977
26916;09.09.1977;1977
26917;10.09.1977;1977
26918;11.09.1977;1977
26919;12.09.1977;1977
26920;13.09.1977;1977
26921;14.09.1977;1977
26922;15.09.1977;1977
26923;16.09.1977;1977
26924;17.09.1977;1977
26925;18.09.1977;1977
26926;19.09.1977;1977
26927;20.09.1977;1977
26928;21.09.1977;1977
26929;22.09.1977;1977
26930;23.09.1977;1977
26931;24.09.1977;1977
26932;25.09.1977;1977
26933;26.09.1977;1977
26934;27.09.1977;1977
26935;28.09.1977;1977
26936;29.09.1977;1977
26937;30.09.1977;1977
26938;01.10.1977;1977
26939;02.10.1977;1977
26940;03.10.1977;1977
26941;04.10.1977;1977
26942;05.10.1977;1977
26943;06.10.1977;1977
26944;07.10.1977;1977
26945;08.10.1977;1977
26946;09.10.1977;1977
26947;10.10.1977;1977
26948;11.10.1977;1977
26949;12.10.1977;1977
26950;13.10.1977;1977
26951;14.10.1977;1977
26952;15.10.1977;1977
26953;16.10.1977;1977
26954;17.10.1977;1977
26955;18.10.1977;1977
26956;19.10.1977;1977
26957;20.10.1977;1977
26958;21.10.1977;1977
26959;22.10.1977;1977
26960;23.10.1977;1977
26961;24.10.1977;1977
26962;25.10.1977;1977
26963;26.10.1977;1977
26964;27.10.1977;1977
26965;28.10.1977;1977
26966;29.10.1977;1977
26967;30.10.1977;1977
26968;31.10.1977;1977
26969;01.11.1977;1977
26970;02.11.1977;1977
26971;03.11.1977;1977
26972;04.11.1977;1977
26973;05.11.1977;1977
26974;06.11.1977;1977
26975;07.11.1977;1977
26976;08.11.1977;1977
26977;09.11.1977;1977
26978;10.11.1977;1977
26979;11.11.1977;1977
26980;12.11.1977;1977
26981;13.11.1977;1977
26982;14.11.1977;1977
26983;15.11.1977;1977
26984;16.11.1977;1977
26985;17.11.1977;1977
26986;18.11.1977;1977
26987;19.11.1977;1977
26988;20.11.1977;1977
26989;21.11.1977;1977
26990;22.11.1977;1977
26991;23.11.1977;1977
26992;24.11.1977;1977
26993;25.11.1977;1977
26994;26.11.1977;1977
26995;27.11.1977;1977
26996;28.11.1977;1977
26997;29.11.1977;1977
26998;30.11.1977;1977
26999;01.12.1977;1977
27000;02.12.1977;1977
27001;03.12.1977;1977
27002;04.12.1977;1977
27003;05.12.1977;1977
27004;06.12.1977;1977
27005;07.12.1977;1977
27006;08.12.1977;1977
27007;09.12.1977;1977
27008;10.12.1977;1977
27009;11.12.1977;1977
27010;12.12.1977;1977
27011;13.12.1977;1977
27012;14.12.1977;1977
27013;15.12.1977;1977
27014;16.12.1977;1977
27015;17.12.1977;1977
27016;18.12.1977;1977
27017;19.12.1977;1977
27018;20.12.1977;1977
27019;21.12.1977;1977
27020;22.12.1977;1977
27021;23.12.1977;1977
27022;24.12.1977;1977
27023;25.12.1977;1977
27024;26.12.1977;1977
27025;27.12.1977;1977
27026;28.12.1977;1977
27027;29.12.1977;1977
27028;30.12.1977;1977
27029;31.12.1977;1977
27030;01.01.1978;1978
27031;02.01.1978;1978
27032;03.01.1978;1978
27033;04.01.1978;1978
27034;05.01.1978;1978
27035;06.01.1978;1978
27036;07.01.1978;1978
27037;08.01.1978;1978
27038;09.01.1978;1978
27039;10.01.1978;1978
27040;11.01.1978;1978
27041;12.01.1978;1978
27042;13.01.1978;1978
27043;14.01.1978;1978
27044;15.01.1978;1978
27045;16.01.1978;1978
27046;17.01.1978;1978
27047;18.01.1978;1978
27048;19.01.1978;1978
27049;20.01.1978;1978
27050;21.01.1978;1978
27051;22.01.1978;1978
27052;23.01.1978;1978
27053;24.01.1978;1978
27054;25.01.1978;1978
27055;26.01.1978;1978
27056;27.01.1978;1978
27057;28.01.1978;1978
27058;29.01.1978;1978
27059;30.01.1978;1978
27060;31.01.1978;1978
27061;01.02.1978;1978
27062;02.02.1978;1978
27063;03.02.1978;1978
27064;04.02.1978;1978
27065;05.02.1978;1978
27066;06.02.1978;1978
27067;07.02.1978;1978
27068;08.02.1978;1978
27069;09.02.1978;1978
27070;10.02.1978;1978
27071;11.02.1978;1978
27072;12.02.1978;1978
27073;13.02.1978;1978
27074;14.02.1978;1978
27075;15.02.1978;1978
27076;16.02.1978;1978
27077;17.02.1978;1978
27078;18.02.1978;1978
27079;19.02.1978;1978
27080;20.02.1978;1978
27081;21.02.1978;1978
27082;22.02.1978;1978
27083;23.02.1978;1978
27084;24.02.1978;1978
27085;25.02.1978;1978
27086;26.02.1978;1978
27087;27.02.1978;1978
27088;28.02.1978;1978
27089;01.03.1978;1978
27090;02.03.1978;1978
27091;03.03.1978;1978
27092;04.03.1978;1978
27093;05.03.1978;1978
27094;06.03.1978;1978
27095;07.03.1978;1978
27096;08.03.1978;1978
27097;09.03.1978;1978
27098;10.03.1978;1978
27099;11.03.1978;1978
27100;12.03.1978;1978
27101;13.03.1978;1978
27102;14.03.1978;1978
27103;15.03.1978;1978
27104;16.03.1978;1978
27105;17.03.1978;1978
27106;18.03.1978;1978
27107;19.03.1978;1978
27108;20.03.1978;1978
27109;21.03.1978;1978
27110;22.03.1978;1978
27111;23.03.1978;1978
27112;24.03.1978;1978
27113;25.03.1978;1978
27114;26.03.1978;1978
27115;27.03.1978;1978
27116;28.03.1978;1978
27117;29.03.1978;1978
27118;30.03.1978;1978
27119;31.03.1978;1978
27120;01.04.1978;1978
27121;02.04.1978;1978
27122;03.04.1978;1978
27123;04.04.1978;1978
27124;05.04.1978;1978
27125;06.04.1978;1978
27126;07.04.1978;1978
27127;08.04.1978;1978
27128;09.04.1978;1978
27129;10.04.1978;1978
27130;11.04.1978;1978
27131;12.04.1978;1978
27132;13.04.1978;1978
27133;14.04.1978;1978
27134;15.04.1978;1978
27135;16.04.1978;1978
27136;17.04.1978;1978
27137;18.04.1978;1978
27138;19.04.1978;1978
27139;20.04.1978;1978
27140;21.04.1978;1978
27141;22.04.1978;1978
27142;23.04.1978;1978
27143;24.04.1978;1978
27144;25.04.1978;1978
27145;26.04.1978;1978
27146;27.04.1978;1978
27147;28.04.1978;1978
27148;29.04.1978;1978
27149;30.04.1978;1978
27150;01.05.1978;1978
27151;02.05.1978;1978
27152;03.05.1978;1978
27153;04.05.1978;1978
27154;05.05.1978;1978
27155;06.05.1978;1978
27156;07.05.1978;1978
27157;08.05.1978;1978
27158;09.05.1978;1978
27159;10.05.1978;1978
27160;11.05.1978;1978
27161;12.05.1978;1978
27162;13.05.1978;1978
27163;14.05.1978;1978
27164;15.05.1978;1978
27165;16.05.1978;1978
27166;17.05.1978;1978
27167;18.05.1978;1978
27168;19.05.1978;1978
27169;20.05.1978;1978
27170;21.05.1978;1978
27171;22.05.1978;1978
27172;23.05.1978;1978
27173;24.05.1978;1978
27174;25.05.1978;1978
27175;26.05.1978;1978
27176;27.05.1978;1978
27177;28.05.1978;1978
27178;29.05.1978;1978
27179;30.05.1978;1978
27180;31.05.1978;1978
27181;01.06.1978;1978
27182;02.06.1978;1978
27183;03.06.1978;1978
27184;04.06.1978;1978
27185;05.06.1978;1978
27186;06.06.1978;1978
27187;07.06.1978;1978
27188;08.06.1978;1978
27189;09.06.1978;1978
27190;10.06.1978;1978
27191;11.06.1978;1978
27192;12.06.1978;1978
27193;13.06.1978;1978
27194;14.06.1978;1978
27195;15.06.1978;1978
27196;16.06.1978;1978
27197;17.06.1978;1978
27198;18.06.1978;1978
27199;19.06.1978;1978
27200;20.06.1978;1978
27201;21.06.1978;1978
27202;22.06.1978;1978
27203;23.06.1978;1978
27204;24.06.1978;1978
27205;25.06.1978;1978
27206;26.06.1978;1978
27207;27.06.1978;1978
27208;28.06.1978;1978
27209;29.06.1978;1978
27210;30.06.1978;1978
27211;01.07.1978;1978
27212;02.07.1978;1978
27213;03.07.1978;1978
27214;04.07.1978;1978
27215;05.07.1978;1978
27216;06.07.1978;1978
27217;07.07.1978;1978
27218;08.07.1978;1978
27219;09.07.1978;1978
27220;10.07.1978;1978
27221;11.07.1978;1978
27222;12.07.1978;1978
27223;13.07.1978;1978
27224;14.07.1978;1978
27225;15.07.1978;1978
27226;16.07.1978;1978
27227;17.07.1978;1978
27228;18.07.1978;1978
27229;19.07.1978;1978
27230;20.07.1978;1978
27231;21.07.1978;1978
27232;22.07.1978;1978
27233;23.07.1978;1978
27234;24.07.1978;1978
27235;25.07.1978;1978
27236;26.07.1978;1978
27237;27.07.1978;1978
27238;28.07.1978;1978
27239;29.07.1978;1978
27240;30.07.1978;1978
27241;31.07.1978;1978
27242;01.08.1978;1978
27243;02.08.1978;1978
27244;03.08.1978;1978
27245;04.08.1978;1978
27246;05.08.1978;1978
27247;06.08.1978;1978
27248;07.08.1978;1978
27249;08.08.1978;1978
27250;09.08.1978;1978
27251;10.08.1978;1978
27252;11.08.1978;1978
27253;12.08.1978;1978
27254;13.08.1978;1978
27255;14.08.1978;1978
27256;15.08.1978;1978
27257;16.08.1978;1978
27258;17.08.1978;1978
27259;18.08.1978;1978
27260;19.08.1978;1978
27261;20.08.1978;1978
27262;21.08.1978;1978
27263;22.08.1978;1978
27264;23.08.1978;1978
27265;24.08.1978;1978
27266;25.08.1978;1978
27267;26.08.1978;1978
27268;27.08.1978;1978
27269;28.08.1978;1978
27270;29.08.1978;1978
27271;30.08.1978;1978
27272;31.08.1978;1978
27273;01.09.1978;1978
27274;02.09.1978;1978
27275;03.09.1978;1978
27276;04.09.1978;1978
27277;05.09.1978;1978
27278;06.09.1978;1978
27279;07.09.1978;1978
27280;08.09.1978;1978
27281;09.09.1978;1978
27282;10.09.1978;1978
27283;11.09.1978;1978
27284;12.09.1978;1978
27285;13.09.1978;1978
27286;14.09.1978;1978
27287;15.09.1978;1978
27288;16.09.1978;1978
27289;17.09.1978;1978
27290;18.09.1978;1978
27291;19.09.1978;1978
27292;20.09.1978;1978
27293;21.09.1978;1978
27294;22.09.1978;1978
27295;23.09.1978;1978
27296;24.09.1978;1978
27297;25.09.1978;1978
27298;26.09.1978;1978
27299;27.09.1978;1978
27300;28.09.1978;1978
27301;29.09.1978;1978
27302;30.09.1978;1978
27303;01.10.1978;1978
27304;02.10.1978;1978
27305;03.10.1978;1978
27306;04.10.1978;1978
27307;05.10.1978;1978
27308;06.10.1978;1978
27309;07.10.1978;1978
27310;08.10.1978;1978
27311;09.10.1978;1978
27312;10.10.1978;1978
27313;11.10.1978;1978
27314;12.10.1978;1978
27315;13.10.1978;1978
27316;14.10.1978;1978
27317;15.10.1978;1978
27318;16.10.1978;1978
27319;17.10.1978;1978
27320;18.10.1978;1978
27321;19.10.1978;1978
27322;20.10.1978;1978
27323;21.10.1978;1978
27324;22.10.1978;1978
27325;23.10.1978;1978
27326;24.10.1978;1978
27327;25.10.1978;1978
27328;26.10.1978;1978
27329;27.10.1978;1978
27330;28.10.1978;1978
27331;29.10.1978;1978
27332;30.10.1978;1978
27333;31.10.1978;1978
27334;01.11.1978;1978
27335;02.11.1978;1978
27336;03.11.1978;1978
27337;04.11.1978;1978
27338;05.11.1978;1978
27339;06.11.1978;1978
27340;07.11.1978;1978
27341;08.11.1978;1978
27342;09.11.1978;1978
27343;10.11.1978;1978
27344;11.11.1978;1978
27345;12.11.1978;1978
27346;13.11.1978;1978
27347;14.11.1978;1978
27348;15.11.1978;1978
27349;16.11.1978;1978
27350;17.11.1978;1978
27351;18.11.1978;1978
27352;19.11.1978;1978
27353;20.11.1978;1978
27354;21.11.1978;1978
27355;22.11.1978;1978
27356;23.11.1978;1978
27357;24.11.1978;1978
27358;25.11.1978;1978
27359;26.11.1978;1978
27360;27.11.1978;1978
27361;28.11.1978;1978
27362;29.11.1978;1978
27363;30.11.1978;1978
27364;01.12.1978;1978
27365;02.12.1978;1978
27366;03.12.1978;1978
27367;04.12.1978;1978
27368;05.12.1978;1978
27369;06.12.1978;1978
27370;07.12.1978;1978
27371;08.12.1978;1978
27372;09.12.1978;1978
27373;10.12.1978;1978
27374;11.12.1978;1978
27375;12.12.1978;1978
27376;13.12.1978;1978
27377;14.12.1978;1978
27378;15.12.1978;1978
27379;16.12.1978;1978
27380;17.12.1978;1978
27381;18.12.1978;1978
27382;19.12.1978;1978
27383;20.12.1978;1978
27384;21.12.1978;1978
27385;22.12.1978;1978
27386;23.12.1978;1978
27387;24.12.1978;1978
27388;25.12.1978;1978
27389;26.12.1978;1978
27390;27.12.1978;1978
27391;28.12.1978;1978
27392;29.12.1978;1978
27393;30.12.1978;1978
27394;31.12.1978;1978
27395;01.01.1979;1979
27396;02.01.1979;1979
27397;03.01.1979;1979
27398;04.01.1979;1979
27399;05.01.1979;1979
27400;06.01.1979;1979
27401;07.01.1979;1979
27402;08.01.1979;1979
27403;09.01.1979;1979
27404;10.01.1979;1979
27405;11.01.1979;1979
27406;12.01.1979;1979
27407;13.01.1979;1979
27408;14.01.1979;1979
27409;15.01.1979;1979
27410;16.01.1979;1979
27411;17.01.1979;1979
27412;18.01.1979;1979
27413;19.01.1979;1979
27414;20.01.1979;1979
27415;21.01.1979;1979
27416;22.01.1979;1979
27417;23.01.1979;1979
27418;24.01.1979;1979
27419;25.01.1979;1979
27420;26.01.1979;1979
27421;27.01.1979;1979
27422;28.01.1979;1979
27423;29.01.1979;1979
27424;30.01.1979;1979
27425;31.01.1979;1979
27426;01.02.1979;1979
27427;02.02.1979;1979
27428;03.02.1979;1979
27429;04.02.1979;1979
27430;05.02.1979;1979
27431;06.02.1979;1979
27432;07.02.1979;1979
27433;08.02.1979;1979
27434;09.02.1979;1979
27435;10.02.1979;1979
27436;11.02.1979;1979
27437;12.02.1979;1979
27438;13.02.1979;1979
27439;14.02.1979;1979
27440;15.02.1979;1979
27441;16.02.1979;1979
27442;17.02.1979;1979
27443;18.02.1979;1979
27444;19.02.1979;1979
27445;20.02.1979;1979
27446;21.02.1979;1979
27447;22.02.1979;1979
27448;23.02.1979;1979
27449;24.02.1979;1979
27450;25.02.1979;1979
27451;26.02.1979;1979
27452;27.02.1979;1979
27453;28.02.1979;1979
27454;01.03.1979;1979
27455;02.03.1979;1979
27456;03.03.1979;1979
27457;04.03.1979;1979
27458;05.03.1979;1979
27459;06.03.1979;1979
27460;07.03.1979;1979
27461;08.03.1979;1979
27462;09.03.1979;1979
27463;10.03.1979;1979
27464;11.03.1979;1979
27465;12.03.1979;1979
27466;13.03.1979;1979
27467;14.03.1979;1979
27468;15.03.1979;1979
27469;16.03.1979;1979
27470;17.03.1979;1979
27471;18.03.1979;1979
27472;19.03.1979;1979
27473;20.03.1979;1979
27474;21.03.1979;1979
27475;22.03.1979;1979
27476;23.03.1979;1979
27477;24.03.1979;1979
27478;25.03.1979;1979
27479;26.03.1979;1979
27480;27.03.1979;1979
27481;28.03.1979;1979
27482;29.03.1979;1979
27483;30.03.1979;1979
27484;31.03.1979;1979
27485;01.04.1979;1979
27486;02.04.1979;1979
27487;03.04.1979;1979
27488;04.04.1979;1979
27489;05.04.1979;1979
27490;06.04.1979;1979
27491;07.04.1979;1979
27492;08.04.1979;1979
27493;09.04.1979;1979
27494;10.04.1979;1979
27495;11.04.1979;1979
27496;12.04.1979;1979
27497;13.04.1979;1979
27498;14.04.1979;1979
27499;15.04.1979;1979
27500;16.04.1979;1979
27501;17.04.1979;1979
27502;18.04.1979;1979
27503;19.04.1979;1979
27504;20.04.1979;1979
27505;21.04.1979;1979
27506;22.04.1979;1979
27507;23.04.1979;1979
27508;24.04.1979;1979
27509;25.04.1979;1979
27510;26.04.1979;1979
27511;27.04.1979;1979
27512;28.04.1979;1979
27513;29.04.1979;1979
27514;30.04.1979;1979
27515;01.05.1979;1979
27516;02.05.1979;1979
27517;03.05.1979;1979
27518;04.05.1979;1979
27519;05.05.1979;1979
27520;06.05.1979;1979
27521;07.05.1979;1979
27522;08.05.1979;1979
27523;09.05.1979;1979
27524;10.05.1979;1979
27525;11.05.1979;1979
27526;12.05.1979;1979
27527;13.05.1979;1979
27528;14.05.1979;1979
27529;15.05.1979;1979
27530;16.05.1979;1979
27531;17.05.1979;1979
27532;18.05.1979;1979
27533;19.05.1979;1979
27534;20.05.1979;1979
27535;21.05.1979;1979
27536;22.05.1979;1979
27537;23.05.1979;1979
27538;24.05.1979;1979
27539;25.05.1979;1979
27540;26.05.1979;1979
27541;27.05.1979;1979
27542;28.05.1979;1979
27543;29.05.1979;1979
27544;30.05.1979;1979
27545;31.05.1979;1979
27546;01.06.1979;1979
27547;02.06.1979;1979
27548;03.06.1979;1979
27549;04.06.1979;1979
27550;05.06.1979;1979
27551;06.06.1979;1979
27552;07.06.1979;1979
27553;08.06.1979;1979
27554;09.06.1979;1979
27555;10.06.1979;1979
27556;11.06.1979;1979
27557;12.06.1979;1979
27558;13.06.1979;1979
27559;14.06.1979;1979
27560;15.06.1979;1979
27561;16.06.1979;1979
27562;17.06.1979;1979
27563;18.06.1979;1979
27564;19.06.1979;1979
27565;20.06.1979;1979
27566;21.06.1979;1979
27567;22.06.1979;1979
27568;23.06.1979;1979
27569;24.06.1979;1979
27570;25.06.1979;1979
27571;26.06.1979;1979
27572;27.06.1979;1979
27573;28.06.1979;1979
27574;29.06.1979;1979
27575;30.06.1979;1979
27576;01.07.1979;1979
27577;02.07.1979;1979
27578;03.07.1979;1979
27579;04.07.1979;1979
27580;05.07.1979;1979
27581;06.07.1979;1979
27582;07.07.1979;1979
27583;08.07.1979;1979
27584;09.07.1979;1979
27585;10.07.1979;1979
27586;11.07.1979;1979
27587;12.07.1979;1979
27588;13.07.1979;1979
27589;14.07.1979;1979
27590;15.07.1979;1979
27591;16.07.1979;1979
27592;17.07.1979;1979
27593;18.07.1979;1979
27594;19.07.1979;1979
27595;20.07.1979;1979
27596;21.07.1979;1979
27597;22.07.1979;1979
27598;23.07.1979;1979
27599;24.07.1979;1979
27600;25.07.1979;1979
27601;26.07.1979;1979
27602;27.07.1979;1979
27603;28.07.1979;1979
27604;29.07.1979;1979
27605;30.07.1979;1979
27606;31.07.1979;1979
27607;01.08.1979;1979
27608;02.08.1979;1979
27609;03.08.1979;1979
27610;04.08.1979;1979
27611;05.08.1979;1979
27612;06.08.1979;1979
27613;07.08.1979;1979
27614;08.08.1979;1979
27615;09.08.1979;1979
27616;10.08.1979;1979
27617;11.08.1979;1979
27618;12.08.1979;1979
27619;13.08.1979;1979
27620;14.08.1979;1979
27621;15.08.1979;1979
27622;16.08.1979;1979
27623;17.08.1979;1979
27624;18.08.1979;1979
27625;19.08.1979;1979
27626;20.08.1979;1979
27627;21.08.1979;1979
27628;22.08.1979;1979
27629;23.08.1979;1979
27630;24.08.1979;1979
27631;25.08.1979;1979
27632;26.08.1979;1979
27633;27.08.1979;1979
27634;28.08.1979;1979
27635;29.08.1979;1979
27636;30.08.1979;1979
27637;31.08.1979;1979
27638;01.09.1979;1979
27639;02.09.1979;1979
27640;03.09.1979;1979
27641;04.09.1979;1979
27642;05.09.1979;1979
27643;06.09.1979;1979
27644;07.09.1979;1979
27645;08.09.1979;1979
27646;09.09.1979;1979
27647;10.09.1979;1979
27648;11.09.1979;1979
27649;12.09.1979;1979
27650;13.09.1979;1979
27651;14.09.1979;1979
27652;15.09.1979;1979
27653;16.09.1979;1979
27654;17.09.1979;1979
27655;18.09.1979;1979
27656;19.09.1979;1979
27657;20.09.1979;1979
27658;21.09.1979;1979
27659;22.09.1979;1979
27660;23.09.1979;1979
27661;24.09.1979;1979
27662;25.09.1979;1979
27663;26.09.1979;1979
27664;27.09.1979;1979
27665;28.09.1979;1979
27666;29.09.1979;1979
27667;30.09.1979;1979
27668;01.10.1979;1979
27669;02.10.1979;1979
27670;03.10.1979;1979
27671;04.10.1979;1979
27672;05.10.1979;1979
27673;06.10.1979;1979
27674;07.10.1979;1979
27675;08.10.1979;1979
27676;09.10.1979;1979
27677;10.10.1979;1979
27678;11.10.1979;1979
27679;12.10.1979;1979
27680;13.10.1979;1979
27681;14.10.1979;1979
27682;15.10.1979;1979
27683;16.10.1979;1979
27684;17.10.1979;1979
27685;18.10.1979;1979
27686;19.10.1979;1979
27687;20.10.1979;1979
27688;21.10.1979;1979
27689;22.10.1979;1979
27690;23.10.1979;1979
27691;24.10.1979;1979
27692;25.10.1979;1979
27693;26.10.1979;1979
27694;27.10.1979;1979
27695;28.10.1979;1979
27696;29.10.1979;1979
27697;30.10.1979;1979
27698;31.10.1979;1979
27699;01.11.1979;1979
27700;02.11.1979;1979
27701;03.11.1979;1979
27702;04.11.1979;1979
27703;05.11.1979;1979
27704;06.11.1979;1979
27705;07.11.1979;1979
27706;08.11.1979;1979
27707;09.11.1979;1979
27708;10.11.1979;1979
27709;11.11.1979;1979
27710;12.11.1979;1979
27711;13.11.1979;1979
27712;14.11.1979;1979
27713;15.11.1979;1979
27714;16.11.1979;1979
27715;17.11.1979;1979
27716;18.11.1979;1979
27717;19.11.1979;1979
27718;20.11.1979;1979
27719;21.11.1979;1979
27720;22.11.1979;1979
27721;23.11.1979;1979
27722;24.11.1979;1979
27723;25.11.1979;1979
27724;26.11.1979;1979
27725;27.11.1979;1979
27726;28.11.1979;1979
27727;29.11.1979;1979
27728;30.11.1979;1979
27729;01.12.1979;1979
27730;02.12.1979;1979
27731;03.12.1979;1979
27732;04.12.1979;1979
27733;05.12.1979;1979
27734;06.12.1979;1979
27735;07.12.1979;1979
27736;08.12.1979;1979
27737;09.12.1979;1979
27738;10.12.1979;1979
27739;11.12.1979;1979
27740;12.12.1979;1979
27741;13.12.1979;1979
27742;14.12.1979;1979
27743;15.12.1979;1979
27744;16.12.1979;1979
27745;17.12.1979;1979
27746;18.12.1979;1979
27747;19.12.1979;1979
27748;20.12.1979;1979
27749;21.12.1979;1979
27750;22.12.1979;1979
27751;23.12.1979;1979
27752;24.12.1979;1979
27753;25.12.1979;1979
27754;26.12.1979;1979
27755;27.12.1979;1979
27756;28.12.1979;1979
27757;29.12.1979;1979
27758;30.12.1979;1979
27759;31.12.1979;1979
27760;01.01.1980;1980
27761;02.01.1980;1980
27762;03.01.1980;1980
27763;04.01.1980;1980
27764;05.01.1980;1980
27765;06.01.1980;1980
27766;07.01.1980;1980
27767;08.01.1980;1980
27768;09.01.1980;1980
27769;10.01.1980;1980
27770;11.01.1980;1980
27771;12.01.1980;1980
27772;13.01.1980;1980
27773;14.01.1980;1980
27774;15.01.1980;1980
27775;16.01.1980;1980
27776;17.01.1980;1980
27777;18.01.1980;1980
27778;19.01.1980;1980
27779;20.01.1980;1980
27780;21.01.1980;1980
27781;22.01.1980;1980
27782;23.01.1980;1980
27783;24.01.1980;1980
27784;25.01.1980;1980
27785;26.01.1980;1980
27786;27.01.1980;1980
27787;28.01.1980;1980
27788;29.01.1980;1980
27789;30.01.1980;1980
27790;31.01.1980;1980
27791;01.02.1980;1980
27792;02.02.1980;1980
27793;03.02.1980;1980
27794;04.02.1980;1980
27795;05.02.1980;1980
27796;06.02.1980;1980
27797;07.02.1980;1980
27798;08.02.1980;1980
27799;09.02.1980;1980
27800;10.02.1980;1980
27801;11.02.1980;1980
27802;12.02.1980;1980
27803;13.02.1980;1980
27804;14.02.1980;1980
27805;15.02.1980;1980
27806;16.02.1980;1980
27807;17.02.1980;1980
27808;18.02.1980;1980
27809;19.02.1980;1980
27810;20.02.1980;1980
27811;21.02.1980;1980
27812;22.02.1980;1980
27813;23.02.1980;1980
27814;24.02.1980;1980
27815;25.02.1980;1980
27816;26.02.1980;1980
27817;27.02.1980;1980
27818;28.02.1980;1980
27819;29.02.1980;1980
27820;01.03.1980;1980
27821;02.03.1980;1980
27822;03.03.1980;1980
27823;04.03.1980;1980
27824;05.03.1980;1980
27825;06.03.1980;1980
27826;07.03.1980;1980
27827;08.03.1980;1980
27828;09.03.1980;1980
27829;10.03.1980;1980
27830;11.03.1980;1980
27831;12.03.1980;1980
27832;13.03.1980;1980
27833;14.03.1980;1980
27834;15.03.1980;1980
27835;16.03.1980;1980
27836;17.03.1980;1980
27837;18.03.1980;1980
27838;19.03.1980;1980
27839;20.03.1980;1980
27840;21.03.1980;1980
27841;22.03.1980;1980
27842;23.03.1980;1980
27843;24.03.1980;1980
27844;25.03.1980;1980
27845;26.03.1980;1980
27846;27.03.1980;1980
27847;28.03.1980;1980
27848;29.03.1980;1980
27849;30.03.1980;1980
27850;31.03.1980;1980
27851;01.04.1980;1980
27852;02.04.1980;1980
27853;03.04.1980;1980
27854;04.04.1980;1980
27855;05.04.1980;1980
27856;06.04.1980;1980
27857;07.04.1980;1980
27858;08.04.1980;1980
27859;09.04.1980;1980
27860;10.04.1980;1980
27861;11.04.1980;1980
27862;12.04.1980;1980
27863;13.04.1980;1980
27864;14.04.1980;1980
27865;15.04.1980;1980
27866;16.04.1980;1980
27867;17.04.1980;1980
27868;18.04.1980;1980
27869;19.04.1980;1980
27870;20.04.1980;1980
27871;21.04.1980;1980
27872;22.04.1980;1980
27873;23.04.1980;1980
27874;24.04.1980;1980
27875;25.04.1980;1980
27876;26.04.1980;1980
27877;27.04.1980;1980
27878;28.04.1980;1980
27879;29.04.1980;1980
27880;30.04.1980;1980
27881;01.05.1980;1980
27882;02.05.1980;1980
27883;03.05.1980;1980
27884;04.05.1980;1980
27885;05.05.1980;1980
27886;06.05.1980;1980
27887;07.05.1980;1980
27888;08.05.1980;1980
27889;09.05.1980;1980
27890;10.05.1980;1980
27891;11.05.1980;1980
27892;12.05.1980;1980
27893;13.05.1980;1980
27894;14.05.1980;1980
27895;15.05.1980;1980
27896;16.05.1980;1980
27897;17.05.1980;1980
27898;18.05.1980;1980
27899;19.05.1980;1980
27900;20.05.1980;1980
27901;21.05.1980;1980
27902;22.05.1980;1980
27903;23.05.1980;1980
27904;24.05.1980;1980
27905;25.05.1980;1980
27906;26.05.1980;1980
27907;27.05.1980;1980
27908;28.05.1980;1980
27909;29.05.1980;1980
27910;30.05.1980;1980
27911;31.05.1980;1980
27912;01.06.1980;1980
27913;02.06.1980;1980
27914;03.06.1980;1980
27915;04.06.1980;1980
27916;05.06.1980;1980
27917;06.06.1980;1980
27918;07.06.1980;1980
27919;08.06.1980;1980
27920;09.06.1980;1980
27921;10.06.1980;1980
27922;11.06.1980;1980
27923;12.06.1980;1980
27924;13.06.1980;1980
27925;14.06.1980;1980
27926;15.06.1980;1980
27927;16.06.1980;1980
27928;17.06.1980;1980
27929;18.06.1980;1980
27930;19.06.1980;1980
27931;20.06.1980;1980
27932;21.06.1980;1980
27933;22.06.1980;1980
27934;23.06.1980;1980
27935;24.06.1980;1980
27936;25.06.1980;1980
27937;26.06.1980;1980
27938;27.06.1980;1980
27939;28.06.1980;1980
27940;29.06.1980;1980
27941;30.06.1980;1980
27942;01.07.1980;1980
27943;02.07.1980;1980
27944;03.07.1980;1980
27945;04.07.1980;1980
27946;05.07.1980;1980
27947;06.07.1980;1980
27948;07.07.1980;1980
27949;08.07.1980;1980
27950;09.07.1980;1980
27951;10.07.1980;1980
27952;11.07.1980;1980
27953;12.07.1980;1980
27954;13.07.1980;1980
27955;14.07.1980;1980
27956;15.07.1980;1980
27957;16.07.1980;1980
27958;17.07.1980;1980
27959;18.07.1980;1980
27960;19.07.1980;1980
27961;20.07.1980;1980
27962;21.07.1980;1980
27963;22.07.1980;1980
27964;23.07.1980;1980
27965;24.07.1980;1980
27966;25.07.1980;1980
27967;26.07.1980;1980
27968;27.07.1980;1980
27969;28.07.1980;1980
27970;29.07.1980;1980
27971;30.07.1980;1980
27972;31.07.1980;1980
27973;01.08.1980;1980
27974;02.08.1980;1980
27975;03.08.1980;1980
27976;04.08.1980;1980
27977;05.08.1980;1980
27978;06.08.1980;1980
27979;07.08.1980;1980
27980;08.08.1980;1980
27981;09.08.1980;1980
27982;10.08.1980;1980
27983;11.08.1980;1980
27984;12.08.1980;1980
27985;13.08.1980;1980
27986;14.08.1980;1980
27987;15.08.1980;1980
27988;16.08.1980;1980
27989;17.08.1980;1980
27990;18.08.1980;1980
27991;19.08.1980;1980
27992;20.08.1980;1980
27993;21.08.1980;1980
27994;22.08.1980;1980
27995;23.08.1980;1980
27996;24.08.1980;1980
27997;25.08.1980;1980
27998;26.08.1980;1980
27999;27.08.1980;1980
28000;28.08.1980;1980
28001;29.08.1980;1980
28002;30.08.1980;1980
28003;31.08.1980;1980
28004;01.09.1980;1980
28005;02.09.1980;1980
28006;03.09.1980;1980
28007;04.09.1980;1980
28008;05.09.1980;1980
28009;06.09.1980;1980
28010;07.09.1980;1980
28011;08.09.1980;1980
28012;09.09.1980;1980
28013;10.09.1980;1980
28014;11.09.1980;1980
28015;12.09.1980;1980
28016;13.09.1980;1980
28017;14.09.1980;1980
28018;15.09.1980;1980
28019;16.09.1980;1980
28020;17.09.1980;1980
28021;18.09.1980;1980
28022;19.09.1980;1980
28023;20.09.1980;1980
28024;21.09.1980;1980
28025;22.09.1980;1980
28026;23.09.1980;1980
28027;24.09.1980;1980
28028;25.09.1980;1980
28029;26.09.1980;1980
28030;27.09.1980;1980
28031;28.09.1980;1980
28032;29.09.1980;1980
28033;30.09.1980;1980
28034;01.10.1980;1980
28035;02.10.1980;1980
28036;03.10.1980;1980
28037;04.10.1980;1980
28038;05.10.1980;1980
28039;06.10.1980;1980
28040;07.10.1980;1980
28041;08.10.1980;1980
28042;09.10.1980;1980
28043;10.10.1980;1980
28044;11.10.1980;1980
28045;12.10.1980;1980
28046;13.10.1980;1980
28047;14.10.1980;1980
28048;15.10.1980;1980
28049;16.10.1980;1980
28050;17.10.1980;1980
28051;18.10.1980;1980
28052;19.10.1980;1980
28053;20.10.1980;1980
28054;21.10.1980;1980
28055;22.10.1980;1980
28056;23.10.1980;1980
28057;24.10.1980;1980
28058;25.10.1980;1980
28059;26.10.1980;1980
28060;27.10.1980;1980
28061;28.10.1980;1980
28062;29.10.1980;1980
28063;30.10.1980;1980
28064;31.10.1980;1980
28065;01.11.1980;1980
28066;02.11.1980;1980
28067;03.11.1980;1980
28068;04.11.1980;1980
28069;05.11.1980;1980
28070;06.11.1980;1980
28071;07.11.1980;1980
28072;08.11.1980;1980
28073;09.11.1980;1980
28074;10.11.1980;1980
28075;11.11.1980;1980
28076;12.11.1980;1980
28077;13.11.1980;1980
28078;14.11.1980;1980
28079;15.11.1980;1980
28080;16.11.1980;1980
28081;17.11.1980;1980
28082;18.11.1980;1980
28083;19.11.1980;1980
28084;20.11.1980;1980
28085;21.11.1980;1980
28086;22.11.1980;1980
28087;23.11.1980;1980
28088;24.11.1980;1980
28089;25.11.1980;1980
28090;26.11.1980;1980
28091;27.11.1980;1980
28092;28.11.1980;1980
28093;29.11.1980;1980
28094;30.11.1980;1980
28095;01.12.1980;1980
28096;02.12.1980;1980
28097;03.12.1980;1980
28098;04.12.1980;1980
28099;05.12.1980;1980
28100;06.12.1980;1980
28101;07.12.1980;1980
28102;08.12.1980;1980
28103;09.12.1980;1980
28104;10.12.1980;1980
28105;11.12.1980;1980
28106;12.12.1980;1980
28107;13.12.1980;1980
28108;14.12.1980;1980
28109;15.12.1980;1980
28110;16.12.1980;1980
28111;17.12.1980;1980
28112;18.12.1980;1980
28113;19.12.1980;1980
28114;20.12.1980;1980
28115;21.12.1980;1980
28116;22.12.1980;1980
28117;23.12.1980;1980
28118;24.12.1980;1980
28119;25.12.1980;1980
28120;26.12.1980;1980
28121;27.12.1980;1980
28122;28.12.1980;1980
28123;29.12.1980;1980
28124;30.12.1980;1980
28125;31.12.1980;1980
28126;01.01.1981;1981
28127;02.01.1981;1981
28128;03.01.1981;1981
28129;04.01.1981;1981
28130;05.01.1981;1981
28131;06.01.1981;1981
28132;07.01.1981;1981
28133;08.01.1981;1981
28134;09.01.1981;1981
28135;10.01.1981;1981
28136;11.01.1981;1981
28137;12.01.1981;1981
28138;13.01.1981;1981
28139;14.01.1981;1981
28140;15.01.1981;1981
28141;16.01.1981;1981
28142;17.01.1981;1981
28143;18.01.1981;1981
28144;19.01.1981;1981
28145;20.01.1981;1981
28146;21.01.1981;1981
28147;22.01.1981;1981
28148;23.01.1981;1981
28149;24.01.1981;1981
28150;25.01.1981;1981
28151;26.01.1981;1981
28152;27.01.1981;1981
28153;28.01.1981;1981
28154;29.01.1981;1981
28155;30.01.1981;1981
28156;31.01.1981;1981
28157;01.02.1981;1981
28158;02.02.1981;1981
28159;03.02.1981;1981
28160;04.02.1981;1981
28161;05.02.1981;1981
28162;06.02.1981;1981
28163;07.02.1981;1981
28164;08.02.1981;1981
28165;09.02.1981;1981
28166;10.02.1981;1981
28167;11.02.1981;1981
28168;12.02.1981;1981
28169;13.02.1981;1981
28170;14.02.1981;1981
28171;15.02.1981;1981
28172;16.02.1981;1981
28173;17.02.1981;1981
28174;18.02.1981;1981
28175;19.02.1981;1981
28176;20.02.1981;1981
28177;21.02.1981;1981
28178;22.02.1981;1981
28179;23.02.1981;1981
28180;24.02.1981;1981
28181;25.02.1981;1981
28182;26.02.1981;1981
28183;27.02.1981;1981
28184;28.02.1981;1981
28185;01.03.1981;1981
28186;02.03.1981;1981
28187;03.03.1981;1981
28188;04.03.1981;1981
28189;05.03.1981;1981
28190;06.03.1981;1981
28191;07.03.1981;1981
28192;08.03.1981;1981
28193;09.03.1981;1981
28194;10.03.1981;1981
28195;11.03.1981;1981
28196;12.03.1981;1981
28197;13.03.1981;1981
28198;14.03.1981;1981
28199;15.03.1981;1981
28200;16.03.1981;1981
28201;17.03.1981;1981
28202;18.03.1981;1981
28203;19.03.1981;1981
28204;20.03.1981;1981
28205;21.03.1981;1981
28206;22.03.1981;1981
28207;23.03.1981;1981
28208;24.03.1981;1981
28209;25.03.1981;1981
28210;26.03.1981;1981
28211;27.03.1981;1981
28212;28.03.1981;1981
28213;29.03.1981;1981
28214;30.03.1981;1981
28215;31.03.1981;1981
28216;01.04.1981;1981
28217;02.04.1981;1981
28218;03.04.1981;1981
28219;04.04.1981;1981
28220;05.04.1981;1981
28221;06.04.1981;1981
28222;07.04.1981;1981
28223;08.04.1981;1981
28224;09.04.1981;1981
28225;10.04.1981;1981
28226;11.04.1981;1981
28227;12.04.1981;1981
28228;13.04.1981;1981
28229;14.04.1981;1981
28230;15.04.1981;1981
28231;16.04.1981;1981
28232;17.04.1981;1981
28233;18.04.1981;1981
28234;19.04.1981;1981
28235;20.04.1981;1981
28236;21.04.1981;1981
28237;22.04.1981;1981
28238;23.04.1981;1981
28239;24.04.1981;1981
28240;25.04.1981;1981
28241;26.04.1981;1981
28242;27.04.1981;1981
28243;28.04.1981;1981
28244;29.04.1981;1981
28245;30.04.1981;1981
28246;01.05.1981;1981
28247;02.05.1981;1981
28248;03.05.1981;1981
28249;04.05.1981;1981
28250;05.05.1981;1981
28251;06.05.1981;1981
28252;07.05.1981;1981
28253;08.05.1981;1981
28254;09.05.1981;1981
28255;10.05.1981;1981
28256;11.05.1981;1981
28257;12.05.1981;1981
28258;13.05.1981;1981
28259;14.05.1981;1981
28260;15.05.1981;1981
28261;16.05.1981;1981
28262;17.05.1981;1981
28263;18.05.1981;1981
28264;19.05.1981;1981
28265;20.05.1981;1981
28266;21.05.1981;1981
28267;22.05.1981;1981
28268;23.05.1981;1981
28269;24.05.1981;1981
28270;25.05.1981;1981
28271;26.05.1981;1981
28272;27.05.1981;1981
28273;28.05.1981;1981
28274;29.05.1981;1981
28275;30.05.1981;1981
28276;31.05.1981;1981
28277;01.06.1981;1981
28278;02.06.1981;1981
28279;03.06.1981;1981
28280;04.06.1981;1981
28281;05.06.1981;1981
28282;06.06.1981;1981
28283;07.06.1981;1981
28284;08.06.1981;1981
28285;09.06.1981;1981
28286;10.06.1981;1981
28287;11.06.1981;1981
28288;12.06.1981;1981
28289;13.06.1981;1981
28290;14.06.1981;1981
28291;15.06.1981;1981
28292;16.06.1981;1981
28293;17.06.1981;1981
28294;18.06.1981;1981
28295;19.06.1981;1981
28296;20.06.1981;1981
28297;21.06.1981;1981
28298;22.06.1981;1981
28299;23.06.1981;1981
28300;24.06.1981;1981
28301;25.06.1981;1981
28302;26.06.1981;1981
28303;27.06.1981;1981
28304;28.06.1981;1981
28305;29.06.1981;1981
28306;30.06.1981;1981
28307;01.07.1981;1981
28308;02.07.1981;1981
28309;03.07.1981;1981
28310;04.07.1981;1981
28311;05.07.1981;1981
28312;06.07.1981;1981
28313;07.07.1981;1981
28314;08.07.1981;1981
28315;09.07.1981;1981
28316;10.07.1981;1981
28317;11.07.1981;1981
28318;12.07.1981;1981
28319;13.07.1981;1981
28320;14.07.1981;1981
28321;15.07.1981;1981
28322;16.07.1981;1981
28323;17.07.1981;1981
28324;18.07.1981;1981
28325;19.07.1981;1981
28326;20.07.1981;1981
28327;21.07.1981;1981
28328;22.07.1981;1981
28329;23.07.1981;1981
28330;24.07.1981;1981
28331;25.07.1981;1981
28332;26.07.1981;1981
28333;27.07.1981;1981
28334;28.07.1981;1981
28335;29.07.1981;1981
28336;30.07.1981;1981
28337;31.07.1981;1981
28338;01.08.1981;1981
28339;02.08.1981;1981
28340;03.08.1981;1981
28341;04.08.1981;1981
28342;05.08.1981;1981
28343;06.08.1981;1981
28344;07.08.1981;1981
28345;08.08.1981;1981
28346;09.08.1981;1981
28347;10.08.1981;1981
28348;11.08.1981;1981
28349;12.08.1981;1981
28350;13.08.1981;1981
28351;14.08.1981;1981
28352;15.08.1981;1981
28353;16.08.1981;1981
28354;17.08.1981;1981
28355;18.08.1981;1981
28356;19.08.1981;1981
28357;20.08.1981;1981
28358;21.08.1981;1981
28359;22.08.1981;1981
28360;23.08.1981;1981
28361;24.08.1981;1981
28362;25.08.1981;1981
28363;26.08.1981;1981
28364;27.08.1981;1981
28365;28.08.1981;1981
28366;29.08.1981;1981
28367;30.08.1981;1981
28368;31.08.1981;1981
28369;01.09.1981;1981
28370;02.09.1981;1981
28371;03.09.1981;1981
28372;04.09.1981;1981
28373;05.09.1981;1981
28374;06.09.1981;1981
28375;07.09.1981;1981
28376;08.09.1981;1981
28377;09.09.1981;1981
28378;10.09.1981;1981
28379;11.09.1981;1981
28380;12.09.1981;1981
28381;13.09.1981;1981
28382;14.09.1981;1981
28383;15.09.1981;1981
28384;16.09.1981;1981
28385;17.09.1981;1981
28386;18.09.1981;1981
28387;19.09.1981;1981
28388;20.09.1981;1981
28389;21.09.1981;1981
28390;22.09.1981;1981
28391;23.09.1981;1981
28392;24.09.1981;1981
28393;25.09.1981;1981
28394;26.09.1981;1981
28395;27.09.1981;1981
28396;28.09.1981;1981
28397;29.09.1981;1981
28398;30.09.1981;1981
28399;01.10.1981;1981
28400;02.10.1981;1981
28401;03.10.1981;1981
28402;04.10.1981;1981
28403;05.10.1981;1981
28404;06.10.1981;1981
28405;07.10.1981;1981
28406;08.10.1981;1981
28407;09.10.1981;1981
28408;10.10.1981;1981
28409;11.10.1981;1981
28410;12.10.1981;1981
28411;13.10.1981;1981
28412;14.10.1981;1981
28413;15.10.1981;1981
28414;16.10.1981;1981
28415;17.10.1981;1981
28416;18.10.1981;1981
28417;19.10.1981;1981
28418;20.10.1981;1981
28419;21.10.1981;1981
28420;22.10.1981;1981
28421;23.10.1981;1981
28422;24.10.1981;1981
28423;25.10.1981;1981
28424;26.10.1981;1981
28425;27.10.1981;1981
28426;28.10.1981;1981
28427;29.10.1981;1981
28428;30.10.1981;1981
28429;31.10.1981;1981
28430;01.11.1981;1981
28431;02.11.1981;1981
28432;03.11.1981;1981
28433;04.11.1981;1981
28434;05.11.1981;1981
28435;06.11.1981;1981
28436;07.11.1981;1981
28437;08.11.1981;1981
28438;09.11.1981;1981
28439;10.11.1981;1981
28440;11.11.1981;1981
28441;12.11.1981;1981
28442;13.11.1981;1981
28443;14.11.1981;1981
28444;15.11.1981;1981
28445;16.11.1981;1981
28446;17.11.1981;1981
28447;18.11.1981;1981
28448;19.11.1981;1981
28449;20.11.1981;1981
28450;21.11.1981;1981
28451;22.11.1981;1981
28452;23.11.1981;1981
28453;24.11.1981;1981
28454;25.11.1981;1981
28455;26.11.1981;1981
28456;27.11.1981;1981
28457;28.11.1981;1981
28458;29.11.1981;1981
28459;30.11.1981;1981
28460;01.12.1981;1981
28461;02.12.1981;1981
28462;03.12.1981;1981
28463;04.12.1981;1981
28464;05.12.1981;1981
28465;06.12.1981;1981
28466;07.12.1981;1981
28467;08.12.1981;1981
28468;09.12.1981;1981
28469;10.12.1981;1981
28470;11.12.1981;1981
28471;12.12.1981;1981
28472;13.12.1981;1981
28473;14.12.1981;1981
28474;15.12.1981;1981
28475;16.12.1981;1981
28476;17.12.1981;1981
28477;18.12.1981;1981
28478;19.12.1981;1981
28479;20.12.1981;1981
28480;21.12.1981;1981
28481;22.12.1981;1981
28482;23.12.1981;1981
28483;24.12.1981;1981
28484;25.12.1981;1981
28485;26.12.1981;1981
28486;27.12.1981;1981
28487;28.12.1981;1981
28488;29.12.1981;1981
28489;30.12.1981;1981
28490;31.12.1981;1981
28491;01.01.1982;1982
28492;02.01.1982;1982
28493;03.01.1982;1982
28494;04.01.1982;1982
28495;05.01.1982;1982
28496;06.01.1982;1982
28497;07.01.1982;1982
28498;08.01.1982;1982
28499;09.01.1982;1982
28500;10.01.1982;1982
28501;11.01.1982;1982
28502;12.01.1982;1982
28503;13.01.1982;1982
28504;14.01.1982;1982
28505;15.01.1982;1982
28506;16.01.1982;1982
28507;17.01.1982;1982
28508;18.01.1982;1982
28509;19.01.1982;1982
28510;20.01.1982;1982
28511;21.01.1982;1982
28512;22.01.1982;1982
28513;23.01.1982;1982
28514;24.01.1982;1982
28515;25.01.1982;1982
28516;26.01.1982;1982
28517;27.01.1982;1982
28518;28.01.1982;1982
28519;29.01.1982;1982
28520;30.01.1982;1982
28521;31.01.1982;1982
28522;01.02.1982;1982
28523;02.02.1982;1982
28524;03.02.1982;1982
28525;04.02.1982;1982
28526;05.02.1982;1982
28527;06.02.1982;1982
28528;07.02.1982;1982
28529;08.02.1982;1982
28530;09.02.1982;1982
28531;10.02.1982;1982
28532;11.02.1982;1982
28533;12.02.1982;1982
28534;13.02.1982;1982
28535;14.02.1982;1982
28536;15.02.1982;1982
28537;16.02.1982;1982
28538;17.02.1982;1982
28539;18.02.1982;1982
28540;19.02.1982;1982
28541;20.02.1982;1982
28542;21.02.1982;1982
28543;22.02.1982;1982
28544;23.02.1982;1982
28545;24.02.1982;1982
28546;25.02.1982;1982
28547;26.02.1982;1982
28548;27.02.1982;1982
28549;28.02.1982;1982
28550;01.03.1982;1982
28551;02.03.1982;1982
28552;03.03.1982;1982
28553;04.03.1982;1982
28554;05.03.1982;1982
28555;06.03.1982;1982
28556;07.03.1982;1982
28557;08.03.1982;1982
28558;09.03.1982;1982
28559;10.03.1982;1982
28560;11.03.1982;1982
28561;12.03.1982;1982
28562;13.03.1982;1982
28563;14.03.1982;1982
28564;15.03.1982;1982
28565;16.03.1982;1982
28566;17.03.1982;1982
28567;18.03.1982;1982
28568;19.03.1982;1982
28569;20.03.1982;1982
28570;21.03.1982;1982
28571;22.03.1982;1982
28572;23.03.1982;1982
28573;24.03.1982;1982
28574;25.03.1982;1982
28575;26.03.1982;1982
28576;27.03.1982;1982
28577;28.03.1982;1982
28578;29.03.1982;1982
28579;30.03.1982;1982
28580;31.03.1982;1982
28581;01.04.1982;1982
28582;02.04.1982;1982
28583;03.04.1982;1982
28584;04.04.1982;1982
28585;05.04.1982;1982
28586;06.04.1982;1982
28587;07.04.1982;1982
28588;08.04.1982;1982
28589;09.04.1982;1982
28590;10.04.1982;1982
28591;11.04.1982;1982
28592;12.04.1982;1982
28593;13.04.1982;1982
28594;14.04.1982;1982
28595;15.04.1982;1982
28596;16.04.1982;1982
28597;17.04.1982;1982
28598;18.04.1982;1982
28599;19.04.1982;1982
28600;20.04.1982;1982
28601;21.04.1982;1982
28602;22.04.1982;1982
28603;23.04.1982;1982
28604;24.04.1982;1982
28605;25.04.1982;1982
28606;26.04.1982;1982
28607;27.04.1982;1982
28608;28.04.1982;1982
28609;29.04.1982;1982
28610;30.04.1982;1982
28611;01.05.1982;1982
28612;02.05.1982;1982
28613;03.05.1982;1982
28614;04.05.1982;1982
28615;05.05.1982;1982
28616;06.05.1982;1982
28617;07.05.1982;1982
28618;08.05.1982;1982
28619;09.05.1982;1982
28620;10.05.1982;1982
28621;11.05.1982;1982
28622;12.05.1982;1982
28623;13.05.1982;1982
28624;14.05.1982;1982
28625;15.05.1982;1982
28626;16.05.1982;1982
28627;17.05.1982;1982
28628;18.05.1982;1982
28629;19.05.1982;1982
28630;20.05.1982;1982
28631;21.05.1982;1982
28632;22.05.1982;1982
28633;23.05.1982;1982
28634;24.05.1982;1982
28635;25.05.1982;1982
28636;26.05.1982;1982
28637;27.05.1982;1982
28638;28.05.1982;1982
28639;29.05.1982;1982
28640;30.05.1982;1982
28641;31.05.1982;1982
28642;01.06.1982;1982
28643;02.06.1982;1982
28644;03.06.1982;1982
28645;04.06.1982;1982
28646;05.06.1982;1982
28647;06.06.1982;1982
28648;07.06.1982;1982
28649;08.06.1982;1982
28650;09.06.1982;1982
28651;10.06.1982;1982
28652;11.06.1982;1982
28653;12.06.1982;1982
28654;13.06.1982;1982
28655;14.06.1982;1982
28656;15.06.1982;1982
28657;16.06.1982;1982
28658;17.06.1982;1982
28659;18.06.1982;1982
28660;19.06.1982;1982
28661;20.06.1982;1982
28662;21.06.1982;1982
28663;22.06.1982;1982
28664;23.06.1982;1982
28665;24.06.1982;1982
28666;25.06.1982;1982
28667;26.06.1982;1982
28668;27.06.1982;1982
28669;28.06.1982;1982
28670;29.06.1982;1982
28671;30.06.1982;1982
28672;01.07.1982;1982
28673;02.07.1982;1982
28674;03.07.1982;1982
28675;04.07.1982;1982
28676;05.07.1982;1982
28677;06.07.1982;1982
28678;07.07.1982;1982
28679;08.07.1982;1982
28680;09.07.1982;1982
28681;10.07.1982;1982
28682;11.07.1982;1982
28683;12.07.1982;1982
28684;13.07.1982;1982
28685;14.07.1982;1982
28686;15.07.1982;1982
28687;16.07.1982;1982
28688;17.07.1982;1982
28689;18.07.1982;1982
28690;19.07.1982;1982
28691;20.07.1982;1982
28692;21.07.1982;1982
28693;22.07.1982;1982
28694;23.07.1982;1982
28695;24.07.1982;1982
28696;25.07.1982;1982
28697;26.07.1982;1982
28698;27.07.1982;1982
28699;28.07.1982;1982
28700;29.07.1982;1982
28701;30.07.1982;1982
28702;31.07.1982;1982
28703;01.08.1982;1982
28704;02.08.1982;1982
28705;03.08.1982;1982
28706;04.08.1982;1982
28707;05.08.1982;1982
28708;06.08.1982;1982
28709;07.08.1982;1982
28710;08.08.1982;1982
28711;09.08.1982;1982
28712;10.08.1982;1982
28713;11.08.1982;1982
28714;12.08.1982;1982
28715;13.08.1982;1982
28716;14.08.1982;1982
28717;15.08.1982;1982
28718;16.08.1982;1982
28719;17.08.1982;1982
28720;18.08.1982;1982
28721;19.08.1982;1982
28722;20.08.1982;1982
28723;21.08.1982;1982
28724;22.08.1982;1982
28725;23.08.1982;1982
28726;24.08.1982;1982
28727;25.08.1982;1982
28728;26.08.1982;1982
28729;27.08.1982;1982
28730;28.08.1982;1982
28731;29.08.1982;1982
28732;30.08.1982;1982
28733;31.08.1982;1982
28734;01.09.1982;1982
28735;02.09.1982;1982
28736;03.09.1982;1982
28737;04.09.1982;1982
28738;05.09.1982;1982
28739;06.09.1982;1982
28740;07.09.1982;1982
28741;08.09.1982;1982
28742;09.09.1982;1982
28743;10.09.1982;1982
28744;11.09.1982;1982
28745;12.09.1982;1982
28746;13.09.1982;1982
28747;14.09.1982;1982
28748;15.09.1982;1982
28749;16.09.1982;1982
28750;17.09.1982;1982
28751;18.09.1982;1982
28752;19.09.1982;1982
28753;20.09.1982;1982
28754;21.09.1982;1982
28755;22.09.1982;1982
28756;23.09.1982;1982
28757;24.09.1982;1982
28758;25.09.1982;1982
28759;26.09.1982;1982
28760;27.09.1982;1982
28761;28.09.1982;1982
28762;29.09.1982;1982
28763;30.09.1982;1982
28764;01.10.1982;1982
28765;02.10.1982;1982
28766;03.10.1982;1982
28767;04.10.1982;1982
28768;05.10.1982;1982
28769;06.10.1982;1982
28770;07.10.1982;1982
28771;08.10.1982;1982
28772;09.10.1982;1982
28773;10.10.1982;1982
28774;11.10.1982;1982
28775;12.10.1982;1982
28776;13.10.1982;1982
28777;14.10.1982;1982
28778;15.10.1982;1982
28779;16.10.1982;1982
28780;17.10.1982;1982
28781;18.10.1982;1982
28782;19.10.1982;1982
28783;20.10.1982;1982
28784;21.10.1982;1982
28785;22.10.1982;1982
28786;23.10.1982;1982
28787;24.10.1982;1982
28788;25.10.1982;1982
28789;26.10.1982;1982
28790;27.10.1982;1982
28791;28.10.1982;1982
28792;29.10.1982;1982
28793;30.10.1982;1982
28794;31.10.1982;1982
28795;01.11.1982;1982
28796;02.11.1982;1982
28797;03.11.1982;1982
28798;04.11.1982;1982
28799;05.11.1982;1982
28800;06.11.1982;1982
28801;07.11.1982;1982
28802;08.11.1982;1982
28803;09.11.1982;1982
28804;10.11.1982;1982
28805;11.11.1982;1982
28806;12.11.1982;1982
28807;13.11.1982;1982
28808;14.11.1982;1982
28809;15.11.1982;1982
28810;16.11.1982;1982
28811;17.11.1982;1982
28812;18.11.1982;1982
28813;19.11.1982;1982
28814;20.11.1982;1982
28815;21.11.1982;1982
28816;22.11.1982;1982
28817;23.11.1982;1982
28818;24.11.1982;1982
28819;25.11.1982;1982
28820;26.11.1982;1982
28821;27.11.1982;1982
28822;28.11.1982;1982
28823;29.11.1982;1982
28824;30.11.1982;1982
28825;01.12.1982;1982
28826;02.12.1982;1982
28827;03.12.1982;1982
28828;04.12.1982;1982
28829;05.12.1982;1982
28830;06.12.1982;1982
28831;07.12.1982;1982
28832;08.12.1982;1982
28833;09.12.1982;1982
28834;10.12.1982;1982
28835;11.12.1982;1982
28836;12.12.1982;1982
28837;13.12.1982;1982
28838;14.12.1982;1982
28839;15.12.1982;1982
28840;16.12.1982;1982
28841;17.12.1982;1982
28842;18.12.1982;1982
28843;19.12.1982;1982
28844;20.12.1982;1982
28845;21.12.1982;1982
28846;22.12.1982;1982
28847;23.12.1982;1982
28848;24.12.1982;1982
28849;25.12.1982;1982
28850;26.12.1982;1982
28851;27.12.1982;1982
28852;28.12.1982;1982
28853;29.12.1982;1982
28854;30.12.1982;1982
28855;31.12.1982;1982
28856;01.01.1983;1983
28857;02.01.1983;1983
28858;03.01.1983;1983
28859;04.01.1983;1983
28860;05.01.1983;1983
28861;06.01.1983;1983
28862;07.01.1983;1983
28863;08.01.1983;1983
28864;09.01.1983;1983
28865;10.01.1983;1983
28866;11.01.1983;1983
28867;12.01.1983;1983
28868;13.01.1983;1983
28869;14.01.1983;1983
28870;15.01.1983;1983
28871;16.01.1983;1983
28872;17.01.1983;1983
28873;18.01.1983;1983
28874;19.01.1983;1983
28875;20.01.1983;1983
28876;21.01.1983;1983
28877;22.01.1983;1983
28878;23.01.1983;1983
28879;24.01.1983;1983
28880;25.01.1983;1983
28881;26.01.1983;1983
28882;27.01.1983;1983
28883;28.01.1983;1983
28884;29.01.1983;1983
28885;30.01.1983;1983
28886;31.01.1983;1983
28887;01.02.1983;1983
28888;02.02.1983;1983
28889;03.02.1983;1983
28890;04.02.1983;1983
28891;05.02.1983;1983
28892;06.02.1983;1983
28893;07.02.1983;1983
28894;08.02.1983;1983
28895;09.02.1983;1983
28896;10.02.1983;1983
28897;11.02.1983;1983
28898;12.02.1983;1983
28899;13.02.1983;1983
28900;14.02.1983;1983
28901;15.02.1983;1983
28902;16.02.1983;1983
28903;17.02.1983;1983
28904;18.02.1983;1983
28905;19.02.1983;1983
28906;20.02.1983;1983
28907;21.02.1983;1983
28908;22.02.1983;1983
28909;23.02.1983;1983
28910;24.02.1983;1983
28911;25.02.1983;1983
28912;26.02.1983;1983
28913;27.02.1983;1983
28914;28.02.1983;1983
28915;01.03.1983;1983
28916;02.03.1983;1983
28917;03.03.1983;1983
28918;04.03.1983;1983
28919;05.03.1983;1983
28920;06.03.1983;1983
28921;07.03.1983;1983
28922;08.03.1983;1983
28923;09.03.1983;1983
28924;10.03.1983;1983
28925;11.03.1983;1983
28926;12.03.1983;1983
28927;13.03.1983;1983
28928;14.03.1983;1983
28929;15.03.1983;1983
28930;16.03.1983;1983
28931;17.03.1983;1983
28932;18.03.1983;1983
28933;19.03.1983;1983
28934;20.03.1983;1983
28935;21.03.1983;1983
28936;22.03.1983;1983
28937;23.03.1983;1983
28938;24.03.1983;1983
28939;25.03.1983;1983
28940;26.03.1983;1983
28941;27.03.1983;1983
28942;28.03.1983;1983
28943;29.03.1983;1983
28944;30.03.1983;1983
28945;31.03.1983;1983
28946;01.04.1983;1983
28947;02.04.1983;1983
28948;03.04.1983;1983
28949;04.04.1983;1983
28950;05.04.1983;1983
28951;06.04.1983;1983
28952;07.04.1983;1983
28953;08.04.1983;1983
28954;09.04.1983;1983
28955;10.04.1983;1983
28956;11.04.1983;1983
28957;12.04.1983;1983
28958;13.04.1983;1983
28959;14.04.1983;1983
28960;15.04.1983;1983
28961;16.04.1983;1983
28962;17.04.1983;1983
28963;18.04.1983;1983
28964;19.04.1983;1983
28965;20.04.1983;1983
28966;21.04.1983;1983
28967;22.04.1983;1983
28968;23.04.1983;1983
28969;24.04.1983;1983
28970;25.04.1983;1983
28971;26.04.1983;1983
28972;27.04.1983;1983
28973;28.04.1983;1983
28974;29.04.1983;1983
28975;30.04.1983;1983
28976;01.05.1983;1983
28977;02.05.1983;1983
28978;03.05.1983;1983
28979;04.05.1983;1983
28980;05.05.1983;1983
28981;06.05.1983;1983
28982;07.05.1983;1983
28983;08.05.1983;1983
28984;09.05.1983;1983
28985;10.05.1983;1983
28986;11.05.1983;1983
28987;12.05.1983;1983
28988;13.05.1983;1983
28989;14.05.1983;1983
28990;15.05.1983;1983
28991;16.05.1983;1983
28992;17.05.1983;1983
28993;18.05.1983;1983
28994;19.05.1983;1983
28995;20.05.1983;1983
28996;21.05.1983;1983
28997;22.05.1983;1983
28998;23.05.1983;1983
28999;24.05.1983;1983
29000;25.05.1983;1983
29001;26.05.1983;1983
29002;27.05.1983;1983
29003;28.05.1983;1983
29004;29.05.1983;1983
29005;30.05.1983;1983
29006;31.05.1983;1983
29007;01.06.1983;1983
29008;02.06.1983;1983
29009;03.06.1983;1983
29010;04.06.1983;1983
29011;05.06.1983;1983
29012;06.06.1983;1983
29013;07.06.1983;1983
29014;08.06.1983;1983
29015;09.06.1983;1983
29016;10.06.1983;1983
29017;11.06.1983;1983
29018;12.06.1983;1983
29019;13.06.1983;1983
29020;14.06.1983;1983
29021;15.06.1983;1983
29022;16.06.1983;1983
29023;17.06.1983;1983
29024;18.06.1983;1983
29025;19.06.1983;1983
29026;20.06.1983;1983
29027;21.06.1983;1983
29028;22.06.1983;1983
29029;23.06.1983;1983
29030;24.06.1983;1983
29031;25.06.1983;1983
29032;26.06.1983;1983
29033;27.06.1983;1983
29034;28.06.1983;1983
29035;29.06.1983;1983
29036;30.06.1983;1983
29037;01.07.1983;1983
29038;02.07.1983;1983
29039;03.07.1983;1983
29040;04.07.1983;1983
29041;05.07.1983;1983
29042;06.07.1983;1983
29043;07.07.1983;1983
29044;08.07.1983;1983
29045;09.07.1983;1983
29046;10.07.1983;1983
29047;11.07.1983;1983
29048;12.07.1983;1983
29049;13.07.1983;1983
29050;14.07.1983;1983
29051;15.07.1983;1983
29052;16.07.1983;1983
29053;17.07.1983;1983
29054;18.07.1983;1983
29055;19.07.1983;1983
29056;20.07.1983;1983
29057;21.07.1983;1983
29058;22.07.1983;1983
29059;23.07.1983;1983
29060;24.07.1983;1983
29061;25.07.1983;1983
29062;26.07.1983;1983
29063;27.07.1983;1983
29064;28.07.1983;1983
29065;29.07.1983;1983
29066;30.07.1983;1983
29067;31.07.1983;1983
29068;01.08.1983;1983
29069;02.08.1983;1983
29070;03.08.1983;1983
29071;04.08.1983;1983
29072;05.08.1983;1983
29073;06.08.1983;1983
29074;07.08.1983;1983
29075;08.08.1983;1983
29076;09.08.1983;1983
29077;10.08.1983;1983
29078;11.08.1983;1983
29079;12.08.1983;1983
29080;13.08.1983;1983
29081;14.08.1983;1983
29082;15.08.1983;1983
29083;16.08.1983;1983
29084;17.08.1983;1983
29085;18.08.1983;1983
29086;19.08.1983;1983
29087;20.08.1983;1983
29088;21.08.1983;1983
29089;22.08.1983;1983
29090;23.08.1983;1983
29091;24.08.1983;1983
29092;25.08.1983;1983
29093;26.08.1983;1983
29094;27.08.1983;1983
29095;28.08.1983;1983
29096;29.08.1983;1983
29097;30.08.1983;1983
29098;31.08.1983;1983
29099;01.09.1983;1983
29100;02.09.1983;1983
29101;03.09.1983;1983
29102;04.09.1983;1983
29103;05.09.1983;1983
29104;06.09.1983;1983
29105;07.09.1983;1983
29106;08.09.1983;1983
29107;09.09.1983;1983
29108;10.09.1983;1983
29109;11.09.1983;1983
29110;12.09.1983;1983
29111;13.09.1983;1983
29112;14.09.1983;1983
29113;15.09.1983;1983
29114;16.09.1983;1983
29115;17.09.1983;1983
29116;18.09.1983;1983
29117;19.09.1983;1983
29118;20.09.1983;1983
29119;21.09.1983;1983
29120;22.09.1983;1983
29121;23.09.1983;1983
29122;24.09.1983;1983
29123;25.09.1983;1983
29124;26.09.1983;1983
29125;27.09.1983;1983
29126;28.09.1983;1983
29127;29.09.1983;1983
29128;30.09.1983;1983
29129;01.10.1983;1983
29130;02.10.1983;1983
29131;03.10.1983;1983
29132;04.10.1983;1983
29133;05.10.1983;1983
29134;06.10.1983;1983
29135;07.10.1983;1983
29136;08.10.1983;1983
29137;09.10.1983;1983
29138;10.10.1983;1983
29139;11.10.1983;1983
29140;12.10.1983;1983
29141;13.10.1983;1983
29142;14.10.1983;1983
29143;15.10.1983;1983
29144;16.10.1983;1983
29145;17.10.1983;1983
29146;18.10.1983;1983
29147;19.10.1983;1983
29148;20.10.1983;1983
29149;21.10.1983;1983
29150;22.10.1983;1983
29151;23.10.1983;1983
29152;24.10.1983;1983
29153;25.10.1983;1983
29154;26.10.1983;1983
29155;27.10.1983;1983
29156;28.10.1983;1983
29157;29.10.1983;1983
29158;30.10.1983;1983
29159;31.10.1983;1983
29160;01.11.1983;1983
29161;02.11.1983;1983
29162;03.11.1983;1983
29163;04.11.1983;1983
29164;05.11.1983;1983
29165;06.11.1983;1983
29166;07.11.1983;1983
29167;08.11.1983;1983
29168;09.11.1983;1983
29169;10.11.1983;1983
29170;11.11.1983;1983
29171;12.11.1983;1983
29172;13.11.1983;1983
29173;14.11.1983;1983
29174;15.11.1983;1983
29175;16.11.1983;1983
29176;17.11.1983;1983
29177;18.11.1983;1983
29178;19.11.1983;1983
29179;20.11.1983;1983
29180;21.11.1983;1983
29181;22.11.1983;1983
29182;23.11.1983;1983
29183;24.11.1983;1983
29184;25.11.1983;1983
29185;26.11.1983;1983
29186;27.11.1983;1983
29187;28.11.1983;1983
29188;29.11.1983;1983
29189;30.11.1983;1983
29190;01.12.1983;1983
29191;02.12.1983;1983
29192;03.12.1983;1983
29193;04.12.1983;1983
29194;05.12.1983;1983
29195;06.12.1983;1983
29196;07.12.1983;1983
29197;08.12.1983;1983
29198;09.12.1983;1983
29199;10.12.1983;1983
29200;11.12.1983;1983
29201;12.12.1983;1983
29202;13.12.1983;1983
29203;14.12.1983;1983
29204;15.12.1983;1983
29205;16.12.1983;1983
29206;17.12.1983;1983
29207;18.12.1983;1983
29208;19.12.1983;1983
29209;20.12.1983;1983
29210;21.12.1983;1983
29211;22.12.1983;1983
29212;23.12.1983;1983
29213;24.12.1983;1983
29214;25.12.1983;1983
29215;26.12.1983;1983
29216;27.12.1983;1983
29217;28.12.1983;1983
29218;29.12.1983;1983
29219;30.12.1983;1983
29220;31.12.1983;1983
29221;01.01.1984;1984
29222;02.01.1984;1984
29223;03.01.1984;1984
29224;04.01.1984;1984
29225;05.01.1984;1984
29226;06.01.1984;1984
29227;07.01.1984;1984
29228;08.01.1984;1984
29229;09.01.1984;1984
29230;10.01.1984;1984
29231;11.01.1984;1984
29232;12.01.1984;1984
29233;13.01.1984;1984
29234;14.01.1984;1984
29235;15.01.1984;1984
29236;16.01.1984;1984
29237;17.01.1984;1984
29238;18.01.1984;1984
29239;19.01.1984;1984
29240;20.01.1984;1984
29241;21.01.1984;1984
29242;22.01.1984;1984
29243;23.01.1984;1984
29244;24.01.1984;1984
29245;25.01.1984;1984
29246;26.01.1984;1984
29247;27.01.1984;1984
29248;28.01.1984;1984
29249;29.01.1984;1984
29250;30.01.1984;1984
29251;31.01.1984;1984
29252;01.02.1984;1984
29253;02.02.1984;1984
29254;03.02.1984;1984
29255;04.02.1984;1984
29256;05.02.1984;1984
29257;06.02.1984;1984
29258;07.02.1984;1984
29259;08.02.1984;1984
29260;09.02.1984;1984
29261;10.02.1984;1984
29262;11.02.1984;1984
29263;12.02.1984;1984
29264;13.02.1984;1984
29265;14.02.1984;1984
29266;15.02.1984;1984
29267;16.02.1984;1984
29268;17.02.1984;1984
29269;18.02.1984;1984
29270;19.02.1984;1984
29271;20.02.1984;1984
29272;21.02.1984;1984
29273;22.02.1984;1984
29274;23.02.1984;1984
29275;24.02.1984;1984
29276;25.02.1984;1984
29277;26.02.1984;1984
29278;27.02.1984;1984
29279;28.02.1984;1984
29280;29.02.1984;1984
29281;01.03.1984;1984
29282;02.03.1984;1984
29283;03.03.1984;1984
29284;04.03.1984;1984
29285;05.03.1984;1984
29286;06.03.1984;1984
29287;07.03.1984;1984
29288;08.03.1984;1984
29289;09.03.1984;1984
29290;10.03.1984;1984
29291;11.03.1984;1984
29292;12.03.1984;1984
29293;13.03.1984;1984
29294;14.03.1984;1984
29295;15.03.1984;1984
29296;16.03.1984;1984
29297;17.03.1984;1984
29298;18.03.1984;1984
29299;19.03.1984;1984
29300;20.03.1984;1984
29301;21.03.1984;1984
29302;22.03.1984;1984
29303;23.03.1984;1984
29304;24.03.1984;1984
29305;25.03.1984;1984
29306;26.03.1984;1984
29307;27.03.1984;1984
29308;28.03.1984;1984
29309;29.03.1984;1984
29310;30.03.1984;1984
29311;31.03.1984;1984
29312;01.04.1984;1984
29313;02.04.1984;1984
29314;03.04.1984;1984
29315;04.04.1984;1984
29316;05.04.1984;1984
29317;06.04.1984;1984
29318;07.04.1984;1984
29319;08.04.1984;1984
29320;09.04.1984;1984
29321;10.04.1984;1984
29322;11.04.1984;1984
29323;12.04.1984;1984
29324;13.04.1984;1984
29325;14.04.1984;1984
29326;15.04.1984;1984
29327;16.04.1984;1984
29328;17.04.1984;1984
29329;18.04.1984;1984
29330;19.04.1984;1984
29331;20.04.1984;1984
29332;21.04.1984;1984
29333;22.04.1984;1984
29334;23.04.1984;1984
29335;24.04.1984;1984
29336;25.04.1984;1984
29337;26.04.1984;1984
29338;27.04.1984;1984
29339;28.04.1984;1984
29340;29.04.1984;1984
29341;30.04.1984;1984
29342;01.05.1984;1984
29343;02.05.1984;1984
29344;03.05.1984;1984
29345;04.05.1984;1984
29346;05.05.1984;1984
29347;06.05.1984;1984
29348;07.05.1984;1984
29349;08.05.1984;1984
29350;09.05.1984;1984
29351;10.05.1984;1984
29352;11.05.1984;1984
29353;12.05.1984;1984
29354;13.05.1984;1984
29355;14.05.1984;1984
29356;15.05.1984;1984
29357;16.05.1984;1984
29358;17.05.1984;1984
29359;18.05.1984;1984
29360;19.05.1984;1984
29361;20.05.1984;1984
29362;21.05.1984;1984
29363;22.05.1984;1984
29364;23.05.1984;1984
29365;24.05.1984;1984
29366;25.05.1984;1984
29367;26.05.1984;1984
29368;27.05.1984;1984
29369;28.05.1984;1984
29370;29.05.1984;1984
29371;30.05.1984;1984
29372;31.05.1984;1984
29373;01.06.1984;1984
29374;02.06.1984;1984
29375;03.06.1984;1984
29376;04.06.1984;1984
29377;05.06.1984;1984
29378;06.06.1984;1984
29379;07.06.1984;1984
29380;08.06.1984;1984
29381;09.06.1984;1984
29382;10.06.1984;1984
29383;11.06.1984;1984
29384;12.06.1984;1984
29385;13.06.1984;1984
29386;14.06.1984;1984
29387;15.06.1984;1984
29388;16.06.1984;1984
29389;17.06.1984;1984
29390;18.06.1984;1984
29391;19.06.1984;1984
29392;20.06.1984;1984
29393;21.06.1984;1984
29394;22.06.1984;1984
29395;23.06.1984;1984
29396;24.06.1984;1984
29397;25.06.1984;1984
29398;26.06.1984;1984
29399;27.06.1984;1984
29400;28.06.1984;1984
29401;29.06.1984;1984
29402;30.06.1984;1984
29403;01.07.1984;1984
29404;02.07.1984;1984
29405;03.07.1984;1984
29406;04.07.1984;1984
29407;05.07.1984;1984
29408;06.07.1984;1984
29409;07.07.1984;1984
29410;08.07.1984;1984
29411;09.07.1984;1984
29412;10.07.1984;1984
29413;11.07.1984;1984
29414;12.07.1984;1984
29415;13.07.1984;1984
29416;14.07.1984;1984
29417;15.07.1984;1984
29418;16.07.1984;1984
29419;17.07.1984;1984
29420;18.07.1984;1984
29421;19.07.1984;1984
29422;20.07.1984;1984
29423;21.07.1984;1984
29424;22.07.1984;1984
29425;23.07.1984;1984
29426;24.07.1984;1984
29427;25.07.1984;1984
29428;26.07.1984;1984
29429;27.07.1984;1984
29430;28.07.1984;1984
29431;29.07.1984;1984
29432;30.07.1984;1984
29433;31.07.1984;1984
29434;01.08.1984;1984
29435;02.08.1984;1984
29436;03.08.1984;1984
29437;04.08.1984;1984
29438;05.08.1984;1984
29439;06.08.1984;1984
29440;07.08.1984;1984
29441;08.08.1984;1984
29442;09.08.1984;1984
29443;10.08.1984;1984
29444;11.08.1984;1984
29445;12.08.1984;1984
29446;13.08.1984;1984
29447;14.08.1984;1984
29448;15.08.1984;1984
29449;16.08.1984;1984
29450;17.08.1984;1984
29451;18.08.1984;1984
29452;19.08.1984;1984
29453;20.08.1984;1984
29454;21.08.1984;1984
29455;22.08.1984;1984
29456;23.08.1984;1984
29457;24.08.1984;1984
29458;25.08.1984;1984
29459;26.08.1984;1984
29460;27.08.1984;1984
29461;28.08.1984;1984
29462;29.08.1984;1984
29463;30.08.1984;1984
29464;31.08.1984;1984
29465;01.09.1984;1984
29466;02.09.1984;1984
29467;03.09.1984;1984
29468;04.09.1984;1984
29469;05.09.1984;1984
29470;06.09.1984;1984
29471;07.09.1984;1984
29472;08.09.1984;1984
29473;09.09.1984;1984
29474;10.09.1984;1984
29475;11.09.1984;1984
29476;12.09.1984;1984
29477;13.09.1984;1984
29478;14.09.1984;1984
29479;15.09.1984;1984
29480;16.09.1984;1984
29481;17.09.1984;1984
29482;18.09.1984;1984
29483;19.09.1984;1984
29484;20.09.1984;1984
29485;21.09.1984;1984
29486;22.09.1984;1984
29487;23.09.1984;1984
29488;24.09.1984;1984
29489;25.09.1984;1984
29490;26.09.1984;1984
29491;27.09.1984;1984
29492;28.09.1984;1984
29493;29.09.1984;1984
29494;30.09.1984;1984
29495;01.10.1984;1984
29496;02.10.1984;1984
29497;03.10.1984;1984
29498;04.10.1984;1984
29499;05.10.1984;1984
29500;06.10.1984;1984
29501;07.10.1984;1984
29502;08.10.1984;1984
29503;09.10.1984;1984
29504;10.10.1984;1984
29505;11.10.1984;1984
29506;12.10.1984;1984
29507;13.10.1984;1984
29508;14.10.1984;1984
29509;15.10.1984;1984
29510;16.10.1984;1984
29511;17.10.1984;1984
29512;18.10.1984;1984
29513;19.10.1984;1984
29514;20.10.1984;1984
29515;21.10.1984;1984
29516;22.10.1984;1984
29517;23.10.1984;1984
29518;24.10.1984;1984
29519;25.10.1984;1984
29520;26.10.1984;1984
29521;27.10.1984;1984
29522;28.10.1984;1984
29523;29.10.1984;1984
29524;30.10.1984;1984
29525;31.10.1984;1984
29526;01.11.1984;1984
29527;02.11.1984;1984
29528;03.11.1984;1984
29529;04.11.1984;1984
29530;05.11.1984;1984
29531;06.11.1984;1984
29532;07.11.1984;1984
29533;08.11.1984;1984
29534;09.11.1984;1984
29535;10.11.1984;1984
29536;11.11.1984;1984
29537;12.11.1984;1984
29538;13.11.1984;1984
29539;14.11.1984;1984
29540;15.11.1984;1984
29541;16.11.1984;1984
29542;17.11.1984;1984
29543;18.11.1984;1984
29544;19.11.1984;1984
29545;20.11.1984;1984
29546;21.11.1984;1984
29547;22.11.1984;1984
29548;23.11.1984;1984
29549;24.11.1984;1984
29550;25.11.1984;1984
29551;26.11.1984;1984
29552;27.11.1984;1984
29553;28.11.1984;1984
29554;29.11.1984;1984
29555;30.11.1984;1984
29556;01.12.1984;1984
29557;02.12.1984;1984
29558;03.12.1984;1984
29559;04.12.1984;1984
29560;05.12.1984;1984
29561;06.12.1984;1984
29562;07.12.1984;1984
29563;08.12.1984;1984
29564;09.12.1984;1984
29565;10.12.1984;1984
29566;11.12.1984;1984
29567;12.12.1984;1984
29568;13.12.1984;1984
29569;14.12.1984;1984
29570;15.12.1984;1984
29571;16.12.1984;1984
29572;17.12.1984;1984
29573;18.12.1984;1984
29574;19.12.1984;1984
29575;20.12.1984;1984
29576;21.12.1984;1984
29577;22.12.1984;1984
29578;23.12.1984;1984
29579;24.12.1984;1984
29580;25.12.1984;1984
29581;26.12.1984;1984
29582;27.12.1984;1984
29583;28.12.1984;1984
29584;29.12.1984;1984
29585;30.12.1984;1984
29586;31.12.1984;1984
29587;01.01.1985;1985
29588;02.01.1985;1985
29589;03.01.1985;1985
29590;04.01.1985;1985
29591;05.01.1985;1985
29592;06.01.1985;1985
29593;07.01.1985;1985
29594;08.01.1985;1985
29595;09.01.1985;1985
29596;10.01.1985;1985
29597;11.01.1985;1985
29598;12.01.1985;1985
29599;13.01.1985;1985
29600;14.01.1985;1985
29601;15.01.1985;1985
29602;16.01.1985;1985
29603;17.01.1985;1985
29604;18.01.1985;1985
29605;19.01.1985;1985
29606;20.01.1985;1985
29607;21.01.1985;1985
29608;22.01.1985;1985
29609;23.01.1985;1985
29610;24.01.1985;1985
29611;25.01.1985;1985
29612;26.01.1985;1985
29613;27.01.1985;1985
29614;28.01.1985;1985
29615;29.01.1985;1985
29616;30.01.1985;1985
29617;31.01.1985;1985
29618;01.02.1985;1985
29619;02.02.1985;1985
29620;03.02.1985;1985
29621;04.02.1985;1985
29622;05.02.1985;1985
29623;06.02.1985;1985
29624;07.02.1985;1985
29625;08.02.1985;1985
29626;09.02.1985;1985
29627;10.02.1985;1985
29628;11.02.1985;1985
29629;12.02.1985;1985
29630;13.02.1985;1985
29631;14.02.1985;1985
29632;15.02.1985;1985
29633;16.02.1985;1985
29634;17.02.1985;1985
29635;18.02.1985;1985
29636;19.02.1985;1985
29637;20.02.1985;1985
29638;21.02.1985;1985
29639;22.02.1985;1985
29640;23.02.1985;1985
29641;24.02.1985;1985
29642;25.02.1985;1985
29643;26.02.1985;1985
29644;27.02.1985;1985
29645;28.02.1985;1985
29646;01.03.1985;1985
29647;02.03.1985;1985
29648;03.03.1985;1985
29649;04.03.1985;1985
29650;05.03.1985;1985
29651;06.03.1985;1985
29652;07.03.1985;1985
29653;08.03.1985;1985
29654;09.03.1985;1985
29655;10.03.1985;1985
29656;11.03.1985;1985
29657;12.03.1985;1985
29658;13.03.1985;1985
29659;14.03.1985;1985
29660;15.03.1985;1985
29661;16.03.1985;1985
29662;17.03.1985;1985
29663;18.03.1985;1985
29664;19.03.1985;1985
29665;20.03.1985;1985
29666;21.03.1985;1985
29667;22.03.1985;1985
29668;23.03.1985;1985
29669;24.03.1985;1985
29670;25.03.1985;1985
29671;26.03.1985;1985
29672;27.03.1985;1985
29673;28.03.1985;1985
29674;29.03.1985;1985
29675;30.03.1985;1985
29676;31.03.1985;1985
29677;01.04.1985;1985
29678;02.04.1985;1985
29679;03.04.1985;1985
29680;04.04.1985;1985
29681;05.04.1985;1985
29682;06.04.1985;1985
29683;07.04.1985;1985
29684;08.04.1985;1985
29685;09.04.1985;1985
29686;10.04.1985;1985
29687;11.04.1985;1985
29688;12.04.1985;1985
29689;13.04.1985;1985
29690;14.04.1985;1985
29691;15.04.1985;1985
29692;16.04.1985;1985
29693;17.04.1985;1985
29694;18.04.1985;1985
29695;19.04.1985;1985
29696;20.04.1985;1985
29697;21.04.1985;1985
29698;22.04.1985;1985
29699;23.04.1985;1985
29700;24.04.1985;1985
29701;25.04.1985;1985
29702;26.04.1985;1985
29703;27.04.1985;1985
29704;28.04.1985;1985
29705;29.04.1985;1985
29706;30.04.1985;1985
29707;01.05.1985;1985
29708;02.05.1985;1985
29709;03.05.1985;1985
29710;04.05.1985;1985
29711;05.05.1985;1985
29712;06.05.1985;1985
29713;07.05.1985;1985
29714;08.05.1985;1985
29715;09.05.1985;1985
29716;10.05.1985;1985
29717;11.05.1985;1985
29718;12.05.1985;1985
29719;13.05.1985;1985
29720;14.05.1985;1985
29721;15.05.1985;1985
29722;16.05.1985;1985
29723;17.05.1985;1985
29724;18.05.1985;1985
29725;19.05.1985;1985
29726;20.05.1985;1985
29727;21.05.1985;1985
29728;22.05.1985;1985
29729;23.05.1985;1985
29730;24.05.1985;1985
29731;25.05.1985;1985
29732;26.05.1985;1985
29733;27.05.1985;1985
29734;28.05.1985;1985
29735;29.05.1985;1985
29736;30.05.1985;1985
29737;31.05.1985;1985
29738;01.06.1985;1985
29739;02.06.1985;1985
29740;03.06.1985;1985
29741;04.06.1985;1985
29742;05.06.1985;1985
29743;06.06.1985;1985
29744;07.06.1985;1985
29745;08.06.1985;1985
29746;09.06.1985;1985
29747;10.06.1985;1985
29748;11.06.1985;1985
29749;12.06.1985;1985
29750;13.06.1985;1985
29751;14.06.1985;1985
29752;15.06.1985;1985
29753;16.06.1985;1985
29754;17.06.1985;1985
29755;18.06.1985;1985
29756;19.06.1985;1985
29757;20.06.1985;1985
29758;21.06.1985;1985
29759;22.06.1985;1985
29760;23.06.1985;1985
29761;24.06.1985;1985
29762;25.06.1985;1985
29763;26.06.1985;1985
29764;27.06.1985;1985
29765;28.06.1985;1985
29766;29.06.1985;1985
29767;30.06.1985;1985
29768;01.07.1985;1985
29769;02.07.1985;1985
29770;03.07.1985;1985
29771;04.07.1985;1985
29772;05.07.1985;1985
29773;06.07.1985;1985
29774;07.07.1985;1985
29775;08.07.1985;1985
29776;09.07.1985;1985
29777;10.07.1985;1985
29778;11.07.1985;1985
29779;12.07.1985;1985
29780;13.07.1985;1985
29781;14.07.1985;1985
29782;15.07.1985;1985
29783;16.07.1985;1985
29784;17.07.1985;1985
29785;18.07.1985;1985
29786;19.07.1985;1985
29787;20.07.1985;1985
29788;21.07.1985;1985
29789;22.07.1985;1985
29790;23.07.1985;1985
29791;24.07.1985;1985
29792;25.07.1985;1985
29793;26.07.1985;1985
29794;27.07.1985;1985
29795;28.07.1985;1985
29796;29.07.1985;1985
29797;30.07.1985;1985
29798;31.07.1985;1985
29799;01.08.1985;1985
29800;02.08.1985;1985
29801;03.08.1985;1985
29802;04.08.1985;1985
29803;05.08.1985;1985
29804;06.08.1985;1985
29805;07.08.1985;1985
29806;08.08.1985;1985
29807;09.08.1985;1985
29808;10.08.1985;1985
29809;11.08.1985;1985
29810;12.08.1985;1985
29811;13.08.1985;1985
29812;14.08.1985;1985
29813;15.08.1985;1985
29814;16.08.1985;1985
29815;17.08.1985;1985
29816;18.08.1985;1985
29817;19.08.1985;1985
29818;20.08.1985;1985
29819;21.08.1985;1985
29820;22.08.1985;1985
29821;23.08.1985;1985
29822;24.08.1985;1985
29823;25.08.1985;1985
29824;26.08.1985;1985
29825;27.08.1985;1985
29826;28.08.1985;1985
29827;29.08.1985;1985
29828;30.08.1985;1985
29829;31.08.1985;1985
29830;01.09.1985;1985
29831;02.09.1985;1985
29832;03.09.1985;1985
29833;04.09.1985;1985
29834;05.09.1985;1985
29835;06.09.1985;1985
29836;07.09.1985;1985
29837;08.09.1985;1985
29838;09.09.1985;1985
29839;10.09.1985;1985
29840;11.09.1985;1985
29841;12.09.1985;1985
29842;13.09.1985;1985
29843;14.09.1985;1985
29844;15.09.1985;1985
29845;16.09.1985;1985
29846;17.09.1985;1985
29847;18.09.1985;1985
29848;19.09.1985;1985
29849;20.09.1985;1985
29850;21.09.1985;1985
29851;22.09.1985;1985
29852;23.09.1985;1985
29853;24.09.1985;1985
29854;25.09.1985;1985
29855;26.09.1985;1985
29856;27.09.1985;1985
29857;28.09.1985;1985
29858;29.09.1985;1985
29859;30.09.1985;1985
29860;01.10.1985;1985
29861;02.10.1985;1985
29862;03.10.1985;1985
29863;04.10.1985;1985
29864;05.10.1985;1985
29865;06.10.1985;1985
29866;07.10.1985;1985
29867;08.10.1985;1985
29868;09.10.1985;1985
29869;10.10.1985;1985
29870;11.10.1985;1985
29871;12.10.1985;1985
29872;13.10.1985;1985
29873;14.10.1985;1985
29874;15.10.1985;1985
29875;16.10.1985;1985
29876;17.10.1985;1985
29877;18.10.1985;1985
29878;19.10.1985;1985
29879;20.10.1985;1985
29880;21.10.1985;1985
29881;22.10.1985;1985
29882;23.10.1985;1985
29883;24.10.1985;1985
29884;25.10.1985;1985
29885;26.10.1985;1985
29886;27.10.1985;1985
29887;28.10.1985;1985
29888;29.10.1985;1985
29889;30.10.1985;1985
29890;31.10.1985;1985
29891;01.11.1985;1985
29892;02.11.1985;1985
29893;03.11.1985;1985
29894;04.11.1985;1985
29895;05.11.1985;1985
29896;06.11.1985;1985
29897;07.11.1985;1985
29898;08.11.1985;1985
29899;09.11.1985;1985
29900;10.11.1985;1985
29901;11.11.1985;1985
29902;12.11.1985;1985
29903;13.11.1985;1985
29904;14.11.1985;1985
29905;15.11.1985;1985
29906;16.11.1985;1985
29907;17.11.1985;1985
29908;18.11.1985;1985
29909;19.11.1985;1985
29910;20.11.1985;1985
29911;21.11.1985;1985
29912;22.11.1985;1985
29913;23.11.1985;1985
29914;24.11.1985;1985
29915;25.11.1985;1985
29916;26.11.1985;1985
29917;27.11.1985;1985
29918;28.11.1985;1985
29919;29.11.1985;1985
29920;30.11.1985;1985
29921;01.12.1985;1985
29922;02.12.1985;1985
29923;03.12.1985;1985
29924;04.12.1985;1985
29925;05.12.1985;1985
29926;06.12.1985;1985
29927;07.12.1985;1985
29928;08.12.1985;1985
29929;09.12.1985;1985
29930;10.12.1985;1985
29931;11.12.1985;1985
29932;12.12.1985;1985
29933;13.12.1985;1985
29934;14.12.1985;1985
29935;15.12.1985;1985
29936;16.12.1985;1985
29937;17.12.1985;1985
29938;18.12.1985;1985
29939;19.12.1985;1985
29940;20.12.1985;1985
29941;21.12.1985;1985
29942;22.12.1985;1985
29943;23.12.1985;1985
29944;24.12.1985;1985
29945;25.12.1985;1985
29946;26.12.1985;1985
29947;27.12.1985;1985
29948;28.12.1985;1985
29949;29.12.1985;1985
29950;30.12.1985;1985
29951;31.12.1985;1985
29952;01.01.1986;1986
29953;02.01.1986;1986
29954;03.01.1986;1986
29955;04.01.1986;1986
29956;05.01.1986;1986
29957;06.01.1986;1986
29958;07.01.1986;1986
29959;08.01.1986;1986
29960;09.01.1986;1986
29961;10.01.1986;1986
29962;11.01.1986;1986
29963;12.01.1986;1986
29964;13.01.1986;1986
29965;14.01.1986;1986
29966;15.01.1986;1986
29967;16.01.1986;1986
29968;17.01.1986;1986
29969;18.01.1986;1986
29970;19.01.1986;1986
29971;20.01.1986;1986
29972;21.01.1986;1986
29973;22.01.1986;1986
29974;23.01.1986;1986
29975;24.01.1986;1986
29976;25.01.1986;1986
29977;26.01.1986;1986
29978;27.01.1986;1986
29979;28.01.1986;1986
29980;29.01.1986;1986
29981;30.01.1986;1986
29982;31.01.1986;1986
29983;01.02.1986;1986
29984;02.02.1986;1986
29985;03.02.1986;1986
29986;04.02.1986;1986
29987;05.02.1986;1986
29988;06.02.1986;1986
29989;07.02.1986;1986
29990;08.02.1986;1986
29991;09.02.1986;1986
29992;10.02.1986;1986
29993;11.02.1986;1986
29994;12.02.1986;1986
29995;13.02.1986;1986
29996;14.02.1986;1986
29997;15.02.1986;1986
29998;16.02.1986;1986
29999;17.02.1986;1986
30000;18.02.1986;1986
30001;19.02.1986;1986
30002;20.02.1986;1986
30003;21.02.1986;1986
30004;22.02.1986;1986
30005;23.02.1986;1986
30006;24.02.1986;1986
30007;25.02.1986;1986
30008;26.02.1986;1986
30009;27.02.1986;1986
30010;28.02.1986;1986
30011;01.03.1986;1986
30012;02.03.1986;1986
30013;03.03.1986;1986
30014;04.03.1986;1986
30015;05.03.1986;1986
30016;06.03.1986;1986
30017;07.03.1986;1986
30018;08.03.1986;1986
30019;09.03.1986;1986
30020;10.03.1986;1986
30021;11.03.1986;1986
30022;12.03.1986;1986
30023;13.03.1986;1986
30024;14.03.1986;1986
30025;15.03.1986;1986
30026;16.03.1986;1986
30027;17.03.1986;1986
30028;18.03.1986;1986
30029;19.03.1986;1986
30030;20.03.1986;1986
30031;21.03.1986;1986
30032;22.03.1986;1986
30033;23.03.1986;1986
30034;24.03.1986;1986
30035;25.03.1986;1986
30036;26.03.1986;1986
30037;27.03.1986;1986
30038;28.03.1986;1986
30039;29.03.1986;1986
30040;30.03.1986;1986
30041;31.03.1986;1986
30042;01.04.1986;1986
30043;02.04.1986;1986
30044;03.04.1986;1986
30045;04.04.1986;1986
30046;05.04.1986;1986
30047;06.04.1986;1986
30048;07.04.1986;1986
30049;08.04.1986;1986
30050;09.04.1986;1986
30051;10.04.1986;1986
30052;11.04.1986;1986
30053;12.04.1986;1986
30054;13.04.1986;1986
30055;14.04.1986;1986
30056;15.04.1986;1986
30057;16.04.1986;1986
30058;17.04.1986;1986
30059;18.04.1986;1986
30060;19.04.1986;1986
30061;20.04.1986;1986
30062;21.04.1986;1986
30063;22.04.1986;1986
30064;23.04.1986;1986
30065;24.04.1986;1986
30066;25.04.1986;1986
30067;26.04.1986;1986
30068;27.04.1986;1986
30069;28.04.1986;1986
30070;29.04.1986;1986
30071;30.04.1986;1986
30072;01.05.1986;1986
30073;02.05.1986;1986
30074;03.05.1986;1986
30075;04.05.1986;1986
30076;05.05.1986;1986
30077;06.05.1986;1986
30078;07.05.1986;1986
30079;08.05.1986;1986
30080;09.05.1986;1986
30081;10.05.1986;1986
30082;11.05.1986;1986
30083;12.05.1986;1986
30084;13.05.1986;1986
30085;14.05.1986;1986
30086;15.05.1986;1986
30087;16.05.1986;1986
30088;17.05.1986;1986
30089;18.05.1986;1986
30090;19.05.1986;1986
30091;20.05.1986;1986
30092;21.05.1986;1986
30093;22.05.1986;1986
30094;23.05.1986;1986
30095;24.05.1986;1986
30096;25.05.1986;1986
30097;26.05.1986;1986
30098;27.05.1986;1986
30099;28.05.1986;1986
30100;29.05.1986;1986
30101;30.05.1986;1986
30102;31.05.1986;1986
30103;01.06.1986;1986
30104;02.06.1986;1986
30105;03.06.1986;1986
30106;04.06.1986;1986
30107;05.06.1986;1986
30108;06.06.1986;1986
30109;07.06.1986;1986
30110;08.06.1986;1986
30111;09.06.1986;1986
30112;10.06.1986;1986
30113;11.06.1986;1986
30114;12.06.1986;1986
30115;13.06.1986;1986
30116;14.06.1986;1986
30117;15.06.1986;1986
30118;16.06.1986;1986
30119;17.06.1986;1986
30120;18.06.1986;1986
30121;19.06.1986;1986
30122;20.06.1986;1986
30123;21.06.1986;1986
30124;22.06.1986;1986
30125;23.06.1986;1986
30126;24.06.1986;1986
30127;25.06.1986;1986
30128;26.06.1986;1986
30129;27.06.1986;1986
30130;28.06.1986;1986
30131;29.06.1986;1986
30132;30.06.1986;1986
30133;01.07.1986;1986
30134;02.07.1986;1986
30135;03.07.1986;1986
30136;04.07.1986;1986
30137;05.07.1986;1986
30138;06.07.1986;1986
30139;07.07.1986;1986
30140;08.07.1986;1986
30141;09.07.1986;1986
30142;10.07.1986;1986
30143;11.07.1986;1986
30144;12.07.1986;1986
30145;13.07.1986;1986
30146;14.07.1986;1986
30147;15.07.1986;1986
30148;16.07.1986;1986
30149;17.07.1986;1986
30150;18.07.1986;1986
30151;19.07.1986;1986
30152;20.07.1986;1986
30153;21.07.1986;1986
30154;22.07.1986;1986
30155;23.07.1986;1986
30156;24.07.1986;1986
30157;25.07.1986;1986
30158;26.07.1986;1986
30159;27.07.1986;1986
30160;28.07.1986;1986
30161;29.07.1986;1986
30162;30.07.1986;1986
30163;31.07.1986;1986
30164;01.08.1986;1986
30165;02.08.1986;1986
30166;03.08.1986;1986
30167;04.08.1986;1986
30168;05.08.1986;1986
30169;06.08.1986;1986
30170;07.08.1986;1986
30171;08.08.1986;1986
30172;09.08.1986;1986
30173;10.08.1986;1986
30174;11.08.1986;1986
30175;12.08.1986;1986
30176;13.08.1986;1986
30177;14.08.1986;1986
30178;15.08.1986;1986
30179;16.08.1986;1986
30180;17.08.1986;1986
30181;18.08.1986;1986
30182;19.08.1986;1986
30183;20.08.1986;1986
30184;21.08.1986;1986
30185;22.08.1986;1986
30186;23.08.1986;1986
30187;24.08.1986;1986
30188;25.08.1986;1986
30189;26.08.1986;1986
30190;27.08.1986;1986
30191;28.08.1986;1986
30192;29.08.1986;1986
30193;30.08.1986;1986
30194;31.08.1986;1986
30195;01.09.1986;1986
30196;02.09.1986;1986
30197;03.09.1986;1986
30198;04.09.1986;1986
30199;05.09.1986;1986
30200;06.09.1986;1986
30201;07.09.1986;1986
30202;08.09.1986;1986
30203;09.09.1986;1986
30204;10.09.1986;1986
30205;11.09.1986;1986
30206;12.09.1986;1986
30207;13.09.1986;1986
30208;14.09.1986;1986
30209;15.09.1986;1986
30210;16.09.1986;1986
30211;17.09.1986;1986
30212;18.09.1986;1986
30213;19.09.1986;1986
30214;20.09.1986;1986
30215;21.09.1986;1986
30216;22.09.1986;1986
30217;23.09.1986;1986
30218;24.09.1986;1986
30219;25.09.1986;1986
30220;26.09.1986;1986
30221;27.09.1986;1986
30222;28.09.1986;1986
30223;29.09.1986;1986
30224;30.09.1986;1986
30225;01.10.1986;1986
30226;02.10.1986;1986
30227;03.10.1986;1986
30228;04.10.1986;1986
30229;05.10.1986;1986
30230;06.10.1986;1986
30231;07.10.1986;1986
30232;08.10.1986;1986
30233;09.10.1986;1986
30234;10.10.1986;1986
30235;11.10.1986;1986
30236;12.10.1986;1986
30237;13.10.1986;1986
30238;14.10.1986;1986
30239;15.10.1986;1986
30240;16.10.1986;1986
30241;17.10.1986;1986
30242;18.10.1986;1986
30243;19.10.1986;1986
30244;20.10.1986;1986
30245;21.10.1986;1986
30246;22.10.1986;1986
30247;23.10.1986;1986
30248;24.10.1986;1986
30249;25.10.1986;1986
30250;26.10.1986;1986
30251;27.10.1986;1986
30252;28.10.1986;1986
30253;29.10.1986;1986
30254;30.10.1986;1986
30255;31.10.1986;1986
30256;01.11.1986;1986
30257;02.11.1986;1986
30258;03.11.1986;1986
30259;04.11.1986;1986
30260;05.11.1986;1986
30261;06.11.1986;1986
30262;07.11.1986;1986
30263;08.11.1986;1986
30264;09.11.1986;1986
30265;10.11.1986;1986
30266;11.11.1986;1986
30267;12.11.1986;1986
30268;13.11.1986;1986
30269;14.11.1986;1986
30270;15.11.1986;1986
30271;16.11.1986;1986
30272;17.11.1986;1986
30273;18.11.1986;1986
30274;19.11.1986;1986
30275;20.11.1986;1986
30276;21.11.1986;1986
30277;22.11.1986;1986
30278;23.11.1986;1986
30279;24.11.1986;1986
30280;25.11.1986;1986
30281;26.11.1986;1986
30282;27.11.1986;1986
30283;28.11.1986;1986
30284;29.11.1986;1986
30285;30.11.1986;1986
30286;01.12.1986;1986
30287;02.12.1986;1986
30288;03.12.1986;1986
30289;04.12.1986;1986
30290;05.12.1986;1986
30291;06.12.1986;1986
30292;07.12.1986;1986
30293;08.12.1986;1986
30294;09.12.1986;1986
30295;10.12.1986;1986
30296;11.12.1986;1986
30297;12.12.1986;1986
30298;13.12.1986;1986
30299;14.12.1986;1986
30300;15.12.1986;1986
30301;16.12.1986;1986
30302;17.12.1986;1986
30303;18.12.1986;1986
30304;19.12.1986;1986
30305;20.12.1986;1986
30306;21.12.1986;1986
30307;22.12.1986;1986
30308;23.12.1986;1986
30309;24.12.1986;1986
30310;25.12.1986;1986
30311;26.12.1986;1986
30312;27.12.1986;1986
30313;28.12.1986;1986
30314;29.12.1986;1986
30315;30.12.1986;1986
30316;31.12.1986;1986
30317;01.01.1987;1987
30318;02.01.1987;1987
30319;03.01.1987;1987
30320;04.01.1987;1987
30321;05.01.1987;1987
30322;06.01.1987;1987
30323;07.01.1987;1987
30324;08.01.1987;1987
30325;09.01.1987;1987
30326;10.01.1987;1987
30327;11.01.1987;1987
30328;12.01.1987;1987
30329;13.01.1987;1987
30330;14.01.1987;1987
30331;15.01.1987;1987
30332;16.01.1987;1987
30333;17.01.1987;1987
30334;18.01.1987;1987
30335;19.01.1987;1987
30336;20.01.1987;1987
30337;21.01.1987;1987
30338;22.01.1987;1987
30339;23.01.1987;1987
30340;24.01.1987;1987
30341;25.01.1987;1987
30342;26.01.1987;1987
30343;27.01.1987;1987
30344;28.01.1987;1987
30345;29.01.1987;1987
30346;30.01.1987;1987
30347;31.01.1987;1987
30348;01.02.1987;1987
30349;02.02.1987;1987
30350;03.02.1987;1987
30351;04.02.1987;1987
30352;05.02.1987;1987
30353;06.02.1987;1987
30354;07.02.1987;1987
30355;08.02.1987;1987
30356;09.02.1987;1987
30357;10.02.1987;1987
30358;11.02.1987;1987
30359;12.02.1987;1987
30360;13.02.1987;1987
30361;14.02.1987;1987
30362;15.02.1987;1987
30363;16.02.1987;1987
30364;17.02.1987;1987
30365;18.02.1987;1987
30366;19.02.1987;1987
30367;20.02.1987;1987
30368;21.02.1987;1987
30369;22.02.1987;1987
30370;23.02.1987;1987
30371;24.02.1987;1987
30372;25.02.1987;1987
30373;26.02.1987;1987
30374;27.02.1987;1987
30375;28.02.1987;1987
30376;01.03.1987;1987
30377;02.03.1987;1987
30378;03.03.1987;1987
30379;04.03.1987;1987
30380;05.03.1987;1987
30381;06.03.1987;1987
30382;07.03.1987;1987
30383;08.03.1987;1987
30384;09.03.1987;1987
30385;10.03.1987;1987
30386;11.03.1987;1987
30387;12.03.1987;1987
30388;13.03.1987;1987
30389;14.03.1987;1987
30390;15.03.1987;1987
30391;16.03.1987;1987
30392;17.03.1987;1987
30393;18.03.1987;1987
30394;19.03.1987;1987
30395;20.03.1987;1987
30396;21.03.1987;1987
30397;22.03.1987;1987
30398;23.03.1987;1987
30399;24.03.1987;1987
30400;25.03.1987;1987
30401;26.03.1987;1987
30402;27.03.1987;1987
30403;28.03.1987;1987
30404;29.03.1987;1987
30405;30.03.1987;1987
30406;31.03.1987;1987
30407;01.04.1987;1987
30408;02.04.1987;1987
30409;03.04.1987;1987
30410;04.04.1987;1987
30411;05.04.1987;1987
30412;06.04.1987;1987
30413;07.04.1987;1987
30414;08.04.1987;1987
30415;09.04.1987;1987
30416;10.04.1987;1987
30417;11.04.1987;1987
30418;12.04.1987;1987
30419;13.04.1987;1987
30420;14.04.1987;1987
30421;15.04.1987;1987
30422;16.04.1987;1987
30423;17.04.1987;1987
30424;18.04.1987;1987
30425;19.04.1987;1987
30426;20.04.1987;1987
30427;21.04.1987;1987
30428;22.04.1987;1987
30429;23.04.1987;1987
30430;24.04.1987;1987
30431;25.04.1987;1987
30432;26.04.1987;1987
30433;27.04.1987;1987
30434;28.04.1987;1987
30435;29.04.1987;1987
30436;30.04.1987;1987
30437;01.05.1987;1987
30438;02.05.1987;1987
30439;03.05.1987;1987
30440;04.05.1987;1987
30441;05.05.1987;1987
30442;06.05.1987;1987
30443;07.05.1987;1987
30444;08.05.1987;1987
30445;09.05.1987;1987
30446;10.05.1987;1987
30447;11.05.1987;1987
30448;12.05.1987;1987
30449;13.05.1987;1987
30450;14.05.1987;1987
30451;15.05.1987;1987
30452;16.05.1987;1987
30453;17.05.1987;1987
30454;18.05.1987;1987
30455;19.05.1987;1987
30456;20.05.1987;1987
30457;21.05.1987;1987
30458;22.05.1987;1987
30459;23.05.1987;1987
30460;24.05.1987;1987
30461;25.05.1987;1987
30462;26.05.1987;1987
30463;27.05.1987;1987
30464;28.05.1987;1987
30465;29.05.1987;1987
30466;30.05.1987;1987
30467;31.05.1987;1987
30468;01.06.1987;1987
30469;02.06.1987;1987
30470;03.06.1987;1987
30471;04.06.1987;1987
30472;05.06.1987;1987
30473;06.06.1987;1987
30474;07.06.1987;1987
30475;08.06.1987;1987
30476;09.06.1987;1987
30477;10.06.1987;1987
30478;11.06.1987;1987
30479;12.06.1987;1987
30480;13.06.1987;1987
30481;14.06.1987;1987
30482;15.06.1987;1987
30483;16.06.1987;1987
30484;17.06.1987;1987
30485;18.06.1987;1987
30486;19.06.1987;1987
30487;20.06.1987;1987
30488;21.06.1987;1987
30489;22.06.1987;1987
30490;23.06.1987;1987
30491;24.06.1987;1987
30492;25.06.1987;1987
30493;26.06.1987;1987
30494;27.06.1987;1987
30495;28.06.1987;1987
30496;29.06.1987;1987
30497;30.06.1987;1987
30498;01.07.1987;1987
30499;02.07.1987;1987
30500;03.07.1987;1987
30501;04.07.1987;1987
30502;05.07.1987;1987
30503;06.07.1987;1987
30504;07.07.1987;1987
30505;08.07.1987;1987
30506;09.07.1987;1987
30507;10.07.1987;1987
30508;11.07.1987;1987
30509;12.07.1987;1987
30510;13.07.1987;1987
30511;14.07.1987;1987
30512;15.07.1987;1987
30513;16.07.1987;1987
30514;17.07.1987;1987
30515;18.07.1987;1987
30516;19.07.1987;1987
30517;20.07.1987;1987
30518;21.07.1987;1987
30519;22.07.1987;1987
30520;23.07.1987;1987
30521;24.07.1987;1987
30522;25.07.1987;1987
30523;26.07.1987;1987
30524;27.07.1987;1987
30525;28.07.1987;1987
30526;29.07.1987;1987
30527;30.07.1987;1987
30528;31.07.1987;1987
30529;01.08.1987;1987
30530;02.08.1987;1987
30531;03.08.1987;1987
30532;04.08.1987;1987
30533;05.08.1987;1987
30534;06.08.1987;1987
30535;07.08.1987;1987
30536;08.08.1987;1987
30537;09.08.1987;1987
30538;10.08.1987;1987
30539;11.08.1987;1987
30540;12.08.1987;1987
30541;13.08.1987;1987
30542;14.08.1987;1987
30543;15.08.1987;1987
30544;16.08.1987;1987
30545;17.08.1987;1987
30546;18.08.1987;1987
30547;19.08.1987;1987
30548;20.08.1987;1987
30549;21.08.1987;1987
30550;22.08.1987;1987
30551;23.08.1987;1987
30552;24.08.1987;1987
30553;25.08.1987;1987
30554;26.08.1987;1987
30555;27.08.1987;1987
30556;28.08.1987;1987
30557;29.08.1987;1987
30558;30.08.1987;1987
30559;31.08.1987;1987
30560;01.09.1987;1987
30561;02.09.1987;1987
30562;03.09.1987;1987
30563;04.09.1987;1987
30564;05.09.1987;1987
30565;06.09.1987;1987
30566;07.09.1987;1987
30567;08.09.1987;1987
30568;09.09.1987;1987
30569;10.09.1987;1987
30570;11.09.1987;1987
30571;12.09.1987;1987
30572;13.09.1987;1987
30573;14.09.1987;1987
30574;15.09.1987;1987
30575;16.09.1987;1987
30576;17.09.1987;1987
30577;18.09.1987;1987
30578;19.09.1987;1987
30579;20.09.1987;1987
30580;21.09.1987;1987
30581;22.09.1987;1987
30582;23.09.1987;1987
30583;24.09.1987;1987
30584;25.09.1987;1987
30585;26.09.1987;1987
30586;27.09.1987;1987
30587;28.09.1987;1987
30588;29.09.1987;1987
30589;30.09.1987;1987
30590;01.10.1987;1987
30591;02.10.1987;1987
30592;03.10.1987;1987
30593;04.10.1987;1987
30594;05.10.1987;1987
30595;06.10.1987;1987
30596;07.10.1987;1987
30597;08.10.1987;1987
30598;09.10.1987;1987
30599;10.10.1987;1987
30600;11.10.1987;1987
30601;12.10.1987;1987
30602;13.10.1987;1987
30603;14.10.1987;1987
30604;15.10.1987;1987
30605;16.10.1987;1987
30606;17.10.1987;1987
30607;18.10.1987;1987
30608;19.10.1987;1987
30609;20.10.1987;1987
30610;21.10.1987;1987
30611;22.10.1987;1987
30612;23.10.1987;1987
30613;24.10.1987;1987
30614;25.10.1987;1987
30615;26.10.1987;1987
30616;27.10.1987;1987
30617;28.10.1987;1987
30618;29.10.1987;1987
30619;30.10.1987;1987
30620;31.10.1987;1987
30621;01.11.1987;1987
30622;02.11.1987;1987
30623;03.11.1987;1987
30624;04.11.1987;1987
30625;05.11.1987;1987
30626;06.11.1987;1987
30627;07.11.1987;1987
30628;08.11.1987;1987
30629;09.11.1987;1987
30630;10.11.1987;1987
30631;11.11.1987;1987
30632;12.11.1987;1987
30633;13.11.1987;1987
30634;14.11.1987;1987
30635;15.11.1987;1987
30636;16.11.1987;1987
30637;17.11.1987;1987
30638;18.11.1987;1987
30639;19.11.1987;1987
30640;20.11.1987;1987
30641;21.11.1987;1987
30642;22.11.1987;1987
30643;23.11.1987;1987
30644;24.11.1987;1987
30645;25.11.1987;1987
30646;26.11.1987;1987
30647;27.11.1987;1987
30648;28.11.1987;1987
30649;29.11.1987;1987
30650;30.11.1987;1987
30651;01.12.1987;1987
30652;02.12.1987;1987
30653;03.12.1987;1987
30654;04.12.1987;1987
30655;05.12.1987;1987
30656;06.12.1987;1987
30657;07.12.1987;1987
30658;08.12.1987;1987
30659;09.12.1987;1987
30660;10.12.1987;1987
30661;11.12.1987;1987
30662;12.12.1987;1987
30663;13.12.1987;1987
30664;14.12.1987;1987
30665;15.12.1987;1987
30666;16.12.1987;1987
30667;17.12.1987;1987
30668;18.12.1987;1987
30669;19.12.1987;1987
30670;20.12.1987;1987
30671;21.12.1987;1987
30672;22.12.1987;1987
30673;23.12.1987;1987
30674;24.12.1987;1987
30675;25.12.1987;1987
30676;26.12.1987;1987
30677;27.12.1987;1987
30678;28.12.1987;1987
30679;29.12.1987;1987
30680;30.12.1987;1987
30681;31.12.1987;1987
30682;01.01.1988;1988
30683;02.01.1988;1988
30684;03.01.1988;1988
30685;04.01.1988;1988
30686;05.01.1988;1988
30687;06.01.1988;1988
30688;07.01.1988;1988
30689;08.01.1988;1988
30690;09.01.1988;1988
30691;10.01.1988;1988
30692;11.01.1988;1988
30693;12.01.1988;1988
30694;13.01.1988;1988
30695;14.01.1988;1988
30696;15.01.1988;1988
30697;16.01.1988;1988
30698;17.01.1988;1988
30699;18.01.1988;1988
30700;19.01.1988;1988
30701;20.01.1988;1988
30702;21.01.1988;1988
30703;22.01.1988;1988
30704;23.01.1988;1988
30705;24.01.1988;1988
30706;25.01.1988;1988
30707;26.01.1988;1988
30708;27.01.1988;1988
30709;28.01.1988;1988
30710;29.01.1988;1988
30711;30.01.1988;1988
30712;31.01.1988;1988
30713;01.02.1988;1988
30714;02.02.1988;1988
30715;03.02.1988;1988
30716;04.02.1988;1988
30717;05.02.1988;1988
30718;06.02.1988;1988
30719;07.02.1988;1988
30720;08.02.1988;1988
30721;09.02.1988;1988
30722;10.02.1988;1988
30723;11.02.1988;1988
30724;12.02.1988;1988
30725;13.02.1988;1988
30726;14.02.1988;1988
30727;15.02.1988;1988
30728;16.02.1988;1988
30729;17.02.1988;1988
30730;18.02.1988;1988
30731;19.02.1988;1988
30732;20.02.1988;1988
30733;21.02.1988;1988
30734;22.02.1988;1988
30735;23.02.1988;1988
30736;24.02.1988;1988
30737;25.02.1988;1988
30738;26.02.1988;1988
30739;27.02.1988;1988
30740;28.02.1988;1988
30741;29.02.1988;1988
30742;01.03.1988;1988
30743;02.03.1988;1988
30744;03.03.1988;1988
30745;04.03.1988;1988
30746;05.03.1988;1988
30747;06.03.1988;1988
30748;07.03.1988;1988
30749;08.03.1988;1988
30750;09.03.1988;1988
30751;10.03.1988;1988
30752;11.03.1988;1988
30753;12.03.1988;1988
30754;13.03.1988;1988
30755;14.03.1988;1988
30756;15.03.1988;1988
30757;16.03.1988;1988
30758;17.03.1988;1988
30759;18.03.1988;1988
30760;19.03.1988;1988
30761;20.03.1988;1988
30762;21.03.1988;1988
30763;22.03.1988;1988
30764;23.03.1988;1988
30765;24.03.1988;1988
30766;25.03.1988;1988
30767;26.03.1988;1988
30768;27.03.1988;1988
30769;28.03.1988;1988
30770;29.03.1988;1988
30771;30.03.1988;1988
30772;31.03.1988;1988
30773;01.04.1988;1988
30774;02.04.1988;1988
30775;03.04.1988;1988
30776;04.04.1988;1988
30777;05.04.1988;1988
30778;06.04.1988;1988
30779;07.04.1988;1988
30780;08.04.1988;1988
30781;09.04.1988;1988
30782;10.04.1988;1988
30783;11.04.1988;1988
30784;12.04.1988;1988
30785;13.04.1988;1988
30786;14.04.1988;1988
30787;15.04.1988;1988
30788;16.04.1988;1988
30789;17.04.1988;1988
30790;18.04.1988;1988
30791;19.04.1988;1988
30792;20.04.1988;1988
30793;21.04.1988;1988
30794;22.04.1988;1988
30795;23.04.1988;1988
30796;24.04.1988;1988
30797;25.04.1988;1988
30798;26.04.1988;1988
30799;27.04.1988;1988
30800;28.04.1988;1988
30801;29.04.1988;1988
30802;30.04.1988;1988
30803;01.05.1988;1988
30804;02.05.1988;1988
30805;03.05.1988;1988
30806;04.05.1988;1988
30807;05.05.1988;1988
30808;06.05.1988;1988
30809;07.05.1988;1988
30810;08.05.1988;1988
30811;09.05.1988;1988
30812;10.05.1988;1988
30813;11.05.1988;1988
30814;12.05.1988;1988
30815;13.05.1988;1988
30816;14.05.1988;1988
30817;15.05.1988;1988
30818;16.05.1988;1988
30819;17.05.1988;1988
30820;18.05.1988;1988
30821;19.05.1988;1988
30822;20.05.1988;1988
30823;21.05.1988;1988
30824;22.05.1988;1988
30825;23.05.1988;1988
30826;24.05.1988;1988
30827;25.05.1988;1988
30828;26.05.1988;1988
30829;27.05.1988;1988
30830;28.05.1988;1988
30831;29.05.1988;1988
30832;30.05.1988;1988
30833;31.05.1988;1988
30834;01.06.1988;1988
30835;02.06.1988;1988
30836;03.06.1988;1988
30837;04.06.1988;1988
30838;05.06.1988;1988
30839;06.06.1988;1988
30840;07.06.1988;1988
30841;08.06.1988;1988
30842;09.06.1988;1988
30843;10.06.1988;1988
30844;11.06.1988;1988
30845;12.06.1988;1988
30846;13.06.1988;1988
30847;14.06.1988;1988
30848;15.06.1988;1988
30849;16.06.1988;1988
30850;17.06.1988;1988
30851;18.06.1988;1988
30852;19.06.1988;1988
30853;20.06.1988;1988
30854;21.06.1988;1988
30855;22.06.1988;1988
30856;23.06.1988;1988
30857;24.06.1988;1988
30858;25.06.1988;1988
30859;26.06.1988;1988
30860;27.06.1988;1988
30861;28.06.1988;1988
30862;29.06.1988;1988
30863;30.06.1988;1988
30864;01.07.1988;1988
30865;02.07.1988;1988
30866;03.07.1988;1988
30867;04.07.1988;1988
30868;05.07.1988;1988
30869;06.07.1988;1988
30870;07.07.1988;1988
30871;08.07.1988;1988
30872;09.07.1988;1988
30873;10.07.1988;1988
30874;11.07.1988;1988
30875;12.07.1988;1988
30876;13.07.1988;1988
30877;14.07.1988;1988
30878;15.07.1988;1988
30879;16.07.1988;1988
30880;17.07.1988;1988
30881;18.07.1988;1988
30882;19.07.1988;1988
30883;20.07.1988;1988
30884;21.07.1988;1988
30885;22.07.1988;1988
30886;23.07.1988;1988
30887;24.07.1988;1988
30888;25.07.1988;1988
30889;26.07.1988;1988
30890;27.07.1988;1988
30891;28.07.1988;1988
30892;29.07.1988;1988
30893;30.07.1988;1988
30894;31.07.1988;1988
30895;01.08.1988;1988
30896;02.08.1988;1988
30897;03.08.1988;1988
30898;04.08.1988;1988
30899;05.08.1988;1988
30900;06.08.1988;1988
30901;07.08.1988;1988
30902;08.08.1988;1988
30903;09.08.1988;1988
30904;10.08.1988;1988
30905;11.08.1988;1988
30906;12.08.1988;1988
30907;13.08.1988;1988
30908;14.08.1988;1988
30909;15.08.1988;1988
30910;16.08.1988;1988
30911;17.08.1988;1988
30912;18.08.1988;1988
30913;19.08.1988;1988
30914;20.08.1988;1988
30915;21.08.1988;1988
30916;22.08.1988;1988
30917;23.08.1988;1988
30918;24.08.1988;1988
30919;25.08.1988;1988
30920;26.08.1988;1988
30921;27.08.1988;1988
30922;28.08.1988;1988
30923;29.08.1988;1988
30924;30.08.1988;1988
30925;31.08.1988;1988
30926;01.09.1988;1988
30927;02.09.1988;1988
30928;03.09.1988;1988
30929;04.09.1988;1988
30930;05.09.1988;1988
30931;06.09.1988;1988
30932;07.09.1988;1988
30933;08.09.1988;1988
30934;09.09.1988;1988
30935;10.09.1988;1988
30936;11.09.1988;1988
30937;12.09.1988;1988
30938;13.09.1988;1988
30939;14.09.1988;1988
30940;15.09.1988;1988
30941;16.09.1988;1988
30942;17.09.1988;1988
30943;18.09.1988;1988
30944;19.09.1988;1988
30945;20.09.1988;1988
30946;21.09.1988;1988
30947;22.09.1988;1988
30948;23.09.1988;1988
30949;24.09.1988;1988
30950;25.09.1988;1988
30951;26.09.1988;1988
30952;27.09.1988;1988
30953;28.09.1988;1988
30954;29.09.1988;1988
30955;30.09.1988;1988
30956;01.10.1988;1988
30957;02.10.1988;1988
30958;03.10.1988;1988
30959;04.10.1988;1988
30960;05.10.1988;1988
30961;06.10.1988;1988
30962;07.10.1988;1988
30963;08.10.1988;1988
30964;09.10.1988;1988
30965;10.10.1988;1988
30966;11.10.1988;1988
30967;12.10.1988;1988
30968;13.10.1988;1988
30969;14.10.1988;1988
30970;15.10.1988;1988
30971;16.10.1988;1988
30972;17.10.1988;1988
30973;18.10.1988;1988
30974;19.10.1988;1988
30975;20.10.1988;1988
30976;21.10.1988;1988
30977;22.10.1988;1988
30978;23.10.1988;1988
30979;24.10.1988;1988
30980;25.10.1988;1988
30981;26.10.1988;1988
30982;27.10.1988;1988
30983;28.10.1988;1988
30984;29.10.1988;1988
30985;30.10.1988;1988
30986;31.10.1988;1988
30987;01.11.1988;1988
30988;02.11.1988;1988
30989;03.11.1988;1988
30990;04.11.1988;1988
30991;05.11.1988;1988
30992;06.11.1988;1988
30993;07.11.1988;1988
30994;08.11.1988;1988
30995;09.11.1988;1988
30996;10.11.1988;1988
30997;11.11.1988;1988
30998;12.11.1988;1988
30999;13.11.1988;1988
31000;14.11.1988;1988
31001;15.11.1988;1988
31002;16.11.1988;1988
31003;17.11.1988;1988
31004;18.11.1988;1988
31005;19.11.1988;1988
31006;20.11.1988;1988
31007;21.11.1988;1988
31008;22.11.1988;1988
31009;23.11.1988;1988
31010;24.11.1988;1988
31011;25.11.1988;1988
31012;26.11.1988;1988
31013;27.11.1988;1988
31014;28.11.1988;1988
31015;29.11.1988;1988
31016;30.11.1988;1988
31017;01.12.1988;1988
31018;02.12.1988;1988
31019;03.12.1988;1988
31020;04.12.1988;1988
31021;05.12.1988;1988
31022;06.12.1988;1988
31023;07.12.1988;1988
31024;08.12.1988;1988
31025;09.12.1988;1988
31026;10.12.1988;1988
31027;11.12.1988;1988
31028;12.12.1988;1988
31029;13.12.1988;1988
31030;14.12.1988;1988
31031;15.12.1988;1988
31032;16.12.1988;1988
31033;17.12.1988;1988
31034;18.12.1988;1988
31035;19.12.1988;1988
31036;20.12.1988;1988
31037;21.12.1988;1988
31038;22.12.1988;1988
31039;23.12.1988;1988
31040;24.12.1988;1988
31041;25.12.1988;1988
31042;26.12.1988;1988
31043;27.12.1988;1988
31044;28.12.1988;1988
31045;29.12.1988;1988
31046;30.12.1988;1988
31047;31.12.1988;1988
32143;01.01.1992;1992
32144;02.01.1992;1992
32145;03.01.1992;1992
32146;04.01.1992;1992
32147;05.01.1992;1992
32148;06.01.1992;1992
32149;07.01.1992;1992
32150;08.01.1992;1992
32151;09.01.1992;1992
32152;10.01.1992;1992
32153;11.01.1992;1992
32154;12.01.1992;1992
32155;13.01.1992;1992
32156;14.01.1992;1992
32157;15.01.1992;1992
32158;16.01.1992;1992
32159;17.01.1992;1992
32160;18.01.1992;1992
32161;19.01.1992;1992
32162;20.01.1992;1992
32163;21.01.1992;1992
32164;22.01.1992;1992
32165;23.01.1992;1992
32166;24.01.1992;1992
32167;25.01.1992;1992
32168;26.01.1992;1992
32169;27.01.1992;1992
32170;28.01.1992;1992
32171;29.01.1992;1992
32172;30.01.1992;1992
32173;31.01.1992;1992
32174;01.02.1992;1992
32175;02.02.1992;1992
32176;03.02.1992;1992
32177;04.02.1992;1992
32178;05.02.1992;1992
32179;06.02.1992;1992
32180;07.02.1992;1992
32181;08.02.1992;1992
32182;09.02.1992;1992
32183;10.02.1992;1992
32184;11.02.1992;1992
32185;12.02.1992;1992
32186;13.02.1992;1992
32187;14.02.1992;1992
32188;15.02.1992;1992
32189;16.02.1992;1992
32190;17.02.1992;1992
32191;18.02.1992;1992
32192;19.02.1992;1992
32193;20.02.1992;1992
32194;21.02.1992;1992
32195;22.02.1992;1992
32196;23.02.1992;1992
32197;24.02.1992;1992
32198;25.02.1992;1992
32199;26.02.1992;1992
32200;27.02.1992;1992
32201;28.02.1992;1992
32202;29.02.1992;1992
32203;01.03.1992;1992
32204;02.03.1992;1992
32205;03.03.1992;1992
32206;04.03.1992;1992
32207;05.03.1992;1992
32208;06.03.1992;1992
32209;07.03.1992;1992
32210;08.03.1992;1992
32211;09.03.1992;1992
32212;10.03.1992;1992
32213;11.03.1992;1992
32214;12.03.1992;1992
32215;13.03.1992;1992
32216;14.03.1992;1992
32217;15.03.1992;1992
32218;16.03.1992;1992
32219;17.03.1992;1992
32220;18.03.1992;1992
32221;19.03.1992;1992
32222;20.03.1992;1992
32223;21.03.1992;1992
32224;22.03.1992;1992
32225;23.03.1992;1992
32226;24.03.1992;1992
32227;25.03.1992;1992
32228;26.03.1992;1992
32229;27.03.1992;1992
32230;28.03.1992;1992
32231;29.03.1992;1992
32232;30.03.1992;1992
32233;31.03.1992;1992
32234;01.04.1992;1992
32235;02.04.1992;1992
32236;03.04.1992;1992
32237;04.04.1992;1992
32238;05.04.1992;1992
32239;06.04.1992;1992
32240;07.04.1992;1992
32241;08.04.1992;1992
32242;09.04.1992;1992
32243;10.04.1992;1992
32244;11.04.1992;1992
32245;12.04.1992;1992
32246;13.04.1992;1992
32247;14.04.1992;1992
32248;15.04.1992;1992
32249;16.04.1992;1992
32250;17.04.1992;1992
32251;18.04.1992;1992
32252;19.04.1992;1992
32253;20.04.1992;1992
32254;21.04.1992;1992
32255;22.04.1992;1992
32256;23.04.1992;1992
32257;24.04.1992;1992
32258;25.04.1992;1992
32259;26.04.1992;1992
32260;27.04.1992;1992
32261;28.04.1992;1992
32262;29.04.1992;1992
32263;30.04.1992;1992
32264;01.05.1992;1992
32265;02.05.1992;1992
32266;03.05.1992;1992
32267;04.05.1992;1992
32268;05.05.1992;1992
32269;06.05.1992;1992
32270;07.05.1992;1992
32271;08.05.1992;1992
32272;09.05.1992;1992
32273;10.05.1992;1992
32274;11.05.1992;1992
32275;12.05.1992;1992
32276;13.05.1992;1992
32277;14.05.1992;1992
32278;15.05.1992;1992
32279;16.05.1992;1992
32280;17.05.1992;1992
32281;18.05.1992;1992
32282;19.05.1992;1992
32283;20.05.1992;1992
32284;21.05.1992;1992
32285;22.05.1992;1992
32286;23.05.1992;1992
32287;24.05.1992;1992
32288;25.05.1992;1992
32289;26.05.1992;1992
32290;27.05.1992;1992
32291;28.05.1992;1992
32292;29.05.1992;1992
32293;30.05.1992;1992
32294;31.05.1992;1992
32295;01.06.1992;1992
32296;02.06.1992;1992
32297;03.06.1992;1992
32298;04.06.1992;1992
32299;05.06.1992;1992
32300;06.06.1992;1992
32301;07.06.1992;1992
32302;08.06.1992;1992
32303;09.06.1992;1992
32304;10.06.1992;1992
32305;11.06.1992;1992
32306;12.06.1992;1992
32307;13.06.1992;1992
32308;14.06.1992;1992
32309;15.06.1992;1992
32310;16.06.1992;1992
32311;17.06.1992;1992
32312;18.06.1992;1992
32313;19.06.1992;1992
32314;20.06.1992;1992
32315;21.06.1992;1992
32316;22.06.1992;1992
32317;23.06.1992;1992
32318;24.06.1992;1992
32319;25.06.1992;1992
32320;26.06.1992;1992
32321;27.06.1992;1992
32322;28.06.1992;1992
32323;29.06.1992;1992
32324;30.06.1992;1992
32325;01.07.1992;1992
32326;02.07.1992;1992
32327;03.07.1992;1992
32328;04.07.1992;1992
32329;05.07.1992;1992
32330;06.07.1992;1992
32331;07.07.1992;1992
32332;08.07.1992;1992
32333;09.07.1992;1992
32334;10.07.1992;1992
32335;11.07.1992;1992
32336;12.07.1992;1992
32337;13.07.1992;1992
32338;14.07.1992;1992
32339;15.07.1992;1992
32340;16.07.1992;1992
32341;17.07.1992;1992
32342;18.07.1992;1992
32343;19.07.1992;1992
32344;20.07.1992;1992
32345;21.07.1992;1992
32346;22.07.1992;1992
32347;23.07.1992;1992
32348;24.07.1992;1992
32349;25.07.1992;1992
32350;26.07.1992;1992
32351;27.07.1992;1992
32352;28.07.1992;1992
32353;29.07.1992;1992
32354;30.07.1992;1992
32355;31.07.1992;1992
32356;01.08.1992;1992
32357;02.08.1992;1992
32358;03.08.1992;1992
32359;04.08.1992;1992
32360;05.08.1992;1992
32361;06.08.1992;1992
32362;07.08.1992;1992
32363;08.08.1992;1992
32364;09.08.1992;1992
32365;10.08.1992;1992
32366;11.08.1992;1992
32367;12.08.1992;1992
32368;13.08.1992;1992
32369;14.08.1992;1992
32370;15.08.1992;1992
32371;16.08.1992;1992
32372;17.08.1992;1992
32373;18.08.1992;1992
32374;19.08.1992;1992
32375;20.08.1992;1992
32376;21.08.1992;1992
32377;22.08.1992;1992
32378;23.08.1992;1992
32379;24.08.1992;1992
32380;25.08.1992;1992
32381;26.08.1992;1992
32382;27.08.1992;1992
32383;28.08.1992;1992
32384;29.08.1992;1992
32385;30.08.1992;1992
32386;31.08.1992;1992
32387;01.09.1992;1992
32388;02.09.1992;1992
32389;03.09.1992;1992
32390;04.09.1992;1992
32391;05.09.1992;1992
32392;06.09.1992;1992
32393;07.09.1992;1992
32394;08.09.1992;1992
32395;09.09.1992;1992
32396;10.09.1992;1992
32397;11.09.1992;1992
32398;12.09.1992;1992
32399;13.09.1992;1992
32400;14.09.1992;1992
32401;15.09.1992;1992
32402;16.09.1992;1992
32403;17.09.1992;1992
32404;18.09.1992;1992
32405;19.09.1992;1992
32406;20.09.1992;1992
32407;21.09.1992;1992
32408;22.09.1992;1992
32409;23.09.1992;1992
32410;24.09.1992;1992
32411;25.09.1992;1992
32412;26.09.1992;1992
32413;27.09.1992;1992
32414;28.09.1992;1992
32415;29.09.1992;1992
32416;30.09.1992;1992
32417;01.10.1992;1992
32418;02.10.1992;1992
32419;03.10.1992;1992
32420;04.10.1992;1992
32421;05.10.1992;1992
32422;06.10.1992;1992
32423;07.10.1992;1992
32424;08.10.1992;1992
32425;09.10.1992;1992
32426;10.10.1992;1992
32427;11.10.1992;1992
32428;12.10.1992;1992
32429;13.10.1992;1992
32430;14.10.1992;1992
32431;15.10.1992;1992
32432;16.10.1992;1992
32433;17.10.1992;1992
32434;18.10.1992;1992
32435;19.10.1992;1992
32436;20.10.1992;1992
32437;21.10.1992;1992
32438;22.10.1992;1992
32439;23.10.1992;1992
32440;24.10.1992;1992
32441;25.10.1992;1992
32442;26.10.1992;1992
32443;27.10.1992;1992
32444;28.10.1992;1992
32445;29.10.1992;1992
32446;30.10.1992;1992
32447;31.10.1992;1992
32448;01.11.1992;1992
32449;02.11.1992;1992
32450;03.11.1992;1992
32451;04.11.1992;1992
32452;05.11.1992;1992
32453;06.11.1992;1992
32454;07.11.1992;1992
32455;08.11.1992;1992
32456;09.11.1992;1992
32457;10.11.1992;1992
32458;11.11.1992;1992
32459;12.11.1992;1992
32460;13.11.1992;1992
32461;14.11.1992;1992
32462;15.11.1992;1992
32463;16.11.1992;1992
32464;17.11.1992;1992
32465;18.11.1992;1992
32466;19.11.1992;1992
32467;20.11.1992;1992
32468;21.11.1992;1992
32469;22.11.1992;1992
32470;23.11.1992;1992
32471;24.11.1992;1992
32472;25.11.1992;1992
32473;26.11.1992;1992
32474;27.11.1992;1992
32475;28.11.1992;1992
32476;29.11.1992;1992
32477;30.11.1992;1992
32478;01.12.1992;1992
32479;02.12.1992;1992
32480;03.12.1992;1992
32481;04.12.1992;1992
32482;05.12.1992;1992
32483;06.12.1992;1992
32484;07.12.1992;1992
32485;08.12.1992;1992
32486;09.12.1992;1992
32487;10.12.1992;1992
32488;11.12.1992;1992
32489;12.12.1992;1992
32490;13.12.1992;1992
32491;14.12.1992;1992
32492;15.12.1992;1992
32493;16.12.1992;1992
32494;17.12.1992;1992
32495;18.12.1992;1992
32496;19.12.1992;1992
32497;20.12.1992;1992
32498;21.12.1992;1992
32499;22.12.1992;1992
32500;23.12.1992;1992
32501;24.12.1992;1992
32502;25.12.1992;1992
32503;26.12.1992;1992
32504;27.12.1992;1992
32505;28.12.1992;1992
32506;29.12.1992;1992
32507;30.12.1992;1992
32508;31.12.1992;1992
33604;01.01.1996;1996
33605;02.01.1996;1996
33606;03.01.1996;1996
33607;04.01.1996;1996
33608;05.01.1996;1996
33609;06.01.1996;1996
33610;07.01.1996;1996
33611;08.01.1996;1996
33612;09.01.1996;1996
33613;10.01.1996;1996
33614;11.01.1996;1996
33615;12.01.1996;1996
33616;13.01.1996;1996
33617;14.01.1996;1996
33618;15.01.1996;1996
33619;16.01.1996;1996
33620;17.01.1996;1996
33621;18.01.1996;1996
33622;19.01.1996;1996
33623;20.01.1996;1996
33624;21.01.1996;1996
33625;22.01.1996;1996
33626;23.01.1996;1996
33627;24.01.1996;1996
33628;25.01.1996;1996
33629;26.01.1996;1996
33630;27.01.1996;1996
33631;28.01.1996;1996
33632;29.01.1996;1996
33633;30.01.1996;1996
33634;31.01.1996;1996
33635;01.02.1996;1996
33636;02.02.1996;1996
33637;03.02.1996;1996
33638;04.02.1996;1996
33639;05.02.1996;1996
33640;06.02.1996;1996
33641;07.02.1996;1996
33642;08.02.1996;1996
33643;09.02.1996;1996
33644;10.02.1996;1996
33645;11.02.1996;1996
33646;12.02.1996;1996
33647;13.02.1996;1996
33648;14.02.1996;1996
33649;15.02.1996;1996
33650;16.02.1996;1996
33651;17.02.1996;1996
33652;18.02.1996;1996
33653;19.02.1996;1996
33654;20.02.1996;1996
33655;21.02.1996;1996
33656;22.02.1996;1996
33657;23.02.1996;1996
33658;24.02.1996;1996
33659;25.02.1996;1996
33660;26.02.1996;1996
33661;27.02.1996;1996
33662;28.02.1996;1996
33663;29.02.1996;1996
33664;01.03.1996;1996
33665;02.03.1996;1996
33666;03.03.1996;1996
33667;04.03.1996;1996
33668;05.03.1996;1996
33669;06.03.1996;1996
33670;07.03.1996;1996
33671;08.03.1996;1996
33672;09.03.1996;1996
33673;10.03.1996;1996
33674;11.03.1996;1996
33675;12.03.1996;1996
33676;13.03.1996;1996
33677;14.03.1996;1996
33678;15.03.1996;1996
33679;16.03.1996;1996
33680;17.03.1996;1996
33681;18.03.1996;1996
33682;19.03.1996;1996
33683;20.03.1996;1996
33684;21.03.1996;1996
33685;22.03.1996;1996
33686;23.03.1996;1996
33687;24.03.1996;1996
33688;25.03.1996;1996
33689;26.03.1996;1996
33690;27.03.1996;1996
33691;28.03.1996;1996
33692;29.03.1996;1996
33693;30.03.1996;1996
33694;31.03.1996;1996
33695;01.04.1996;1996
33696;02.04.1996;1996
33697;03.04.1996;1996
33698;04.04.1996;1996
33699;05.04.1996;1996
33700;06.04.1996;1996
33701;07.04.1996;1996
33702;08.04.1996;1996
33703;09.04.1996;1996
33704;10.04.1996;1996
33705;11.04.1996;1996
33706;12.04.1996;1996
33707;13.04.1996;1996
33708;14.04.1996;1996
33709;15.04.1996;1996
33710;16.04.1996;1996
33711;17.04.1996;1996
33712;18.04.1996;1996
33713;19.04.1996;1996
33714;20.04.1996;1996
33715;21.04.1996;1996
33716;22.04.1996;1996
33717;23.04.1996;1996
33718;24.04.1996;1996
33719;25.04.1996;1996
33720;26.04.1996;1996
33721;27.04.1996;1996
33722;28.04.1996;1996
33723;29.04.1996;1996
33724;30.04.1996;1996
33725;01.05.1996;1996
33726;02.05.1996;1996
33727;03.05.1996;1996
33728;04.05.1996;1996
33729;05.05.1996;1996
33730;06.05.1996;1996
33731;07.05.1996;1996
33732;08.05.1996;1996
33733;09.05.1996;1996
33734;10.05.1996;1996
33735;11.05.1996;1996
33736;12.05.1996;1996
33737;13.05.1996;1996
33738;14.05.1996;1996
33739;15.05.1996;1996
33740;16.05.1996;1996
33741;17.05.1996;1996
33742;18.05.1996;1996
33743;19.05.1996;1996
33744;20.05.1996;1996
33745;21.05.1996;1996
33746;22.05.1996;1996
33747;23.05.1996;1996
33748;24.05.1996;1996
33749;25.05.1996;1996
33750;26.05.1996;1996
33751;27.05.1996;1996
33752;28.05.1996;1996
33753;29.05.1996;1996
33754;30.05.1996;1996
33755;31.05.1996;1996
33756;01.06.1996;1996
33757;02.06.1996;1996
33758;03.06.1996;1996
33759;04.06.1996;1996
33760;05.06.1996;1996
33761;06.06.1996;1996
33762;07.06.1996;1996
33763;08.06.1996;1996
33764;09.06.1996;1996
33765;10.06.1996;1996
33766;11.06.1996;1996
33767;12.06.1996;1996
33768;13.06.1996;1996
33769;14.06.1996;1996
33770;15.06.1996;1996
33771;16.06.1996;1996
33772;17.06.1996;1996
33773;18.06.1996;1996
33774;19.06.1996;1996
33775;20.06.1996;1996
33776;21.06.1996;1996
33777;22.06.1996;1996
33778;23.06.1996;1996
33779;24.06.1996;1996
33780;25.06.1996;1996
33781;26.06.1996;1996
33782;27.06.1996;1996
33783;28.06.1996;1996
33784;29.06.1996;1996
33785;30.06.1996;1996
33786;01.07.1996;1996
33787;02.07.1996;1996
33788;03.07.1996;1996
33789;04.07.1996;1996
33790;05.07.1996;1996
33791;06.07.1996;1996
33792;07.07.1996;1996
33793;08.07.1996;1996
33794;09.07.1996;1996
33795;10.07.1996;1996
33796;11.07.1996;1996
33797;12.07.1996;1996
33798;13.07.1996;1996
33799;14.07.1996;1996
33800;15.07.1996;1996
33801;16.07.1996;1996
33802;17.07.1996;1996
33803;18.07.1996;1996
33804;19.07.1996;1996
33805;20.07.1996;1996
33806;21.07.1996;1996
33807;22.07.1996;1996
33808;23.07.1996;1996
33809;24.07.1996;1996
33810;25.07.1996;1996
33811;26.07.1996;1996
33812;27.07.1996;1996
33813;28.07.1996;1996
33814;29.07.1996;1996
33815;30.07.1996;1996
33816;31.07.1996;1996
33817;01.08.1996;1996
33818;02.08.1996;1996
33819;03.08.1996;1996
33820;04.08.1996;1996
33821;05.08.1996;1996
33822;06.08.1996;1996
33823;07.08.1996;1996
33824;08.08.1996;1996
33825;09.08.1996;1996
33826;10.08.1996;1996
33827;11.08.1996;1996
33828;12.08.1996;1996
33829;13.08.1996;1996
33830;14.08.1996;1996
33831;15.08.1996;1996
33832;16.08.1996;1996
33833;17.08.1996;1996
33834;18.08.1996;1996
33835;19.08.1996;1996
33836;20.08.1996;1996
33837;21.08.1996;1996
33838;22.08.1996;1996
33839;23.08.1996;1996
33840;24.08.1996;1996
33841;25.08.1996;1996
33842;26.08.1996;1996
33843;27.08.1996;1996
33844;28.08.1996;1996
33845;29.08.1996;1996
33846;30.08.1996;1996
33847;31.08.1996;1996
33848;01.09.1996;1996
33849;02.09.1996;1996
33850;03.09.1996;1996
33851;04.09.1996;1996
33852;05.09.1996;1996
33853;06.09.1996;1996
33854;07.09.1996;1996
33855;08.09.1996;1996
33856;09.09.1996;1996
33857;10.09.1996;1996
33858;11.09.1996;1996
33859;12.09.1996;1996
33860;13.09.1996;1996
33861;14.09.1996;1996
33862;15.09.1996;1996
33863;16.09.1996;1996
33864;17.09.1996;1996
33865;18.09.1996;1996
33866;19.09.1996;1996
33867;20.09.1996;1996
33868;21.09.1996;1996
33869;22.09.1996;1996
33870;23.09.1996;1996
33871;24.09.1996;1996
33872;25.09.1996;1996
33873;26.09.1996;1996
33874;27.09.1996;1996
33875;28.09.1996;1996
33876;29.09.1996;1996
33877;30.09.1996;1996
33878;01.10.1996;1996
33879;02.10.1996;1996
33880;03.10.1996;1996
33881;04.10.1996;1996
33882;05.10.1996;1996
33883;06.10.1996;1996
33884;07.10.1996;1996
33885;08.10.1996;1996
33886;09.10.1996;1996
33887;10.10.1996;1996
33888;11.10.1996;1996
33889;12.10.1996;1996
33890;13.10.1996;1996
33891;14.10.1996;1996
33892;15.10.1996;1996
33893;16.10.1996;1996
33894;17.10.1996;1996
33895;18.10.1996;1996
33896;19.10.1996;1996
33897;20.10.1996;1996
33898;21.10.1996;1996
33899;22.10.1996;1996
33900;23.10.1996;1996
33901;24.10.1996;1996
33902;25.10.1996;1996
33903;26.10.1996;1996
33904;27.10.1996;1996
33905;28.10.1996;1996
33906;29.10.1996;1996
33907;30.10.1996;1996
33908;31.10.1996;1996
33909;01.11.1996;1996
33910;02.11.1996;1996
33911;03.11.1996;1996
33912;04.11.1996;1996
33913;05.11.1996;1996
33914;06.11.1996;1996
33915;07.11.1996;1996
33916;08.11.1996;1996
33917;09.11.1996;1996
33918;10.11.1996;1996
33919;11.11.1996;1996
33920;12.11.1996;1996
33921;13.11.1996;1996
33922;14.11.1996;1996
33923;15.11.1996;1996
33924;16.11.1996;1996
33925;17.11.1996;1996
33926;18.11.1996;1996
33927;19.11.1996;1996
33928;20.11.1996;1996
33929;21.11.1996;1996
33930;22.11.1996;1996
33931;23.11.1996;1996
33932;24.11.1996;1996
33933;25.11.1996;1996
33934;26.11.1996;1996
33935;27.11.1996;1996
33936;28.11.1996;1996
33937;29.11.1996;1996
33938;30.11.1996;1996
33939;01.12.1996;1996
33940;02.12.1996;1996
33941;03.12.1996;1996
33942;04.12.1996;1996
33943;05.12.1996;1996
33944;06.12.1996;1996
33945;07.12.1996;1996
33946;08.12.1996;1996
33947;09.12.1996;1996
33948;10.12.1996;1996
33949;11.12.1996;1996
33950;12.12.1996;1996
33951;13.12.1996;1996
33952;14.12.1996;1996
33953;15.12.1996;1996
33954;16.12.1996;1996
33955;17.12.1996;1996
33956;18.12.1996;1996
33957;19.12.1996;1996
33958;20.12.1996;1996
33959;21.12.1996;1996
33960;22.12.1996;1996
33961;23.12.1996;1996
33962;24.12.1996;1996
33963;25.12.1996;1996
33964;26.12.1996;1996
33965;27.12.1996;1996
33966;28.12.1996;1996
33967;29.12.1996;1996
33968;30.12.1996;1996
33969;31.12.1996;1996
35065;01.01.2000;2000
35066;02.01.2000;2000
35067;03.01.2000;2000
35068;04.01.2000;2000
35069;05.01.2000;2000
35070;06.01.2000;2000
35071;07.01.2000;2000
35072;08.01.2000;2000
35073;09.01.2000;2000
35074;10.01.2000;2000
35075;11.01.2000;2000
35076;12.01.2000;2000
35077;13.01.2000;2000
35078;14.01.2000;2000
35079;15.01.2000;2000
35080;16.01.2000;2000
35081;17.01.2000;2000
35082;18.01.2000;2000
35083;19.01.2000;2000
35084;20.01.2000;2000
35085;21.01.2000;2000
35086;22.01.2000;2000
35087;23.01.2000;2000
35088;24.01.2000;2000
35089;25.01.2000;2000
35090;26.01.2000;2000
35091;27.01.2000;2000
35092;28.01.2000;2000
35093;29.01.2000;2000
35094;30.01.2000;2000
35095;31.01.2000;2000
35096;01.02.2000;2000
35097;02.02.2000;2000
35098;03.02.2000;2000
35099;04.02.2000;2000
35100;05.02.2000;2000
35101;06.02.2000;2000
35102;07.02.2000;2000
35103;08.02.2000;2000
35104;09.02.2000;2000
35105;10.02.2000;2000
35106;11.02.2000;2000
35107;12.02.2000;2000
35108;13.02.2000;2000
35109;14.02.2000;2000
35110;15.02.2000;2000
35111;16.02.2000;2000
35112;17.02.2000;2000
35113;18.02.2000;2000
35114;19.02.2000;2000
35115;20.02.2000;2000
35116;21.02.2000;2000
35117;22.02.2000;2000
35118;23.02.2000;2000
35119;24.02.2000;2000
35120;25.02.2000;2000
35121;26.02.2000;2000
35122;27.02.2000;2000
35123;28.02.2000;2000
35124;29.02.2000;2000
35125;01.03.2000;2000
35126;02.03.2000;2000
35127;03.03.2000;2000
35128;04.03.2000;2000
35129;05.03.2000;2000
35130;06.03.2000;2000
35131;07.03.2000;2000
35132;08.03.2000;2000
35133;09.03.2000;2000
35134;10.03.2000;2000
35135;11.03.2000;2000
35136;12.03.2000;2000
35137;13.03.2000;2000
35138;14.03.2000;2000
35139;15.03.2000;2000
35140;16.03.2000;2000
35141;17.03.2000;2000
35142;18.03.2000;2000
35143;19.03.2000;2000
35144;20.03.2000;2000
35145;21.03.2000;2000
35146;22.03.2000;2000
35147;23.03.2000;2000
35148;24.03.2000;2000
35149;25.03.2000;2000
35150;26.03.2000;2000
35151;27.03.2000;2000
35152;28.03.2000;2000
35153;29.03.2000;2000
35154;30.03.2000;2000
35155;31.03.2000;2000
35156;01.04.2000;2000
35157;02.04.2000;2000
35158;03.04.2000;2000
35159;04.04.2000;2000
35160;05.04.2000;2000
35161;06.04.2000;2000
35162;07.04.2000;2000
35163;08.04.2000;2000
35164;09.04.2000;2000
35165;10.04.2000;2000
35166;11.04.2000;2000
35167;12.04.2000;2000
35168;13.04.2000;2000
35169;14.04.2000;2000
35170;15.04.2000;2000
35171;16.04.2000;2000
35172;17.04.2000;2000
35173;18.04.2000;2000
35174;19.04.2000;2000
35175;20.04.2000;2000
35176;21.04.2000;2000
35177;22.04.2000;2000
35178;23.04.2000;2000
35179;24.04.2000;2000
35180;25.04.2000;2000
35181;26.04.2000;2000
35182;27.04.2000;2000
35183;28.04.2000;2000
35184;29.04.2000;2000
35185;30.04.2000;2000
35186;01.05.2000;2000
35187;02.05.2000;2000
35188;03.05.2000;2000
35189;04.05.2000;2000
35190;05.05.2000;2000
35191;06.05.2000;2000
35192;07.05.2000;2000
35193;08.05.2000;2000
35194;09.05.2000;2000
35195;10.05.2000;2000
35196;11.05.2000;2000
35197;12.05.2000;2000
35198;13.05.2000;2000
35199;14.05.2000;2000
35200;15.05.2000;2000
35201;16.05.2000;2000
35202;17.05.2000;2000
35203;18.05.2000;2000
35204;19.05.2000;2000
35205;20.05.2000;2000
35206;21.05.2000;2000
35207;22.05.2000;2000
35208;23.05.2000;2000
35209;24.05.2000;2000
35210;25.05.2000;2000
35211;26.05.2000;2000
35212;27.05.2000;2000
35213;28.05.2000;2000
35214;29.05.2000;2000
35215;30.05.2000;2000
35216;31.05.2000;2000
35217;01.06.2000;2000
35218;02.06.2000;2000
35219;03.06.2000;2000
35220;04.06.2000;2000
35221;05.06.2000;2000
35222;06.06.2000;2000
35223;07.06.2000;2000
35224;08.06.2000;2000
35225;09.06.2000;2000
35226;10.06.2000;2000
35227;11.06.2000;2000
35228;12.06.2000;2000
35229;13.06.2000;2000
35230;14.06.2000;2000
35231;15.06.2000;2000
35232;16.06.2000;2000
35233;17.06.2000;2000
35234;18.06.2000;2000
35235;19.06.2000;2000
35236;20.06.2000;2000
35237;21.06.2000;2000
35238;22.06.2000;2000
35239;23.06.2000;2000
35240;24.06.2000;2000
35241;25.06.2000;2000
35242;26.06.2000;2000
35243;27.06.2000;2000
35244;28.06.2000;2000
35245;29.06.2000;2000
35246;30.06.2000;2000
35247;01.07.2000;2000
35248;02.07.2000;2000
35249;03.07.2000;2000
35250;04.07.2000;2000
35251;05.07.2000;2000
35252;06.07.2000;2000
35253;07.07.2000;2000
35254;08.07.2000;2000
35255;09.07.2000;2000
35256;10.07.2000;2000
35257;11.07.2000;2000
35258;12.07.2000;2000
35259;13.07.2000;2000
35260;14.07.2000;2000
35261;15.07.2000;2000
35262;16.07.2000;2000
35263;17.07.2000;2000
35264;18.07.2000;2000
35265;19.07.2000;2000
35266;20.07.2000;2000
35267;21.07.2000;2000
35268;22.07.2000;2000
35269;23.07.2000;2000
35270;24.07.2000;2000
35271;25.07.2000;2000
35272;26.07.2000;2000
35273;27.07.2000;2000
35274;28.07.2000;2000
35275;29.07.2000;2000
35276;30.07.2000;2000
35277;31.07.2000;2000
35278;01.08.2000;2000
35279;02.08.2000;2000
35280;03.08.2000;2000
35281;04.08.2000;2000
35282;05.08.2000;2000
35283;06.08.2000;2000
35284;07.08.2000;2000
35285;08.08.2000;2000
35286;09.08.2000;2000
35287;10.08.2000;2000
35288;11.08.2000;2000
35289;12.08.2000;2000
35290;13.08.2000;2000
35291;14.08.2000;2000
35292;15.08.2000;2000
35293;16.08.2000;2000
35294;17.08.2000;2000
35295;18.08.2000;2000
35296;19.08.2000;2000
35297;20.08.2000;2000
35298;21.08.2000;2000
35299;22.08.2000;2000
35300;23.08.2000;2000
35301;24.08.2000;2000
35302;25.08.2000;2000
35303;26.08.2000;2000
35304;27.08.2000;2000
35305;28.08.2000;2000
35306;29.08.2000;2000
35307;30.08.2000;2000
35308;31.08.2000;2000
35309;01.09.2000;2000
35310;02.09.2000;2000
35311;03.09.2000;2000
35312;04.09.2000;2000
35313;05.09.2000;2000
35314;06.09.2000;2000
35315;07.09.2000;2000
35316;08.09.2000;2000
35317;09.09.2000;2000
35318;10.09.2000;2000
35319;11.09.2000;2000
35320;12.09.2000;2000
35321;13.09.2000;2000
35322;14.09.2000;2000
35323;15.09.2000;2000
35324;16.09.2000;2000
35325;17.09.2000;2000
35326;18.09.2000;2000
35327;19.09.2000;2000
35328;20.09.2000;2000
35329;21.09.2000;2000
35330;22.09.2000;2000
35331;23.09.2000;2000
35332;24.09.2000;2000
35333;25.09.2000;2000
35334;26.09.2000;2000
35335;27.09.2000;2000
35336;28.09.2000;2000
35337;29.09.2000;2000
35338;30.09.2000;2000
35339;01.10.2000;2000
35340;02.10.2000;2000
35341;03.10.2000;2000
35342;04.10.2000;2000
35343;05.10.2000;2000
35344;06.10.2000;2000
35345;07.10.2000;2000
35346;08.10.2000;2000
35347;09.10.2000;2000
35348;10.10.2000;2000
35349;11.10.2000;2000
35350;12.10.2000;2000
35351;13.10.2000;2000
35352;14.10.2000;2000
35353;15.10.2000;2000
35354;16.10.2000;2000
35355;17.10.2000;2000
35356;18.10.2000;2000
35357;19.10.2000;2000
35358;20.10.2000;2000
35359;21.10.2000;2000
35360;22.10.2000;2000
35361;23.10.2000;2000
35362;24.10.2000;2000
35363;25.10.2000;2000
35364;26.10.2000;2000
35365;27.10.2000;2000
35366;28.10.2000;2000
35367;29.10.2000;2000
35368;30.10.2000;2000
35369;31.10.2000;2000
35370;01.11.2000;2000
35371;02.11.2000;2000
35372;03.11.2000;2000
35373;04.11.2000;2000
35374;05.11.2000;2000
35375;06.11.2000;2000
35376;07.11.2000;2000
35377;08.11.2000;2000
35378;09.11.2000;2000
35379;10.11.2000;2000
35380;11.11.2000;2000
35381;12.11.2000;2000
35382;13.11.2000;2000
35383;14.11.2000;2000
35384;15.11.2000;2000
35385;16.11.2000;2000
35386;17.11.2000;2000
35387;18.11.2000;2000
35388;19.11.2000;2000
35389;20.11.2000;2000
35390;21.11.2000;2000
35391;22.11.2000;2000
35392;23.11.2000;2000
35393;24.11.2000;2000
35394;25.11.2000;2000
35395;26.11.2000;2000
35396;27.11.2000;2000
35397;28.11.2000;2000
35398;29.11.2000;2000
35399;30.11.2000;2000
35400;01.12.2000;2000
35401;02.12.2000;2000
35402;03.12.2000;2000
35403;04.12.2000;2000
35404;05.12.2000;2000
35405;06.12.2000;2000
35406;07.12.2000;2000
35407;08.12.2000;2000
35408;09.12.2000;2000
35409;10.12.2000;2000
35410;11.12.2000;2000
35411;12.12.2000;2000
35412;13.12.2000;2000
35413;14.12.2000;2000
35414;15.12.2000;2000
35415;16.12.2000;2000
35416;17.12.2000;2000
35417;18.12.2000;2000
35418;19.12.2000;2000
35419;20.12.2000;2000
35420;21.12.2000;2000
35421;22.12.2000;2000
35422;23.12.2000;2000
35423;24.12.2000;2000
35424;25.12.2000;2000
35425;26.12.2000;2000
35426;27.12.2000;2000
35427;28.12.2000;2000
35428;29.12.2000;2000
35429;30.12.2000;2000
35430;31.12.2000;2000
36526;01.01.2004;2004
36527;02.01.2004;2004
36528;03.01.2004;2004
36529;04.01.2004;2004
36530;05.01.2004;2004
36531;06.01.2004;2004
36532;07.01.2004;2004
36533;08.01.2004;2004
36534;09.01.2004;2004
36535;10.01.2004;2004
36536;11.01.2004;2004
36537;12.01.2004;2004
36538;13.01.2004;2004
36539;14.01.2004;2004
36540;15.01.2004;2004
36541;16.01.2004;2004
36542;17.01.2004;2004
36543;18.01.2004;2004
36544;19.01.2004;2004
36545;20.01.2004;2004
36546;21.01.2004;2004
36547;22.01.2004;2004
36548;23.01.2004;2004
36549;24.01.2004;2004
36550;25.01.2004;2004
36551;26.01.2004;2004
36552;27.01.2004;2004
36553;28.01.2004;2004
36554;29.01.2004;2004
36555;30.01.2004;2004
36556;31.01.2004;2004
36557;01.02.2004;2004
36558;02.02.2004;2004
36559;03.02.2004;2004
36560;04.02.2004;2004
36561;05.02.2004;2004
36562;06.02.2004;2004
36563;07.02.2004;2004
36564;08.02.2004;2004
36565;09.02.2004;2004
36566;10.02.2004;2004
36567;11.02.2004;2004
36568;12.02.2004;2004
36569;13.02.2004;2004
36570;14.02.2004;2004
36571;15.02.2004;2004
36572;16.02.2004;2004
36573;17.02.2004;2004
36574;18.02.2004;2004
36575;19.02.2004;2004
36576;20.02.2004;2004
36577;21.02.2004;2004
36578;22.02.2004;2004
36579;23.02.2004;2004
36580;24.02.2004;2004
36581;25.02.2004;2004
36582;26.02.2004;2004
36583;27.02.2004;2004
36584;28.02.2004;2004
36585;29.02.2004;2004
36586;01.03.2004;2004
36587;02.03.2004;2004
36588;03.03.2004;2004
36589;04.03.2004;2004
36590;05.03.2004;2004
36591;06.03.2004;2004
36592;07.03.2004;2004
36593;08.03.2004;2004
36594;09.03.2004;2004
36595;10.03.2004;2004
36596;11.03.2004;2004
36597;12.03.2004;2004
36598;13.03.2004;2004
36599;14.03.2004;2004
36600;15.03.2004;2004
36601;16.03.2004;2004
36602;17.03.2004;2004
36603;18.03.2004;2004
36604;19.03.2004;2004
36605;20.03.2004;2004
36606;21.03.2004;2004
36607;22.03.2004;2004
36608;23.03.2004;2004
36609;24.03.2004;2004
36610;25.03.2004;2004
36611;26.03.2004;2004
36612;27.03.2004;2004
36613;28.03.2004;2004
36614;29.03.2004;2004
36615;30.03.2004;2004
36616;31.03.2004;2004
36617;01.04.2004;2004
36618;02.04.2004;2004
36619;03.04.2004;2004
36620;04.04.2004;2004
36621;05.04.2004;2004
36622;06.04.2004;2004
36623;07.04.2004;2004
36624;08.04.2004;2004
36625;09.04.2004;2004
36626;10.04.2004;2004
36627;11.04.2004;2004
36628;12.04.2004;2004
36629;13.04.2004;2004
36630;14.04.2004;2004
36631;15.04.2004;2004
36632;16.04.2004;2004
36633;17.04.2004;2004
36634;18.04.2004;2004
36635;19.04.2004;2004
36636;20.04.2004;2004
36637;21.04.2004;2004
36638;22.04.2004;2004
36639;23.04.2004;2004
36640;24.04.2004;2004
36641;25.04.2004;2004
36642;26.04.2004;2004
36643;27.04.2004;2004
36644;28.04.2004;2004
36645;29.04.2004;2004
36646;30.04.2004;2004
36647;01.05.2004;2004
36648;02.05.2004;2004
36649;03.05.2004;2004
36650;04.05.2004;2004
36651;05.05.2004;2004
36652;06.05.2004;2004
36653;07.05.2004;2004
36654;08.05.2004;2004
36655;09.05.2004;2004
36656;10.05.2004;2004
36657;11.05.2004;2004
36658;12.05.2004;2004
36659;13.05.2004;2004
36660;14.05.2004;2004
36661;15.05.2004;2004
36662;16.05.2004;2004
36663;17.05.2004;2004
36664;18.05.2004;2004
36665;19.05.2004;2004
36666;20.05.2004;2004
36667;21.05.2004;2004
36668;22.05.2004;2004
36669;23.05.2004;2004
36670;24.05.2004;2004
36671;25.05.2004;2004
36672;26.05.2004;2004
36673;27.05.2004;2004
36674;28.05.2004;2004
36675;29.05.2004;2004
36676;30.05.2004;2004
36677;31.05.2004;2004
36678;01.06.2004;2004
36679;02.06.2004;2004
36680;03.06.2004;2004
36681;04.06.2004;2004
36682;05.06.2004;2004
36683;06.06.2004;2004
36684;07.06.2004;2004
36685;08.06.2004;2004
36686;09.06.2004;2004
36687;10.06.2004;2004
36688;11.06.2004;2004
36689;12.06.2004;2004
36690;13.06.2004;2004
36691;14.06.2004;2004
36692;15.06.2004;2004
36693;16.06.2004;2004
36694;17.06.2004;2004
36695;18.06.2004;2004
36696;19.06.2004;2004
36697;20.06.2004;2004
36698;21.06.2004;2004
36699;22.06.2004;2004
36700;23.06.2004;2004
36701;24.06.2004;2004
36702;25.06.2004;2004
36703;26.06.2004;2004
36704;27.06.2004;2004
36705;28.06.2004;2004
36706;29.06.2004;2004
36707;30.06.2004;2004
36708;01.07.2004;2004
36709;02.07.2004;2004
36710;03.07.2004;2004
36711;04.07.2004;2004
36712;05.07.2004;2004
36713;06.07.2004;2004
36714;07.07.2004;2004
36715;08.07.2004;2004
36716;09.07.2004;2004
36717;10.07.2004;2004
36718;11.07.2004;2004
36719;12.07.2004;2004
36720;13.07.2004;2004
36721;14.07.2004;2004
36722;15.07.2004;2004
36723;16.07.2004;2004
36724;17.07.2004;2004
36725;18.07.2004;2004
36726;19.07.2004;2004
36727;20.07.2004;2004
36728;21.07.2004;2004
36729;22.07.2004;2004
36730;23.07.2004;2004
36731;24.07.2004;2004
36732;25.07.2004;2004
36733;26.07.2004;2004
36734;27.07.2004;2004
36735;28.07.2004;2004
36736;29.07.2004;2004
36737;30.07.2004;2004
36738;31.07.2004;2004
36739;01.08.2004;2004
36740;02.08.2004;2004
36741;03.08.2004;2004
36742;04.08.2004;2004
36743;05.08.2004;2004
36744;06.08.2004;2004
36745;07.08.2004;2004
36746;08.08.2004;2004
36747;09.08.2004;2004
36748;10.08.2004;2004
36749;11.08.2004;2004
36750;12.08.2004;2004
36751;13.08.2004;2004
36752;14.08.2004;2004
36753;15.08.2004;2004
36754;16.08.2004;2004
36755;17.08.2004;2004
36756;18.08.2004;2004
36757;19.08.2004;2004
36758;20.08.2004;2004
36759;21.08.2004;2004
36760;22.08.2004;2004
36761;23.08.2004;2004
36762;24.08.2004;2004
36763;25.08.2004;2004
36764;26.08.2004;2004
36765;27.08.2004;2004
36766;28.08.2004;2004
36767;29.08.2004;2004
36768;30.08.2004;2004
36769;31.08.2004;2004
36770;01.09.2004;2004
36771;02.09.2004;2004
36772;03.09.2004;2004
36773;04.09.2004;2004
36774;05.09.2004;2004
36775;06.09.2004;2004
36776;07.09.2004;2004
36777;08.09.2004;2004
36778;09.09.2004;2004
36779;10.09.2004;2004
36780;11.09.2004;2004
36781;12.09.2004;2004
36782;13.09.2004;2004
36783;14.09.2004;2004
36784;15.09.2004;2004
36785;16.09.2004;2004
36786;17.09.2004;2004
36787;18.09.2004;2004
36788;19.09.2004;2004
36789;20.09.2004;2004
36790;21.09.2004;2004
36791;22.09.2004;2004
36792;23.09.2004;2004
36793;24.09.2004;2004
36794;25.09.2004;2004
36795;26.09.2004;2004
36796;27.09.2004;2004
36797;28.09.2004;2004
36798;29.09.2004;2004
36799;30.09.2004;2004
36800;01.10.2004;2004
36801;02.10.2004;2004
36802;03.10.2004;2004
36803;04.10.2004;2004
36804;05.10.2004;2004
36805;06.10.2004;2004
36806;07.10.2004;2004
36807;08.10.2004;2004
36808;09.10.2004;2004
36809;10.10.2004;2004
36810;11.10.2004;2004
36811;12.10.2004;2004
36812;13.10.2004;2004
36813;14.10.2004;2004
36814;15.10.2004;2004
36815;16.10.2004;2004
36816;17.10.2004;2004
36817;18.10.2004;2004
36818;19.10.2004;2004
36819;20.10.2004;2004
36820;21.10.2004;2004
36821;22.10.2004;2004
36822;23.10.2004;2004
36823;24.10.2004;2004
36824;25.10.2004;2004
36825;26.10.2004;2004
36826;27.10.2004;2004
36827;28.10.2004;2004
36828;29.10.2004;2004
36829;30.10.2004;2004
36830;31.10.2004;2004
36831;01.11.2004;2004
36832;02.11.2004;2004
36833;03.11.2004;2004
36834;04.11.2004;2004
36835;05.11.2004;2004
36836;06.11.2004;2004
36837;07.11.2004;2004
36838;08.11.2004;2004
36839;09.11.2004;2004
36840;10.11.2004;2004
36841;11.11.2004;2004
36842;12.11.2004;2004
36843;13.11.2004;2004
36844;14.11.2004;2004
36845;15.11.2004;2004
36846;16.11.2004;2004
36847;17.11.2004;2004
36848;18.11.2004;2004
36849;19.11.2004;2004
36850;20.11.2004;2004
36851;21.11.2004;2004
36852;22.11.2004;2004
36853;23.11.2004;2004
36854;24.11.2004;2004
36855;25.11.2004;2004
36856;26.11.2004;2004
36857;27.11.2004;2004
36858;28.11.2004;2004
36859;29.11.2004;2004
36860;30.11.2004;2004
36861;01.12.2004;2004
36862;02.12.2004;2004
36863;03.12.2004;2004
36864;04.12.2004;2004
36865;05.12.2004;2004
36866;06.12.2004;2004
36867;07.12.2004;2004
36868;08.12.2004;2004
36869;09.12.2004;2004
36870;10.12.2004;2004
36871;11.12.2004;2004
36872;12.12.2004;2004
36873;13.12.2004;2004
36874;14.12.2004;2004
36875;15.12.2004;2004
36876;16.12.2004;2004
36877;17.12.2004;2004
36878;18.12.2004;2004
36879;19.12.2004;2004
36880;20.12.2004;2004
36881;21.12.2004;2004
36882;22.12.2004;2004
36883;23.12.2004;2004
36884;24.12.2004;2004
36885;25.12.2004;2004
36886;26.12.2004;2004
36887;27.12.2004;2004
36888;28.12.2004;2004
36889;29.12.2004;2004
36890;30.12.2004;2004
36891;31.12.2004;2004
37987;01.01.2008;2008
37988;02.01.2008;2008
37989;03.01.2008;2008
37990;04.01.2008;2008
37991;05.01.2008;2008
37992;06.01.2008;2008
37993;07.01.2008;2008
37994;08.01.2008;2008
37995;09.01.2008;2008
37996;10.01.2008;2008
37997;11.01.2008;2008
37998;12.01.2008;2008
37999;13.01.2008;2008
38000;14.01.2008;2008
38001;15.01.2008;2008
38002;16.01.2008;2008
38003;17.01.2008;2008
38004;18.01.2008;2008
38005;19.01.2008;2008
38006;20.01.2008;2008
38007;21.01.2008;2008
38008;22.01.2008;2008
38009;23.01.2008;2008
38010;24.01.2008;2008
38011;25.01.2008;2008
38012;26.01.2008;2008
38013;27.01.2008;2008
38014;28.01.2008;2008
38015;29.01.2008;2008
38016;30.01.2008;2008
38017;31.01.2008;2008
38018;01.02.2008;2008
38019;02.02.2008;2008
38020;03.02.2008;2008
38021;04.02.2008;2008
38022;05.02.2008;2008
38023;06.02.2008;2008
38024;07.02.2008;2008
38025;08.02.2008;2008
38026;09.02.2008;2008
38027;10.02.2008;2008
38028;11.02.2008;2008
38029;12.02.2008;2008
38030;13.02.2008;2008
38031;14.02.2008;2008
38032;15.02.2008;2008
38033;16.02.2008;2008
38034;17.02.2008;2008
38035;18.02.2008;2008
38036;19.02.2008;2008
38037;20.02.2008;2008
38038;21.02.2008;2008
38039;22.02.2008;2008
38040;23.02.2008;2008
38041;24.02.2008;2008
38042;25.02.2008;2008
38043;26.02.2008;2008
38044;27.02.2008;2008
38045;28.02.2008;2008
38046;29.02.2008;2008
38047;01.03.2008;2008
38048;02.03.2008;2008
38049;03.03.2008;2008
38050;04.03.2008;2008
38051;05.03.2008;2008
38052;06.03.2008;2008
38053;07.03.2008;2008
38054;08.03.2008;2008
38055;09.03.2008;2008
38056;10.03.2008;2008
38057;11.03.2008;2008
38058;12.03.2008;2008
38059;13.03.2008;2008
38060;14.03.2008;2008
38061;15.03.2008;2008
38062;16.03.2008;2008
38063;17.03.2008;2008
38064;18.03.2008;2008
38065;19.03.2008;2008
38066;20.03.2008;2008
38067;21.03.2008;2008
38068;22.03.2008;2008
38069;23.03.2008;2008
38070;24.03.2008;2008
38071;25.03.2008;2008
38072;26.03.2008;2008
38073;27.03.2008;2008
38074;28.03.2008;2008
38075;29.03.2008;2008
38076;30.03.2008;2008
38077;31.03.2008;2008
38078;01.04.2008;2008
38079;02.04.2008;2008
38080;03.04.2008;2008
38081;04.04.2008;2008
38082;05.04.2008;2008
38083;06.04.2008;2008
38084;07.04.2008;2008
38085;08.04.2008;2008
38086;09.04.2008;2008
38087;10.04.2008;2008
38088;11.04.2008;2008
38089;12.04.2008;2008
38090;13.04.2008;2008
38091;14.04.2008;2008
38092;15.04.2008;2008
38093;16.04.2008;2008
38094;17.04.2008;2008
38095;18.04.2008;2008
38096;19.04.2008;2008
38097;20.04.2008;2008
38098;21.04.2008;2008
38099;22.04.2008;2008
38100;23.04.2008;2008
38101;24.04.2008;2008
38102;25.04.2008;2008
38103;26.04.2008;2008
38104;27.04.2008;2008
38105;28.04.2008;2008
38106;29.04.2008;2008
38107;30.04.2008;2008
38108;01.05.2008;2008
38109;02.05.2008;2008
38110;03.05.2008;2008
38111;04.05.2008;2008
38112;05.05.2008;2008
38113;06.05.2008;2008
38114;07.05.2008;2008
38115;08.05.2008;2008
38116;09.05.2008;2008
38117;10.05.2008;2008
38118;11.05.2008;2008
38119;12.05.2008;2008
38120;13.05.2008;2008
38121;14.05.2008;2008
38122;15.05.2008;2008
38123;16.05.2008;2008
38124;17.05.2008;2008
38125;18.05.2008;2008
38126;19.05.2008;2008
38127;20.05.2008;2008
38128;21.05.2008;2008
38129;22.05.2008;2008
38130;23.05.2008;2008
38131;24.05.2008;2008
38132;25.05.2008;2008
38133;26.05.2008;2008
38134;27.05.2008;2008
38135;28.05.2008;2008
38136;29.05.2008;2008
38137;30.05.2008;2008
38138;31.05.2008;2008
38139;01.06.2008;2008
38140;02.06.2008;2008
38141;03.06.2008;2008
38142;04.06.2008;2008
38143;05.06.2008;2008
38144;06.06.2008;2008
38145;07.06.2008;2008
38146;08.06.2008;2008
38147;09.06.2008;2008
38148;10.06.2008;2008
38149;11.06.2008;2008
38150;12.06.2008;2008
38151;13.06.2008;2008
38152;14.06.2008;2008
38153;15.06.2008;2008
38154;16.06.2008;2008
38155;17.06.2008;2008
38156;18.06.2008;2008
38157;19.06.2008;2008
38158;20.06.2008;2008
38159;21.06.2008;2008
38160;22.06.2008;2008
38161;23.06.2008;2008
38162;24.06.2008;2008
38163;25.06.2008;2008
38164;26.06.2008;2008
38165;27.06.2008;2008
38166;28.06.2008;2008
38167;29.06.2008;2008
38168;30.06.2008;2008
38169;01.07.2008;2008
38170;02.07.2008;2008
38171;03.07.2008;2008
38172;04.07.2008;2008
38173;05.07.2008;2008
38174;06.07.2008;2008
38175;07.07.2008;2008
38176;08.07.2008;2008
38177;09.07.2008;2008
38178;10.07.2008;2008
38179;11.07.2008;2008
38180;12.07.2008;2008
38181;13.07.2008;2008
38182;14.07.2008;2008
38183;15.07.2008;2008
38184;16.07.2008;2008
38185;17.07.2008;2008
38186;18.07.2008;2008
38187;19.07.2008;2008
38188;20.07.2008;2008
38189;21.07.2008;2008
38190;22.07.2008;2008
38191;23.07.2008;2008
38192;24.07.2008;2008
38193;25.07.2008;2008
38194;26.07.2008;2008
38195;27.07.2008;2008
38196;28.07.2008;2008
38197;29.07.2008;2008
38198;30.07.2008;2008
38199;31.07.2008;2008
38200;01.08.2008;2008
38201;02.08.2008;2008
38202;03.08.2008;2008
38203;04.08.2008;2008
38204;05.08.2008;2008
38205;06.08.2008;2008
38206;07.08.2008;2008
38207;08.08.2008;2008
38208;09.08.2008;2008
38209;10.08.2008;2008
38210;11.08.2008;2008
38211;12.08.2008;2008
38212;13.08.2008;2008
38213;14.08.2008;2008
38214;15.08.2008;2008
38215;16.08.2008;2008
38216;17.08.2008;2008
38217;18.08.2008;2008
38218;19.08.2008;2008
38219;20.08.2008;2008
38220;21.08.2008;2008
38221;22.08.2008;2008
38222;23.08.2008;2008
38223;24.08.2008;2008
38224;25.08.2008;2008
38225;26.08.2008;2008
38226;27.08.2008;2008
38227;28.08.2008;2008
38228;29.08.2008;2008
38229;30.08.2008;2008
38230;31.08.2008;2008
38231;01.09.2008;2008
38232;02.09.2008;2008
38233;03.09.2008;2008
38234;04.09.2008;2008
38235;05.09.2008;2008
38236;06.09.2008;2008
38237;07.09.2008;2008
38238;08.09.2008;2008
38239;09.09.2008;2008
38240;10.09.2008;2008
38241;11.09.2008;2008
38242;12.09.2008;2008
38243;13.09.2008;2008
38244;14.09.2008;2008
38245;15.09.2008;2008
38246;16.09.2008;2008
38247;17.09.2008;2008
38248;18.09.2008;2008
38249;19.09.2008;2008
38250;20.09.2008;2008
38251;21.09.2008;2008
38252;22.09.2008;2008
38253;23.09.2008;2008
38254;24.09.2008;2008
38255;25.09.2008;2008
38256;26.09.2008;2008
38257;27.09.2008;2008
38258;28.09.2008;2008
38259;29.09.2008;2008
38260;30.09.2008;2008
38261;01.10.2008;2008
38262;02.10.2008;2008
38263;03.10.2008;2008
38264;04.10.2008;2008
38265;05.10.2008;2008
38266;06.10.2008;2008
38267;07.10.2008;2008
38268;08.10.2008;2008
38269;09.10.2008;2008
38270;10.10.2008;2008
38271;11.10.2008;2008
38272;12.10.2008;2008
38273;13.10.2008;2008
38274;14.10.2008;2008
38275;15.10.2008;2008
38276;16.10.2008;2008
38277;17.10.2008;2008
38278;18.10.2008;2008
38279;19.10.2008;2008
38280;20.10.2008;2008
38281;21.10.2008;2008
38282;22.10.2008;2008
38283;23.10.2008;2008
38284;24.10.2008;2008
38285;25.10.2008;2008
38286;26.10.2008;2008
38287;27.10.2008;2008
38288;28.10.2008;2008
38289;29.10.2008;2008
38290;30.10.2008;2008
38291;31.10.2008;2008
38292;01.11.2008;2008
38293;02.11.2008;2008
38294;03.11.2008;2008
38295;04.11.2008;2008
38296;05.11.2008;2008
38297;06.11.2008;2008
38298;07.11.2008;2008
38299;08.11.2008;2008
38300;09.11.2008;2008
38301;10.11.2008;2008
38302;11.11.2008;2008
38303;12.11.2008;2008
38304;13.11.2008;2008
38305;14.11.2008;2008
38306;15.11.2008;2008
38307;16.11.2008;2008
38308;17.11.2008;2008
38309;18.11.2008;2008
38310;19.11.2008;2008
38311;20.11.2008;2008
38312;21.11.2008;2008
38313;22.11.2008;2008
38314;23.11.2008;2008
38315;24.11.2008;2008
38316;25.11.2008;2008
38317;26.11.2008;2008
38318;27.11.2008;2008
38319;28.11.2008;2008
38320;29.11.2008;2008
38321;30.11.2008;2008
38322;01.12.2008;2008
38323;02.12.2008;2008
38324;03.12.2008;2008
38325;04.12.2008;2008
38326;05.12.2008;2008
38327;06.12.2008;2008
38328;07.12.2008;2008
38329;08.12.2008;2008
38330;09.12.2008;2008
38331;10.12.2008;2008
38332;11.12.2008;2008
38333;12.12.2008;2008
38334;13.12.2008;2008
38335;14.12.2008;2008
38336;15.12.2008;2008
38337;16.12.2008;2008
38338;17.12.2008;2008
38339;18.12.2008;2008
38340;19.12.2008;2008
38341;20.12.2008;2008
38342;21.12.2008;2008
38343;22.12.2008;2008
38344;23.12.2008;2008
38345;24.12.2008;2008
38346;25.12.2008;2008
38347;26.12.2008;2008
38348;27.12.2008;2008
38349;28.12.2008;2008
38350;29.12.2008;2008
38351;30.12.2008;2008
38352;31.12.2008;2008
39448;01.01.2012;2012
39449;02.01.2012;2012
39450;03.01.2012;2012
39451;04.01.2012;2012
39452;05.01.2012;2012
39453;06.01.2012;2012
39454;07.01.2012;2012
39455;08.01.2012;2012
39456;09.01.2012;2012
39457;10.01.2012;2012
39458;11.01.2012;2012
39459;12.01.2012;2012
39460;13.01.2012;2012
39461;14.01.2012;2012
39462;15.01.2012;2012
39463;16.01.2012;2012
39464;17.01.2012;2012
39465;18.01.2012;2012
39466;19.01.2012;2012
39467;20.01.2012;2012
39468;21.01.2012;2012
39469;22.01.2012;2012
39470;23.01.2012;2012
39471;24.01.2012;2012
39472;25.01.2012;2012
39473;26.01.2012;2012
39474;27.01.2012;2012
39475;28.01.2012;2012
39476;29.01.2012;2012
39477;30.01.2012;2012
39478;31.01.2012;2012
39479;01.02.2012;2012
39480;02.02.2012;2012
39481;03.02.2012;2012
39482;04.02.2012;2012
39483;05.02.2012;2012
39484;06.02.2012;2012
39485;07.02.2012;2012
39486;08.02.2012;2012
39487;09.02.2012;2012
39488;10.02.2012;2012
39489;11.02.2012;2012
39490;12.02.2012;2012
39491;13.02.2012;2012
39492;14.02.2012;2012
39493;15.02.2012;2012
39494;16.02.2012;2012
39495;17.02.2012;2012
39496;18.02.2012;2012
39497;19.02.2012;2012
39498;20.02.2012;2012
39499;21.02.2012;2012
39500;22.02.2012;2012
39501;23.02.2012;2012
39502;24.02.2012;2012
39503;25.02.2012;2012
39504;26.02.2012;2012
39505;27.02.2012;2012
39506;28.02.2012;2012
39507;29.02.2012;2012
39508;01.03.2012;2012
39509;02.03.2012;2012
39510;03.03.2012;2012
39511;04.03.2012;2012
39512;05.03.2012;2012
39513;06.03.2012;2012
39514;07.03.2012;2012
39515;08.03.2012;2012
39516;09.03.2012;2012
39517;10.03.2012;2012
39518;11.03.2012;2012
39519;12.03.2012;2012
39520;13.03.2012;2012
39521;14.03.2012;2012
39522;15.03.2012;2012
39523;16.03.2012;2012
39524;17.03.2012;2012
39525;18.03.2012;2012
39526;19.03.2012;2012
39527;20.03.2012;2012
39528;21.03.2012;2012
39529;22.03.2012;2012
39530;23.03.2012;2012
39531;24.03.2012;2012
39532;25.03.2012;2012
39533;26.03.2012;2012
39534;27.03.2012;2012
39535;28.03.2012;2012
39536;29.03.2012;2012
39537;30.03.2012;2012
39538;31.03.2012;2012
39539;01.04.2012;2012
39540;02.04.2012;2012
39541;03.04.2012;2012
39542;04.04.2012;2012
39543;05.04.2012;2012
39544;06.04.2012;2012
39545;07.04.2012;2012
39546;08.04.2012;2012
39547;09.04.2012;2012
39548;10.04.2012;2012
39549;11.04.2012;2012
39550;12.04.2012;2012
39551;13.04.2012;2012
39552;14.04.2012;2012
39553;15.04.2012;2012
39554;16.04.2012;2012
39555;17.04.2012;2012
39556;18.04.2012;2012
39557;19.04.2012;2012
39558;20.04.2012;2012
39559;21.04.2012;2012
39560;22.04.2012;2012
39561;23.04.2012;2012
39562;24.04.2012;2012
39563;25.04.2012;2012
39564;26.04.2012;2012
39565;27.04.2012;2012
39566;28.04.2012;2012
39567;29.04.2012;2012
39568;30.04.2012;2012
39569;01.05.2012;2012
39570;02.05.2012;2012
39571;03.05.2012;2012
39572;04.05.2012;2012
39573;05.05.2012;2012
39574;06.05.2012;2012
39575;07.05.2012;2012
39576;08.05.2012;2012
39577;09.05.2012;2012
39578;10.05.2012;2012
39579;11.05.2012;2012
39580;12.05.2012;2012
39581;13.05.2012;2012
39582;14.05.2012;2012
39583;15.05.2012;2012
39584;16.05.2012;2012
39585;17.05.2012;2012
39586;18.05.2012;2012
39587;19.05.2012;2012
39588;20.05.2012;2012
39589;21.05.2012;2012
39590;22.05.2012;2012
39591;23.05.2012;2012
39592;24.05.2012;2012
39593;25.05.2012;2012
39594;26.05.2012;2012
39595;27.05.2012;2012
39596;28.05.2012;2012
39597;29.05.2012;2012
39598;30.05.2012;2012
39599;31.05.2012;2012
39600;01.06.2012;2012
39601;02.06.2012;2012
39602;03.06.2012;2012
39603;04.06.2012;2012
39604;05.06.2012;2012
39605;06.06.2012;2012
39606;07.06.2012;2012
39607;08.06.2012;2012
39608;09.06.2012;2012
39609;10.06.2012;2012
39610;11.06.2012;2012
39611;12.06.2012;2012
39612;13.06.2012;2012
39613;14.06.2012;2012
39614;15.06.2012;2012
39615;16.06.2012;2012
39616;17.06.2012;2012
39617;18.06.2012;2012
39618;19.06.2012;2012
39619;20.06.2012;2012
39620;21.06.2012;2012
39621;22.06.2012;2012
39622;23.06.2012;2012
39623;24.06.2012;2012
39624;25.06.2012;2012
39625;26.06.2012;2012
39626;27.06.2012;2012
39627;28.06.2012;2012
39628;29.06.2012;2012
39629;30.06.2012;2012
39630;01.07.2012;2012
39631;02.07.2012;2012
39632;03.07.2012;2012
39633;04.07.2012;2012
39634;05.07.2012;2012
39635;06.07.2012;2012
39636;07.07.2012;2012
39637;08.07.2012;2012
39638;09.07.2012;2012
39639;10.07.2012;2012
39640;11.07.2012;2012
39641;12.07.2012;2012
39642;13.07.2012;2012
39643;14.07.2012;2012
39644;15.07.2012;2012
39645;16.07.2012;2012
39646;17.07.2012;2012
39647;18.07.2012;2012
39648;19.07.2012;2012
39649;20.07.2012;2012
39650;21.07.2012;2012
39651;22.07.2012;2012
39652;23.07.2012;2012
39653;24.07.2012;2012
39654;25.07.2012;2012
39655;26.07.2012;2012
39656;27.07.2012;2012
39657;28.07.2012;2012
39658;29.07.2012;2012
39659;30.07.2012;2012
39660;31.07.2012;2012
39661;01.08.2012;2012
39662;02.08.2012;2012
39663;03.08.2012;2012
39664;04.08.2012;2012
39665;05.08.2012;2012
39666;06.08.2012;2012
39667;07.08.2012;2012
39668;08.08.2012;2012
39669;09.08.2012;2012
39670;10.08.2012;2012
39671;11.08.2012;2012
39672;12.08.2012;2012
39673;13.08.2012;2012
39674;14.08.2012;2012
39675;15.08.2012;2012
39676;16.08.2012;2012
39677;17.08.2012;2012
39678;18.08.2012;2012
39679;19.08.2012;2012
39680;20.08.2012;2012
39681;21.08.2012;2012
39682;22.08.2012;2012
39683;23.08.2012;2012
39684;24.08.2012;2012
39685;25.08.2012;2012
39686;26.08.2012;2012
39687;27.08.2012;2012
39688;28.08.2012;2012
39689;29.08.2012;2012
39690;30.08.2012;2012
39691;31.08.2012;2012
39692;01.09.2012;2012
39693;02.09.2012;2012
39694;03.09.2012;2012
39695;04.09.2012;2012
39696;05.09.2012;2012
39697;06.09.2012;2012
39698;07.09.2012;2012
39699;08.09.2012;2012
39700;09.09.2012;2012
39701;10.09.2012;2012
39702;11.09.2012;2012
39703;12.09.2012;2012
39704;13.09.2012;2012
39705;14.09.2012;2012
39706;15.09.2012;2012
39707;16.09.2012;2012
39708;17.09.2012;2012
39709;18.09.2012;2012
39710;19.09.2012;2012
39711;20.09.2012;2012
39712;21.09.2012;2012
39713;22.09.2012;2012
39714;23.09.2012;2012
39715;24.09.2012;2012
39716;25.09.2012;2012
39717;26.09.2012;2012
39718;27.09.2012;2012
39719;28.09.2012;2012
39720;29.09.2012;2012
39721;30.09.2012;2012
39722;01.10.2012;2012
39723;02.10.2012;2012
39724;03.10.2012;2012
39725;04.10.2012;2012
39726;05.10.2012;2012
39727;06.10.2012;2012
39728;07.10.2012;2012
39729;08.10.2012;2012
39730;09.10.2012;2012
39731;10.10.2012;2012
39732;11.10.2012;2012
39733;12.10.2012;2012
39734;13.10.2012;2012
39735;14.10.2012;2012
39736;15.10.2012;2012
39737;16.10.2012;2012
39738;17.10.2012;2012
39739;18.10.2012;2012
39740;19.10.2012;2012
39741;20.10.2012;2012
39742;21.10.2012;2012
39743;22.10.2012;2012
39744;23.10.2012;2012
39745;24.10.2012;2012
39746;25.10.2012;2012
39747;26.10.2012;2012
39748;27.10.2012;2012
39749;28.10.2012;2012
39750;29.10.2012;2012
39751;30.10.2012;2012
39752;31.10.2012;2012
39753;01.11.2012;2012
39754;02.11.2012;2012
39755;03.11.2012;2012
39756;04.11.2012;2012
39757;05.11.2012;2012
39758;06.11.2012;2012
39759;07.11.2012;2012
39760;08.11.2012;2012
39761;09.11.2012;2012
39762;10.11.2012;2012
39763;11.11.2012;2012
39764;12.11.2012;2012
39765;13.11.2012;2012
39766;14.11.2012;2012
39767;15.11.2012;2012
39768;16.11.2012;2012
39769;17.11.2012;2012
39770;18.11.2012;2012
39771;19.11.2012;2012
39772;20.11.2012;2012
39773;21.11.2012;2012
39774;22.11.2012;2012
39775;23.11.2012;2012
39776;24.11.2012;2012
39777;25.11.2012;2012
39778;26.11.2012;2012
39779;27.11.2012;2012
39780;28.11.2012;2012
39781;29.11.2012;2012
39782;30.11.2012;2012
39783;01.12.2012;2012
39784;02.12.2012;2012
39785;03.12.2012;2012
39786;04.12.2012;2012
39787;05.12.2012;2012
39788;06.12.2012;2012
39789;07.12.2012;2012
39790;08.12.2012;2012
39791;09.12.2012;2012
39792;10.12.2012;2012
39793;11.12.2012;2012
39794;12.12.2012;2012
39795;13.12.2012;2012
39796;14.12.2012;2012
39797;15.12.2012;2012
39798;16.12.2012;2012
39799;17.12.2012;2012
39800;18.12.2012;2012
39801;19.12.2012;2012
39802;20.12.2012;2012
39803;21.12.2012;2012
39804;22.12.2012;2012
39805;23.12.2012;2012
39806;24.12.2012;2012
39807;25.12.2012;2012
39808;26.12.2012;2012
39809;27.12.2012;2012
39810;28.12.2012;2012
39811;29.12.2012;2012
39812;30.12.2012;2012
39813;31.12.2012;2012
31048;01.01.1989;1989
31049;02.01.1989;1989
31050;03.01.1989;1989
31051;04.01.1989;1989
31052;05.01.1989;1989
31053;06.01.1989;1989
31054;07.01.1989;1989
31055;08.01.1989;1989
31056;09.01.1989;1989
31057;10.01.1989;1989
31058;11.01.1989;1989
31059;12.01.1989;1989
31060;13.01.1989;1989
31061;14.01.1989;1989
31062;15.01.1989;1989
31063;16.01.1989;1989
31064;17.01.1989;1989
31065;18.01.1989;1989
31066;19.01.1989;1989
31067;20.01.1989;1989
31068;21.01.1989;1989
31069;22.01.1989;1989
31070;23.01.1989;1989
31071;24.01.1989;1989
31072;25.01.1989;1989
31073;26.01.1989;1989
31074;27.01.1989;1989
31075;28.01.1989;1989
31076;29.01.1989;1989
31077;30.01.1989;1989
31078;31.01.1989;1989
31079;01.02.1989;1989
31080;02.02.1989;1989
31081;03.02.1989;1989
31082;04.02.1989;1989
31083;05.02.1989;1989
31084;06.02.1989;1989
31085;07.02.1989;1989
31086;08.02.1989;1989
31087;09.02.1989;1989
31088;10.02.1989;1989
31089;11.02.1989;1989
31090;12.02.1989;1989
31091;13.02.1989;1989
31092;14.02.1989;1989
31093;15.02.1989;1989
31094;16.02.1989;1989
31095;17.02.1989;1989
31096;18.02.1989;1989
31097;19.02.1989;1989
31098;20.02.1989;1989
31099;21.02.1989;1989
31100;22.02.1989;1989
31101;23.02.1989;1989
31102;24.02.1989;1989
31103;25.02.1989;1989
31104;26.02.1989;1989
31105;27.02.1989;1989
31106;28.02.1989;1989
31107;01.03.1989;1989
31108;02.03.1989;1989
31109;03.03.1989;1989
31110;04.03.1989;1989
31111;05.03.1989;1989
31112;06.03.1989;1989
31113;07.03.1989;1989
31114;08.03.1989;1989
31115;09.03.1989;1989
31116;10.03.1989;1989
31117;11.03.1989;1989
31118;12.03.1989;1989
31119;13.03.1989;1989
31120;14.03.1989;1989
31121;15.03.1989;1989
31122;16.03.1989;1989
31123;17.03.1989;1989
31124;18.03.1989;1989
31125;19.03.1989;1989
31126;20.03.1989;1989
31127;21.03.1989;1989
31128;22.03.1989;1989
31129;23.03.1989;1989
31130;24.03.1989;1989
31131;25.03.1989;1989
31132;26.03.1989;1989
31133;27.03.1989;1989
31134;28.03.1989;1989
31135;29.03.1989;1989
31136;30.03.1989;1989
31137;31.03.1989;1989
31138;01.04.1989;1989
31139;02.04.1989;1989
31140;03.04.1989;1989
31141;04.04.1989;1989
31142;05.04.1989;1989
31143;06.04.1989;1989
31144;07.04.1989;1989
31145;08.04.1989;1989
31146;09.04.1989;1989
31147;10.04.1989;1989
31148;11.04.1989;1989
31149;12.04.1989;1989
31150;13.04.1989;1989
31151;14.04.1989;1989
31152;15.04.1989;1989
31153;16.04.1989;1989
31154;17.04.1989;1989
31155;18.04.1989;1989
31156;19.04.1989;1989
31157;20.04.1989;1989
31158;21.04.1989;1989
31159;22.04.1989;1989
31160;23.04.1989;1989
31161;24.04.1989;1989
31162;25.04.1989;1989
31163;26.04.1989;1989
31164;27.04.1989;1989
31165;28.04.1989;1989
31166;29.04.1989;1989
31167;30.04.1989;1989
31168;01.05.1989;1989
31169;02.05.1989;1989
31170;03.05.1989;1989
31171;04.05.1989;1989
31172;05.05.1989;1989
31173;06.05.1989;1989
31174;07.05.1989;1989
31175;08.05.1989;1989
31176;09.05.1989;1989
31177;10.05.1989;1989
31178;11.05.1989;1989
31179;12.05.1989;1989
31180;13.05.1989;1989
31181;14.05.1989;1989
31182;15.05.1989;1989
31183;16.05.1989;1989
31184;17.05.1989;1989
31185;18.05.1989;1989
31186;19.05.1989;1989
31187;20.05.1989;1989
31188;21.05.1989;1989
31189;22.05.1989;1989
31190;23.05.1989;1989
31191;24.05.1989;1989
31192;25.05.1989;1989
31193;26.05.1989;1989
31194;27.05.1989;1989
31195;28.05.1989;1989
31196;29.05.1989;1989
31197;30.05.1989;1989
31198;31.05.1989;1989
31199;01.06.1989;1989
31200;02.06.1989;1989
31201;03.06.1989;1989
31202;04.06.1989;1989
31203;05.06.1989;1989
31204;06.06.1989;1989
31205;07.06.1989;1989
31206;08.06.1989;1989
31207;09.06.1989;1989
31208;10.06.1989;1989
31209;11.06.1989;1989
31210;12.06.1989;1989
31211;13.06.1989;1989
31212;14.06.1989;1989
31213;15.06.1989;1989
31214;16.06.1989;1989
31215;17.06.1989;1989
31216;18.06.1989;1989
31217;19.06.1989;1989
31218;20.06.1989;1989
31219;21.06.1989;1989
31220;22.06.1989;1989
31221;23.06.1989;1989
31222;24.06.1989;1989
31223;25.06.1989;1989
31224;26.06.1989;1989
31225;27.06.1989;1989
31226;28.06.1989;1989
31227;29.06.1989;1989
31228;30.06.1989;1989
31229;01.07.1989;1989
31230;02.07.1989;1989
31231;03.07.1989;1989
31232;04.07.1989;1989
31233;05.07.1989;1989
31234;06.07.1989;1989
31235;07.07.1989;1989
31236;08.07.1989;1989
31237;09.07.1989;1989
31238;10.07.1989;1989
31239;11.07.1989;1989
31240;12.07.1989;1989
31241;13.07.1989;1989
31242;14.07.1989;1989
31243;15.07.1989;1989
31244;16.07.1989;1989
31245;17.07.1989;1989
31246;18.07.1989;1989
31247;19.07.1989;1989
31248;20.07.1989;1989
31249;21.07.1989;1989
31250;22.07.1989;1989
31251;23.07.1989;1989
31252;24.07.1989;1989
31253;25.07.1989;1989
31254;26.07.1989;1989
31255;27.07.1989;1989
31256;28.07.1989;1989
31257;29.07.1989;1989
31258;30.07.1989;1989
31259;31.07.1989;1989
31260;01.08.1989;1989
31261;02.08.1989;1989
31262;03.08.1989;1989
31263;04.08.1989;1989
31264;05.08.1989;1989
31265;06.08.1989;1989
31266;07.08.1989;1989
31267;08.08.1989;1989
31268;09.08.1989;1989
31269;10.08.1989;1989
31270;11.08.1989;1989
31271;12.08.1989;1989
31272;13.08.1989;1989
31273;14.08.1989;1989
31274;15.08.1989;1989
31275;16.08.1989;1989
31276;17.08.1989;1989
31277;18.08.1989;1989
31278;19.08.1989;1989
31279;20.08.1989;1989
31280;21.08.1989;1989
31281;22.08.1989;1989
31282;23.08.1989;1989
31283;24.08.1989;1989
31284;25.08.1989;1989
31285;26.08.1989;1989
31286;27.08.1989;1989
31287;28.08.1989;1989
31288;29.08.1989;1989
31289;30.08.1989;1989
31290;31.08.1989;1989
31291;01.09.1989;1989
31292;02.09.1989;1989
31293;03.09.1989;1989
31294;04.09.1989;1989
31295;05.09.1989;1989
31296;06.09.1989;1989
31297;07.09.1989;1989
31298;08.09.1989;1989
31299;09.09.1989;1989
31300;10.09.1989;1989
31301;11.09.1989;1989
31302;12.09.1989;1989
31303;13.09.1989;1989
31304;14.09.1989;1989
31305;15.09.1989;1989
31306;16.09.1989;1989
31307;17.09.1989;1989
31308;18.09.1989;1989
31309;19.09.1989;1989
31310;20.09.1989;1989
31311;21.09.1989;1989
31312;22.09.1989;1989
31313;23.09.1989;1989
31314;24.09.1989;1989
31315;25.09.1989;1989
31316;26.09.1989;1989
31317;27.09.1989;1989
31318;28.09.1989;1989
31319;29.09.1989;1989
31320;30.09.1989;1989
31321;01.10.1989;1989
31322;02.10.1989;1989
31323;03.10.1989;1989
31324;04.10.1989;1989
31325;05.10.1989;1989
31326;06.10.1989;1989
31327;07.10.1989;1989
31328;08.10.1989;1989
31329;09.10.1989;1989
31330;10.10.1989;1989
31331;11.10.1989;1989
31332;12.10.1989;1989
31333;13.10.1989;1989
31334;14.10.1989;1989
31335;15.10.1989;1989
31336;16.10.1989;1989
31337;17.10.1989;1989
31338;18.10.1989;1989
31339;19.10.1989;1989
31340;20.10.1989;1989
31341;21.10.1989;1989
31342;22.10.1989;1989
31343;23.10.1989;1989
31344;24.10.1989;1989
31345;25.10.1989;1989
31346;26.10.1989;1989
31347;27.10.1989;1989
31348;28.10.1989;1989
31349;29.10.1989;1989
31350;30.10.1989;1989
31351;31.10.1989;1989
31352;01.11.1989;1989
31353;02.11.1989;1989
31354;03.11.1989;1989
31355;04.11.1989;1989
31356;05.11.1989;1989
31357;06.11.1989;1989
31358;07.11.1989;1989
31359;08.11.1989;1989
31360;09.11.1989;1989
31361;10.11.1989;1989
31362;11.11.1989;1989
31363;12.11.1989;1989
31364;13.11.1989;1989
31365;14.11.1989;1989
31366;15.11.1989;1989
31367;16.11.1989;1989
31368;17.11.1989;1989
31369;18.11.1989;1989
31370;19.11.1989;1989
31371;20.11.1989;1989
31372;21.11.1989;1989
31373;22.11.1989;1989
31374;23.11.1989;1989
31375;24.11.1989;1989
31376;25.11.1989;1989
31377;26.11.1989;1989
31378;27.11.1989;1989
31379;28.11.1989;1989
31380;29.11.1989;1989
31381;30.11.1989;1989
31382;01.12.1989;1989
31383;02.12.1989;1989
31384;03.12.1989;1989
31385;04.12.1989;1989
31386;05.12.1989;1989
31387;06.12.1989;1989
31388;07.12.1989;1989
31389;08.12.1989;1989
31390;09.12.1989;1989
31391;10.12.1989;1989
31392;11.12.1989;1989
31393;12.12.1989;1989
31394;13.12.1989;1989
31395;14.12.1989;1989
31396;15.12.1989;1989
31397;16.12.1989;1989
31398;17.12.1989;1989
31399;18.12.1989;1989
31400;19.12.1989;1989
31401;20.12.1989;1989
31402;21.12.1989;1989
31403;22.12.1989;1989
31404;23.12.1989;1989
31405;24.12.1989;1989
31406;25.12.1989;1989
31407;26.12.1989;1989
31408;27.12.1989;1989
31409;28.12.1989;1989
31410;29.12.1989;1989
31411;30.12.1989;1989
31412;31.12.1989;1989
31413;01.01.1990;1990
31414;02.01.1990;1990
31415;03.01.1990;1990
31416;04.01.1990;1990
31417;05.01.1990;1990
31418;06.01.1990;1990
31419;07.01.1990;1990
31420;08.01.1990;1990
31421;09.01.1990;1990
31422;10.01.1990;1990
31423;11.01.1990;1990
31424;12.01.1990;1990
31425;13.01.1990;1990
31426;14.01.1990;1990
31427;15.01.1990;1990
31428;16.01.1990;1990
31429;17.01.1990;1990
31430;18.01.1990;1990
31431;19.01.1990;1990
31432;20.01.1990;1990
31433;21.01.1990;1990
31434;22.01.1990;1990
31435;23.01.1990;1990
31436;24.01.1990;1990
31437;25.01.1990;1990
31438;26.01.1990;1990
31439;27.01.1990;1990
31440;28.01.1990;1990
31441;29.01.1990;1990
31442;30.01.1990;1990
31443;31.01.1990;1990
31444;01.02.1990;1990
31445;02.02.1990;1990
31446;03.02.1990;1990
31447;04.02.1990;1990
31448;05.02.1990;1990
31449;06.02.1990;1990
31450;07.02.1990;1990
31451;08.02.1990;1990
31452;09.02.1990;1990
31453;10.02.1990;1990
31454;11.02.1990;1990
31455;12.02.1990;1990
31456;13.02.1990;1990
31457;14.02.1990;1990
31458;15.02.1990;1990
31459;16.02.1990;1990
31460;17.02.1990;1990
31461;18.02.1990;1990
31462;19.02.1990;1990
31463;20.02.1990;1990
31464;21.02.1990;1990
31465;22.02.1990;1990
31466;23.02.1990;1990
31467;24.02.1990;1990
31468;25.02.1990;1990
31469;26.02.1990;1990
31470;27.02.1990;1990
31471;28.02.1990;1990
31472;01.03.1990;1990
31473;02.03.1990;1990
31474;03.03.1990;1990
31475;04.03.1990;1990
31476;05.03.1990;1990
31477;06.03.1990;1990
31478;07.03.1990;1990
31479;08.03.1990;1990
31480;09.03.1990;1990
31481;10.03.1990;1990
31482;11.03.1990;1990
31483;12.03.1990;1990
31484;13.03.1990;1990
31485;14.03.1990;1990
31486;15.03.1990;1990
31487;16.03.1990;1990
31488;17.03.1990;1990
31489;18.03.1990;1990
31490;19.03.1990;1990
31491;20.03.1990;1990
31492;21.03.1990;1990
31493;22.03.1990;1990
31494;23.03.1990;1990
31495;24.03.1990;1990
31496;25.03.1990;1990
31497;26.03.1990;1990
31498;27.03.1990;1990
31499;28.03.1990;1990
31500;29.03.1990;1990
31501;30.03.1990;1990
31502;31.03.1990;1990
31503;01.04.1990;1990
31504;02.04.1990;1990
31505;03.04.1990;1990
31506;04.04.1990;1990
31507;05.04.1990;1990
31508;06.04.1990;1990
31509;07.04.1990;1990
31510;08.04.1990;1990
31511;09.04.1990;1990
31512;10.04.1990;1990
31513;11.04.1990;1990
31514;12.04.1990;1990
31515;13.04.1990;1990
31516;14.04.1990;1990
31517;15.04.1990;1990
31518;16.04.1990;1990
31519;17.04.1990;1990
31520;18.04.1990;1990
31521;19.04.1990;1990
31522;20.04.1990;1990
31523;21.04.1990;1990
31524;22.04.1990;1990
31525;23.04.1990;1990
31526;24.04.1990;1990
31527;25.04.1990;1990
31528;26.04.1990;1990
31529;27.04.1990;1990
31530;28.04.1990;1990
31531;29.04.1990;1990
31532;30.04.1990;1990
31533;01.05.1990;1990
31534;02.05.1990;1990
31535;03.05.1990;1990
31536;04.05.1990;1990
31537;05.05.1990;1990
31538;06.05.1990;1990
31539;07.05.1990;1990
31540;08.05.1990;1990
31541;09.05.1990;1990
31542;10.05.1990;1990
31543;11.05.1990;1990
31544;12.05.1990;1990
31545;13.05.1990;1990
31546;14.05.1990;1990
31547;15.05.1990;1990
31548;16.05.1990;1990
31549;17.05.1990;1990
31550;18.05.1990;1990
31551;19.05.1990;1990
31552;20.05.1990;1990
31553;21.05.1990;1990
31554;22.05.1990;1990
31555;23.05.1990;1990
31556;24.05.1990;1990
31557;25.05.1990;1990
31558;26.05.1990;1990
31559;27.05.1990;1990
31560;28.05.1990;1990
31561;29.05.1990;1990
31562;30.05.1990;1990
31563;31.05.1990;1990
31564;01.06.1990;1990
31565;02.06.1990;1990
31566;03.06.1990;1990
31567;04.06.1990;1990
31568;05.06.1990;1990
31569;06.06.1990;1990
31570;07.06.1990;1990
31571;08.06.1990;1990
31572;09.06.1990;1990
31573;10.06.1990;1990
31574;11.06.1990;1990
31575;12.06.1990;1990
31576;13.06.1990;1990
31577;14.06.1990;1990
31578;15.06.1990;1990
31579;16.06.1990;1990
31580;17.06.1990;1990
31581;18.06.1990;1990
31582;19.06.1990;1990
31583;20.06.1990;1990
31584;21.06.1990;1990
31585;22.06.1990;1990
31586;23.06.1990;1990
31587;24.06.1990;1990
31588;25.06.1990;1990
31589;26.06.1990;1990
31590;27.06.1990;1990
31591;28.06.1990;1990
31592;29.06.1990;1990
31593;30.06.1990;1990
31594;01.07.1990;1990
31595;02.07.1990;1990
31596;03.07.1990;1990
31597;04.07.1990;1990
31598;05.07.1990;1990
31599;06.07.1990;1990
31600;07.07.1990;1990
31601;08.07.1990;1990
31602;09.07.1990;1990
31603;10.07.1990;1990
31604;11.07.1990;1990
31605;12.07.1990;1990
31606;13.07.1990;1990
31607;14.07.1990;1990
31608;15.07.1990;1990
31609;16.07.1990;1990
31610;17.07.1990;1990
31611;18.07.1990;1990
31612;19.07.1990;1990
31613;20.07.1990;1990
31614;21.07.1990;1990
31615;22.07.1990;1990
31616;23.07.1990;1990
31617;24.07.1990;1990
31618;25.07.1990;1990
31619;26.07.1990;1990
31620;27.07.1990;1990
31621;28.07.1990;1990
31622;29.07.1990;1990
31623;30.07.1990;1990
31624;31.07.1990;1990
31625;01.08.1990;1990
31626;02.08.1990;1990
31627;03.08.1990;1990
31628;04.08.1990;1990
31629;05.08.1990;1990
31630;06.08.1990;1990
31631;07.08.1990;1990
31632;08.08.1990;1990
31633;09.08.1990;1990
31634;10.08.1990;1990
31635;11.08.1990;1990
31636;12.08.1990;1990
31637;13.08.1990;1990
31638;14.08.1990;1990
31639;15.08.1990;1990
31640;16.08.1990;1990
31641;17.08.1990;1990
31642;18.08.1990;1990
31643;19.08.1990;1990
31644;20.08.1990;1990
31645;21.08.1990;1990
31646;22.08.1990;1990
31647;23.08.1990;1990
31648;24.08.1990;1990
31649;25.08.1990;1990
31650;26.08.1990;1990
31651;27.08.1990;1990
31652;28.08.1990;1990
31653;29.08.1990;1990
31654;30.08.1990;1990
31655;31.08.1990;1990
31656;01.09.1990;1990
31657;02.09.1990;1990
31658;03.09.1990;1990
31659;04.09.1990;1990
31660;05.09.1990;1990
31661;06.09.1990;1990
31662;07.09.1990;1990
31663;08.09.1990;1990
31664;09.09.1990;1990
31665;10.09.1990;1990
31666;11.09.1990;1990
31667;12.09.1990;1990
31668;13.09.1990;1990
31669;14.09.1990;1990
31670;15.09.1990;1990
31671;16.09.1990;1990
31672;17.09.1990;1990
31673;18.09.1990;1990
31674;19.09.1990;1990
31675;20.09.1990;1990
31676;21.09.1990;1990
31677;22.09.1990;1990
31678;23.09.1990;1990
31679;24.09.1990;1990
31680;25.09.1990;1990
31681;26.09.1990;1990
31682;27.09.1990;1990
31683;28.09.1990;1990
31684;29.09.1990;1990
31685;30.09.1990;1990
31686;01.10.1990;1990
31687;02.10.1990;1990
31688;03.10.1990;1990
31689;04.10.1990;1990
31690;05.10.1990;1990
31691;06.10.1990;1990
31692;07.10.1990;1990
31693;08.10.1990;1990
31694;09.10.1990;1990
31695;10.10.1990;1990
31696;11.10.1990;1990
31697;12.10.1990;1990
31698;13.10.1990;1990
31699;14.10.1990;1990
31700;15.10.1990;1990
31701;16.10.1990;1990
31702;17.10.1990;1990
31703;18.10.1990;1990
31704;19.10.1990;1990
31705;20.10.1990;1990
31706;21.10.1990;1990
31707;22.10.1990;1990
31708;23.10.1990;1990
31709;24.10.1990;1990
31710;25.10.1990;1990
31711;26.10.1990;1990
31712;27.10.1990;1990
31713;28.10.1990;1990
31714;29.10.1990;1990
31715;30.10.1990;1990
31716;31.10.1990;1990
31717;01.11.1990;1990
31718;02.11.1990;1990
31719;03.11.1990;1990
31720;04.11.1990;1990
31721;05.11.1990;1990
31722;06.11.1990;1990
31723;07.11.1990;1990
31724;08.11.1990;1990
31725;09.11.1990;1990
31726;10.11.1990;1990
31727;11.11.1990;1990
31728;12.11.1990;1990
31729;13.11.1990;1990
31730;14.11.1990;1990
31731;15.11.1990;1990
31732;16.11.1990;1990
31733;17.11.1990;1990
31734;18.11.1990;1990
31735;19.11.1990;1990
31736;20.11.1990;1990
31737;21.11.1990;1990
31738;22.11.1990;1990
31739;23.11.1990;1990
31740;24.11.1990;1990
31741;25.11.1990;1990
31742;26.11.1990;1990
31743;27.11.1990;1990
31744;28.11.1990;1990
31745;29.11.1990;1990
31746;30.11.1990;1990
31747;01.12.1990;1990
31748;02.12.1990;1990
31749;03.12.1990;1990
31750;04.12.1990;1990
31751;05.12.1990;1990
31752;06.12.1990;1990
31753;07.12.1990;1990
31754;08.12.1990;1990
31755;09.12.1990;1990
31756;10.12.1990;1990
31757;11.12.1990;1990
31758;12.12.1990;1990
31759;13.12.1990;1990
31760;14.12.1990;1990
31761;15.12.1990;1990
31762;16.12.1990;1990
31763;17.12.1990;1990
31764;18.12.1990;1990
31765;19.12.1990;1990
31766;20.12.1990;1990
31767;21.12.1990;1990
31768;22.12.1990;1990
31769;23.12.1990;1990
31770;24.12.1990;1990
31771;25.12.1990;1990
31772;26.12.1990;1990
31773;27.12.1990;1990
31774;28.12.1990;1990
31775;29.12.1990;1990
31776;30.12.1990;1990
31777;31.12.1990;1990
31778;01.01.1991;1991
31779;02.01.1991;1991
31780;03.01.1991;1991
31781;04.01.1991;1991
31782;05.01.1991;1991
31783;06.01.1991;1991
31784;07.01.1991;1991
31785;08.01.1991;1991
31786;09.01.1991;1991
31787;10.01.1991;1991
31788;11.01.1991;1991
31789;12.01.1991;1991
31790;13.01.1991;1991
31791;14.01.1991;1991
31792;15.01.1991;1991
31793;16.01.1991;1991
31794;17.01.1991;1991
31795;18.01.1991;1991
31796;19.01.1991;1991
31797;20.01.1991;1991
31798;21.01.1991;1991
31799;22.01.1991;1991
31800;23.01.1991;1991
31801;24.01.1991;1991
31802;25.01.1991;1991
31803;26.01.1991;1991
31804;27.01.1991;1991
31805;28.01.1991;1991
31806;29.01.1991;1991
31807;30.01.1991;1991
31808;31.01.1991;1991
31809;01.02.1991;1991
31810;02.02.1991;1991
31811;03.02.1991;1991
31812;04.02.1991;1991
31813;05.02.1991;1991
31814;06.02.1991;1991
31815;07.02.1991;1991
31816;08.02.1991;1991
31817;09.02.1991;1991
31818;10.02.1991;1991
31819;11.02.1991;1991
31820;12.02.1991;1991
31821;13.02.1991;1991
31822;14.02.1991;1991
31823;15.02.1991;1991
31824;16.02.1991;1991
31825;17.02.1991;1991
31826;18.02.1991;1991
31827;19.02.1991;1991
31828;20.02.1991;1991
31829;21.02.1991;1991
31830;22.02.1991;1991
31831;23.02.1991;1991
31832;24.02.1991;1991
31833;25.02.1991;1991
31834;26.02.1991;1991
31835;27.02.1991;1991
31836;28.02.1991;1991
31837;01.03.1991;1991
31838;02.03.1991;1991
31839;03.03.1991;1991
31840;04.03.1991;1991
31841;05.03.1991;1991
31842;06.03.1991;1991
31843;07.03.1991;1991
31844;08.03.1991;1991
31845;09.03.1991;1991
31846;10.03.1991;1991
31847;11.03.1991;1991
31848;12.03.1991;1991
31849;13.03.1991;1991
31850;14.03.1991;1991
31851;15.03.1991;1991
31852;16.03.1991;1991
31853;17.03.1991;1991
31854;18.03.1991;1991
31855;19.03.1991;1991
31856;20.03.1991;1991
31857;21.03.1991;1991
31858;22.03.1991;1991
31859;23.03.1991;1991
31860;24.03.1991;1991
31861;25.03.1991;1991
31862;26.03.1991;1991
31863;27.03.1991;1991
31864;28.03.1991;1991
31865;29.03.1991;1991
31866;30.03.1991;1991
31867;31.03.1991;1991
31868;01.04.1991;1991
31869;02.04.1991;1991
31870;03.04.1991;1991
31871;04.04.1991;1991
31872;05.04.1991;1991
31873;06.04.1991;1991
31874;07.04.1991;1991
31875;08.04.1991;1991
31876;09.04.1991;1991
31877;10.04.1991;1991
31878;11.04.1991;1991
31879;12.04.1991;1991
31880;13.04.1991;1991
31881;14.04.1991;1991
31882;15.04.1991;1991
31883;16.04.1991;1991
31884;17.04.1991;1991
31885;18.04.1991;1991
31886;19.04.1991;1991
31887;20.04.1991;1991
31888;21.04.1991;1991
31889;22.04.1991;1991
31890;23.04.1991;1991
31891;24.04.1991;1991
31892;25.04.1991;1991
31893;26.04.1991;1991
31894;27.04.1991;1991
31895;28.04.1991;1991
31896;29.04.1991;1991
31897;30.04.1991;1991
31898;01.05.1991;1991
31899;02.05.1991;1991
31900;03.05.1991;1991
31901;04.05.1991;1991
31902;05.05.1991;1991
31903;06.05.1991;1991
31904;07.05.1991;1991
31905;08.05.1991;1991
31906;09.05.1991;1991
31907;10.05.1991;1991
31908;11.05.1991;1991
31909;12.05.1991;1991
31910;13.05.1991;1991
31911;14.05.1991;1991
31912;15.05.1991;1991
31913;16.05.1991;1991
31914;17.05.1991;1991
31915;18.05.1991;1991
31916;19.05.1991;1991
31917;20.05.1991;1991
31918;21.05.1991;1991
31919;22.05.1991;1991
31920;23.05.1991;1991
31921;24.05.1991;1991
31922;25.05.1991;1991
31923;26.05.1991;1991
31924;27.05.1991;1991
31925;28.05.1991;1991
31926;29.05.1991;1991
31927;30.05.1991;1991
31928;31.05.1991;1991
31929;01.06.1991;1991
31930;02.06.1991;1991
31931;03.06.1991;1991
31932;04.06.1991;1991
31933;05.06.1991;1991
31934;06.06.1991;1991
31935;07.06.1991;1991
31936;08.06.1991;1991
31937;09.06.1991;1991
31938;10.06.1991;1991
31939;11.06.1991;1991
31940;12.06.1991;1991
31941;13.06.1991;1991
31942;14.06.1991;1991
31943;15.06.1991;1991
31944;16.06.1991;1991
31945;17.06.1991;1991
31946;18.06.1991;1991
31947;19.06.1991;1991
31948;20.06.1991;1991
31949;21.06.1991;1991
31950;22.06.1991;1991
31951;23.06.1991;1991
31952;24.06.1991;1991
31953;25.06.1991;1991
31954;26.06.1991;1991
31955;27.06.1991;1991
31956;28.06.1991;1991
31957;29.06.1991;1991
31958;30.06.1991;1991
31959;01.07.1991;1991
31960;02.07.1991;1991
31961;03.07.1991;1991
31962;04.07.1991;1991
31963;05.07.1991;1991
31964;06.07.1991;1991
31965;07.07.1991;1991
31966;08.07.1991;1991
31967;09.07.1991;1991
31968;10.07.1991;1991
31969;11.07.1991;1991
31970;12.07.1991;1991
31971;13.07.1991;1991
31972;14.07.1991;1991
31973;15.07.1991;1991
31974;16.07.1991;1991
31975;17.07.1991;1991
31976;18.07.1991;1991
31977;19.07.1991;1991
31978;20.07.1991;1991
31979;21.07.1991;1991
31980;22.07.1991;1991
31981;23.07.1991;1991
31982;24.07.1991;1991
31983;25.07.1991;1991
31984;26.07.1991;1991
31985;27.07.1991;1991
31986;28.07.1991;1991
31987;29.07.1991;1991
31988;30.07.1991;1991
31989;31.07.1991;1991
31990;01.08.1991;1991
31991;02.08.1991;1991
31992;03.08.1991;1991
31993;04.08.1991;1991
31994;05.08.1991;1991
31995;06.08.1991;1991
31996;07.08.1991;1991
31997;08.08.1991;1991
31998;09.08.1991;1991
31999;10.08.1991;1991
32000;11.08.1991;1991
32001;12.08.1991;1991
32002;13.08.1991;1991
32003;14.08.1991;1991
32004;15.08.1991;1991
32005;16.08.1991;1991
32006;17.08.1991;1991
32007;18.08.1991;1991
32008;19.08.1991;1991
32009;20.08.1991;1991
32010;21.08.1991;1991
32011;22.08.1991;1991
32012;23.08.1991;1991
32013;24.08.1991;1991
32014;25.08.1991;1991
32015;26.08.1991;1991
32016;27.08.1991;1991
32017;28.08.1991;1991
32018;29.08.1991;1991
32019;30.08.1991;1991
32020;31.08.1991;1991
32021;01.09.1991;1991
32022;02.09.1991;1991
32023;03.09.1991;1991
32024;04.09.1991;1991
32025;05.09.1991;1991
32026;06.09.1991;1991
32027;07.09.1991;1991
32028;08.09.1991;1991
32029;09.09.1991;1991
32030;10.09.1991;1991
32031;11.09.1991;1991
32032;12.09.1991;1991
32033;13.09.1991;1991
32034;14.09.1991;1991
32035;15.09.1991;1991
32036;16.09.1991;1991
32037;17.09.1991;1991
32038;18.09.1991;1991
32039;19.09.1991;1991
32040;20.09.1991;1991
32041;21.09.1991;1991
32042;22.09.1991;1991
32043;23.09.1991;1991
32044;24.09.1991;1991
32045;25.09.1991;1991
32046;26.09.1991;1991
32047;27.09.1991;1991
32048;28.09.1991;1991
32049;29.09.1991;1991
32050;30.09.1991;1991
32051;01.10.1991;1991
32052;02.10.1991;1991
32053;03.10.1991;1991
32054;04.10.1991;1991
32055;05.10.1991;1991
32056;06.10.1991;1991
32057;07.10.1991;1991
32058;08.10.1991;1991
32059;09.10.1991;1991
32060;10.10.1991;1991
32061;11.10.1991;1991
32062;12.10.1991;1991
32063;13.10.1991;1991
32064;14.10.1991;1991
32065;15.10.1991;1991
32066;16.10.1991;1991
32067;17.10.1991;1991
32068;18.10.1991;1991
32069;19.10.1991;1991
32070;20.10.1991;1991
32071;21.10.1991;1991
32072;22.10.1991;1991
32073;23.10.1991;1991
32074;24.10.1991;1991
32075;25.10.1991;1991
32076;26.10.1991;1991
32077;27.10.1991;1991
32078;28.10.1991;1991
32079;29.10.1991;1991
32080;30.10.1991;1991
32081;31.10.1991;1991
32082;01.11.1991;1991
32083;02.11.1991;1991
32084;03.11.1991;1991
32085;04.11.1991;1991
32086;05.11.1991;1991
32087;06.11.1991;1991
32088;07.11.1991;1991
32089;08.11.1991;1991
32090;09.11.1991;1991
32091;10.11.1991;1991
32092;11.11.1991;1991
32093;12.11.1991;1991
32094;13.11.1991;1991
32095;14.11.1991;1991
32096;15.11.1991;1991
32097;16.11.1991;1991
32098;17.11.1991;1991
32099;18.11.1991;1991
32100;19.11.1991;1991
32101;20.11.1991;1991
32102;21.11.1991;1991
32103;22.11.1991;1991
32104;23.11.1991;1991
32105;24.11.1991;1991
32106;25.11.1991;1991
32107;26.11.1991;1991
32108;27.11.1991;1991
32109;28.11.1991;1991
32110;29.11.1991;1991
32111;30.11.1991;1991
32112;01.12.1991;1991
32113;02.12.1991;1991
32114;03.12.1991;1991
32115;04.12.1991;1991
32116;05.12.1991;1991
32117;06.12.1991;1991
32118;07.12.1991;1991
32119;08.12.1991;1991
32120;09.12.1991;1991
32121;10.12.1991;1991
32122;11.12.1991;1991
32123;12.12.1991;1991
32124;13.12.1991;1991
32125;14.12.1991;1991
32126;15.12.1991;1991
32127;16.12.1991;1991
32128;17.12.1991;1991
32129;18.12.1991;1991
32130;19.12.1991;1991
32131;20.12.1991;1991
32132;21.12.1991;1991
32133;22.12.1991;1991
32134;23.12.1991;1991
32135;24.12.1991;1991
32136;25.12.1991;1991
32137;26.12.1991;1991
32138;27.12.1991;1991
32139;28.12.1991;1991
32140;29.12.1991;1991
32141;30.12.1991;1991
32142;31.12.1991;1991
32509;01.01.1993;1993
32510;02.01.1993;1993
32511;03.01.1993;1993
32512;04.01.1993;1993
32513;05.01.1993;1993
32514;06.01.1993;1993
32515;07.01.1993;1993
32516;08.01.1993;1993
32517;09.01.1993;1993
32518;10.01.1993;1993
32519;11.01.1993;1993
32520;12.01.1993;1993
32521;13.01.1993;1993
32522;14.01.1993;1993
32523;15.01.1993;1993
32524;16.01.1993;1993
32525;17.01.1993;1993
32526;18.01.1993;1993
32527;19.01.1993;1993
32528;20.01.1993;1993
32529;21.01.1993;1993
32530;22.01.1993;1993
32531;23.01.1993;1993
32532;24.01.1993;1993
32533;25.01.1993;1993
32534;26.01.1993;1993
32535;27.01.1993;1993
32536;28.01.1993;1993
32537;29.01.1993;1993
32538;30.01.1993;1993
32539;31.01.1993;1993
32540;01.02.1993;1993
32541;02.02.1993;1993
32542;03.02.1993;1993
32543;04.02.1993;1993
32544;05.02.1993;1993
32545;06.02.1993;1993
32546;07.02.1993;1993
32547;08.02.1993;1993
32548;09.02.1993;1993
32549;10.02.1993;1993
32550;11.02.1993;1993
32551;12.02.1993;1993
32552;13.02.1993;1993
32553;14.02.1993;1993
32554;15.02.1993;1993
32555;16.02.1993;1993
32556;17.02.1993;1993
32557;18.02.1993;1993
32558;19.02.1993;1993
32559;20.02.1993;1993
32560;21.02.1993;1993
32561;22.02.1993;1993
32562;23.02.1993;1993
32563;24.02.1993;1993
32564;25.02.1993;1993
32565;26.02.1993;1993
32566;27.02.1993;1993
32567;28.02.1993;1993
32568;01.03.1993;1993
32569;02.03.1993;1993
32570;03.03.1993;1993
32571;04.03.1993;1993
32572;05.03.1993;1993
32573;06.03.1993;1993
32574;07.03.1993;1993
32575;08.03.1993;1993
32576;09.03.1993;1993
32577;10.03.1993;1993
32578;11.03.1993;1993
32579;12.03.1993;1993
32580;13.03.1993;1993
32581;14.03.1993;1993
32582;15.03.1993;1993
32583;16.03.1993;1993
32584;17.03.1993;1993
32585;18.03.1993;1993
32586;19.03.1993;1993
32587;20.03.1993;1993
32588;21.03.1993;1993
32589;22.03.1993;1993
32590;23.03.1993;1993
32591;24.03.1993;1993
32592;25.03.1993;1993
32593;26.03.1993;1993
32594;27.03.1993;1993
32595;28.03.1993;1993
32596;29.03.1993;1993
32597;30.03.1993;1993
32598;31.03.1993;1993
32599;01.04.1993;1993
32600;02.04.1993;1993
32601;03.04.1993;1993
32602;04.04.1993;1993
32603;05.04.1993;1993
32604;06.04.1993;1993
32605;07.04.1993;1993
32606;08.04.1993;1993
32607;09.04.1993;1993
32608;10.04.1993;1993
32609;11.04.1993;1993
32610;12.04.1993;1993
32611;13.04.1993;1993
32612;14.04.1993;1993
32613;15.04.1993;1993
32614;16.04.1993;1993
32615;17.04.1993;1993
32616;18.04.1993;1993
32617;19.04.1993;1993
32618;20.04.1993;1993
32619;21.04.1993;1993
32620;22.04.1993;1993
32621;23.04.1993;1993
32622;24.04.1993;1993
32623;25.04.1993;1993
32624;26.04.1993;1993
32625;27.04.1993;1993
32626;28.04.1993;1993
32627;29.04.1993;1993
32628;30.04.1993;1993
32629;01.05.1993;1993
32630;02.05.1993;1993
32631;03.05.1993;1993
32632;04.05.1993;1993
32633;05.05.1993;1993
32634;06.05.1993;1993
32635;07.05.1993;1993
32636;08.05.1993;1993
32637;09.05.1993;1993
32638;10.05.1993;1993
32639;11.05.1993;1993
32640;12.05.1993;1993
32641;13.05.1993;1993
32642;14.05.1993;1993
32643;15.05.1993;1993
32644;16.05.1993;1993
32645;17.05.1993;1993
32646;18.05.1993;1993
32647;19.05.1993;1993
32648;20.05.1993;1993
32649;21.05.1993;1993
32650;22.05.1993;1993
32651;23.05.1993;1993
32652;24.05.1993;1993
32653;25.05.1993;1993
32654;26.05.1993;1993
32655;27.05.1993;1993
32656;28.05.1993;1993
32657;29.05.1993;1993
32658;30.05.1993;1993
32659;31.05.1993;1993
32660;01.06.1993;1993
32661;02.06.1993;1993
32662;03.06.1993;1993
32663;04.06.1993;1993
32664;05.06.1993;1993
32665;06.06.1993;1993
32666;07.06.1993;1993
32667;08.06.1993;1993
32668;09.06.1993;1993
32669;10.06.1993;1993
32670;11.06.1993;1993
32671;12.06.1993;1993
32672;13.06.1993;1993
32673;14.06.1993;1993
32674;15.06.1993;1993
32675;16.06.1993;1993
32676;17.06.1993;1993
32677;18.06.1993;1993
32678;19.06.1993;1993
32679;20.06.1993;1993
32680;21.06.1993;1993
32681;22.06.1993;1993
32682;23.06.1993;1993
32683;24.06.1993;1993
32684;25.06.1993;1993
32685;26.06.1993;1993
32686;27.06.1993;1993
32687;28.06.1993;1993
32688;29.06.1993;1993
32689;30.06.1993;1993
32690;01.07.1993;1993
32691;02.07.1993;1993
32692;03.07.1993;1993
32693;04.07.1993;1993
32694;05.07.1993;1993
32695;06.07.1993;1993
32696;07.07.1993;1993
32697;08.07.1993;1993
32698;09.07.1993;1993
32699;10.07.1993;1993
32700;11.07.1993;1993
32701;12.07.1993;1993
32702;13.07.1993;1993
32703;14.07.1993;1993
32704;15.07.1993;1993
32705;16.07.1993;1993
32706;17.07.1993;1993
32707;18.07.1993;1993
32708;19.07.1993;1993
32709;20.07.1993;1993
32710;21.07.1993;1993
32711;22.07.1993;1993
32712;23.07.1993;1993
32713;24.07.1993;1993
32714;25.07.1993;1993
32715;26.07.1993;1993
32716;27.07.1993;1993
32717;28.07.1993;1993
32718;29.07.1993;1993
32719;30.07.1993;1993
32720;31.07.1993;1993
32721;01.08.1993;1993
32722;02.08.1993;1993
32723;03.08.1993;1993
32724;04.08.1993;1993
32725;05.08.1993;1993
32726;06.08.1993;1993
32727;07.08.1993;1993
32728;08.08.1993;1993
32729;09.08.1993;1993
32730;10.08.1993;1993
32731;11.08.1993;1993
32732;12.08.1993;1993
32733;13.08.1993;1993
32734;14.08.1993;1993
32735;15.08.1993;1993
32736;16.08.1993;1993
32737;17.08.1993;1993
32738;18.08.1993;1993
32739;19.08.1993;1993
32740;20.08.1993;1993
32741;21.08.1993;1993
32742;22.08.1993;1993
32743;23.08.1993;1993
32744;24.08.1993;1993
32745;25.08.1993;1993
32746;26.08.1993;1993
32747;27.08.1993;1993
32748;28.08.1993;1993
32749;29.08.1993;1993
32750;30.08.1993;1993
32751;31.08.1993;1993
32752;01.09.1993;1993
32753;02.09.1993;1993
32754;03.09.1993;1993
32755;04.09.1993;1993
32756;05.09.1993;1993
32757;06.09.1993;1993
32758;07.09.1993;1993
32759;08.09.1993;1993
32760;09.09.1993;1993
32761;10.09.1993;1993
32762;11.09.1993;1993
32763;12.09.1993;1993
32764;13.09.1993;1993
32765;14.09.1993;1993
32766;15.09.1993;1993
32767;16.09.1993;1993
32768;17.09.1993;1993
32769;18.09.1993;1993
32770;19.09.1993;1993
32771;20.09.1993;1993
32772;21.09.1993;1993
32773;22.09.1993;1993
32774;23.09.1993;1993
32775;24.09.1993;1993
32776;25.09.1993;1993
32777;26.09.1993;1993
32778;27.09.1993;1993
32779;28.09.1993;1993
32780;29.09.1993;1993
32781;30.09.1993;1993
32782;01.10.1993;1993
32783;02.10.1993;1993
32784;03.10.1993;1993
32785;04.10.1993;1993
32786;05.10.1993;1993
32787;06.10.1993;1993
32788;07.10.1993;1993
32789;08.10.1993;1993
32790;09.10.1993;1993
32791;10.10.1993;1993
32792;11.10.1993;1993
32793;12.10.1993;1993
32794;13.10.1993;1993
32795;14.10.1993;1993
32796;15.10.1993;1993
32797;16.10.1993;1993
32798;17.10.1993;1993
32799;18.10.1993;1993
32800;19.10.1993;1993
32801;20.10.1993;1993
32802;21.10.1993;1993
32803;22.10.1993;1993
32804;23.10.1993;1993
32805;24.10.1993;1993
32806;25.10.1993;1993
32807;26.10.1993;1993
32808;27.10.1993;1993
32809;28.10.1993;1993
32810;29.10.1993;1993
32811;30.10.1993;1993
32812;31.10.1993;1993
32813;01.11.1993;1993
32814;02.11.1993;1993
32815;03.11.1993;1993
32816;04.11.1993;1993
32817;05.11.1993;1993
32818;06.11.1993;1993
32819;07.11.1993;1993
32820;08.11.1993;1993
32821;09.11.1993;1993
32822;10.11.1993;1993
32823;11.11.1993;1993
32824;12.11.1993;1993
32825;13.11.1993;1993
32826;14.11.1993;1993
32827;15.11.1993;1993
32828;16.11.1993;1993
32829;17.11.1993;1993
32830;18.11.1993;1993
32831;19.11.1993;1993
32832;20.11.1993;1993
32833;21.11.1993;1993
32834;22.11.1993;1993
32835;23.11.1993;1993
32836;24.11.1993;1993
32837;25.11.1993;1993
32838;26.11.1993;1993
32839;27.11.1993;1993
32840;28.11.1993;1993
32841;29.11.1993;1993
32842;30.11.1993;1993
32843;01.12.1993;1993
32844;02.12.1993;1993
32845;03.12.1993;1993
32846;04.12.1993;1993
32847;05.12.1993;1993
32848;06.12.1993;1993
32849;07.12.1993;1993
32850;08.12.1993;1993
32851;09.12.1993;1993
32852;10.12.1993;1993
32853;11.12.1993;1993
32854;12.12.1993;1993
32855;13.12.1993;1993
32856;14.12.1993;1993
32857;15.12.1993;1993
32858;16.12.1993;1993
32859;17.12.1993;1993
32860;18.12.1993;1993
32861;19.12.1993;1993
32862;20.12.1993;1993
32863;21.12.1993;1993
32864;22.12.1993;1993
32865;23.12.1993;1993
32866;24.12.1993;1993
32867;25.12.1993;1993
32868;26.12.1993;1993
32869;27.12.1993;1993
32870;28.12.1993;1993
32871;29.12.1993;1993
32872;30.12.1993;1993
32873;31.12.1993;1993
32874;01.01.1994;1994
32875;02.01.1994;1994
32876;03.01.1994;1994
32877;04.01.1994;1994
32878;05.01.1994;1994
32879;06.01.1994;1994
32880;07.01.1994;1994
32881;08.01.1994;1994
32882;09.01.1994;1994
32883;10.01.1994;1994
32884;11.01.1994;1994
32885;12.01.1994;1994
32886;13.01.1994;1994
32887;14.01.1994;1994
32888;15.01.1994;1994
32889;16.01.1994;1994
32890;17.01.1994;1994
32891;18.01.1994;1994
32892;19.01.1994;1994
32893;20.01.1994;1994
32894;21.01.1994;1994
32895;22.01.1994;1994
32896;23.01.1994;1994
32897;24.01.1994;1994
32898;25.01.1994;1994
32899;26.01.1994;1994
32900;27.01.1994;1994
32901;28.01.1994;1994
32902;29.01.1994;1994
32903;30.01.1994;1994
32904;31.01.1994;1994
32905;01.02.1994;1994
32906;02.02.1994;1994
32907;03.02.1994;1994
32908;04.02.1994;1994
32909;05.02.1994;1994
32910;06.02.1994;1994
32911;07.02.1994;1994
32912;08.02.1994;1994
32913;09.02.1994;1994
32914;10.02.1994;1994
32915;11.02.1994;1994
32916;12.02.1994;1994
32917;13.02.1994;1994
32918;14.02.1994;1994
32919;15.02.1994;1994
32920;16.02.1994;1994
32921;17.02.1994;1994
32922;18.02.1994;1994
32923;19.02.1994;1994
32924;20.02.1994;1994
32925;21.02.1994;1994
32926;22.02.1994;1994
32927;23.02.1994;1994
32928;24.02.1994;1994
32929;25.02.1994;1994
32930;26.02.1994;1994
32931;27.02.1994;1994
32932;28.02.1994;1994
32933;01.03.1994;1994
32934;02.03.1994;1994
32935;03.03.1994;1994
32936;04.03.1994;1994
32937;05.03.1994;1994
32938;06.03.1994;1994
32939;07.03.1994;1994
32940;08.03.1994;1994
32941;09.03.1994;1994
32942;10.03.1994;1994
32943;11.03.1994;1994
32944;12.03.1994;1994
32945;13.03.1994;1994
32946;14.03.1994;1994
32947;15.03.1994;1994
32948;16.03.1994;1994
32949;17.03.1994;1994
32950;18.03.1994;1994
32951;19.03.1994;1994
32952;20.03.1994;1994
32953;21.03.1994;1994
32954;22.03.1994;1994
32955;23.03.1994;1994
32956;24.03.1994;1994
32957;25.03.1994;1994
32958;26.03.1994;1994
32959;27.03.1994;1994
32960;28.03.1994;1994
32961;29.03.1994;1994
32962;30.03.1994;1994
32963;31.03.1994;1994
32964;01.04.1994;1994
32965;02.04.1994;1994
32966;03.04.1994;1994
32967;04.04.1994;1994
32968;05.04.1994;1994
32969;06.04.1994;1994
32970;07.04.1994;1994
32971;08.04.1994;1994
32972;09.04.1994;1994
32973;10.04.1994;1994
32974;11.04.1994;1994
32975;12.04.1994;1994
32976;13.04.1994;1994
32977;14.04.1994;1994
32978;15.04.1994;1994
32979;16.04.1994;1994
32980;17.04.1994;1994
32981;18.04.1994;1994
32982;19.04.1994;1994
32983;20.04.1994;1994
32984;21.04.1994;1994
32985;22.04.1994;1994
32986;23.04.1994;1994
32987;24.04.1994;1994
32988;25.04.1994;1994
32989;26.04.1994;1994
32990;27.04.1994;1994
32991;28.04.1994;1994
32992;29.04.1994;1994
32993;30.04.1994;1994
32994;01.05.1994;1994
32995;02.05.1994;1994
32996;03.05.1994;1994
32997;04.05.1994;1994
32998;05.05.1994;1994
32999;06.05.1994;1994
33000;07.05.1994;1994
33001;08.05.1994;1994
33002;09.05.1994;1994
33003;10.05.1994;1994
33004;11.05.1994;1994
33005;12.05.1994;1994
33006;13.05.1994;1994
33007;14.05.1994;1994
33008;15.05.1994;1994
33009;16.05.1994;1994
33010;17.05.1994;1994
33011;18.05.1994;1994
33012;19.05.1994;1994
33013;20.05.1994;1994
33014;21.05.1994;1994
33015;22.05.1994;1994
33016;23.05.1994;1994
33017;24.05.1994;1994
33018;25.05.1994;1994
33019;26.05.1994;1994
33020;27.05.1994;1994
33021;28.05.1994;1994
33022;29.05.1994;1994
33023;30.05.1994;1994
33024;31.05.1994;1994
33025;01.06.1994;1994
33026;02.06.1994;1994
33027;03.06.1994;1994
33028;04.06.1994;1994
33029;05.06.1994;1994
33030;06.06.1994;1994
33031;07.06.1994;1994
33032;08.06.1994;1994
33033;09.06.1994;1994
33034;10.06.1994;1994
33035;11.06.1994;1994
33036;12.06.1994;1994
33037;13.06.1994;1994
33038;14.06.1994;1994
33039;15.06.1994;1994
33040;16.06.1994;1994
33041;17.06.1994;1994
33042;18.06.1994;1994
33043;19.06.1994;1994
33044;20.06.1994;1994
33045;21.06.1994;1994
33046;22.06.1994;1994
33047;23.06.1994;1994
33048;24.06.1994;1994
33049;25.06.1994;1994
33050;26.06.1994;1994
33051;27.06.1994;1994
33052;28.06.1994;1994
33053;29.06.1994;1994
33054;30.06.1994;1994
33055;01.07.1994;1994
33056;02.07.1994;1994
33057;03.07.1994;1994
33058;04.07.1994;1994
33059;05.07.1994;1994
33060;06.07.1994;1994
33061;07.07.1994;1994
33062;08.07.1994;1994
33063;09.07.1994;1994
33064;10.07.1994;1994
33065;11.07.1994;1994
33066;12.07.1994;1994
33067;13.07.1994;1994
33068;14.07.1994;1994
33069;15.07.1994;1994
33070;16.07.1994;1994
33071;17.07.1994;1994
33072;18.07.1994;1994
33073;19.07.1994;1994
33074;20.07.1994;1994
33075;21.07.1994;1994
33076;22.07.1994;1994
33077;23.07.1994;1994
33078;24.07.1994;1994
33079;25.07.1994;1994
33080;26.07.1994;1994
33081;27.07.1994;1994
33082;28.07.1994;1994
33083;29.07.1994;1994
33084;30.07.1994;1994
33085;31.07.1994;1994
33086;01.08.1994;1994
33087;02.08.1994;1994
33088;03.08.1994;1994
33089;04.08.1994;1994
33090;05.08.1994;1994
33091;06.08.1994;1994
33092;07.08.1994;1994
33093;08.08.1994;1994
33094;09.08.1994;1994
33095;10.08.1994;1994
33096;11.08.1994;1994
33097;12.08.1994;1994
33098;13.08.1994;1994
33099;14.08.1994;1994
33100;15.08.1994;1994
33101;16.08.1994;1994
33102;17.08.1994;1994
33103;18.08.1994;1994
33104;19.08.1994;1994
33105;20.08.1994;1994
33106;21.08.1994;1994
33107;22.08.1994;1994
33108;23.08.1994;1994
33109;24.08.1994;1994
33110;25.08.1994;1994
33111;26.08.1994;1994
33112;27.08.1994;1994
33113;28.08.1994;1994
33114;29.08.1994;1994
33115;30.08.1994;1994
33116;31.08.1994;1994
33117;01.09.1994;1994
33118;02.09.1994;1994
33119;03.09.1994;1994
33120;04.09.1994;1994
33121;05.09.1994;1994
33122;06.09.1994;1994
33123;07.09.1994;1994
33124;08.09.1994;1994
33125;09.09.1994;1994
33126;10.09.1994;1994
33127;11.09.1994;1994
33128;12.09.1994;1994
33129;13.09.1994;1994
33130;14.09.1994;1994
33131;15.09.1994;1994
33132;16.09.1994;1994
33133;17.09.1994;1994
33134;18.09.1994;1994
33135;19.09.1994;1994
33136;20.09.1994;1994
33137;21.09.1994;1994
33138;22.09.1994;1994
33139;23.09.1994;1994
33140;24.09.1994;1994
33141;25.09.1994;1994
33142;26.09.1994;1994
33143;27.09.1994;1994
33144;28.09.1994;1994
33145;29.09.1994;1994
33146;30.09.1994;1994
33147;01.10.1994;1994
33148;02.10.1994;1994
33149;03.10.1994;1994
33150;04.10.1994;1994
33151;05.10.1994;1994
33152;06.10.1994;1994
33153;07.10.1994;1994
33154;08.10.1994;1994
33155;09.10.1994;1994
33156;10.10.1994;1994
33157;11.10.1994;1994
33158;12.10.1994;1994
33159;13.10.1994;1994
33160;14.10.1994;1994
33161;15.10.1994;1994
33162;16.10.1994;1994
33163;17.10.1994;1994
33164;18.10.1994;1994
33165;19.10.1994;1994
33166;20.10.1994;1994
33167;21.10.1994;1994
33168;22.10.1994;1994
33169;23.10.1994;1994
33170;24.10.1994;1994
33171;25.10.1994;1994
33172;26.10.1994;1994
33173;27.10.1994;1994
33174;28.10.1994;1994
33175;29.10.1994;1994
33176;30.10.1994;1994
33177;31.10.1994;1994
33178;01.11.1994;1994
33179;02.11.1994;1994
33180;03.11.1994;1994
33181;04.11.1994;1994
33182;05.11.1994;1994
33183;06.11.1994;1994
33184;07.11.1994;1994
33185;08.11.1994;1994
33186;09.11.1994;1994
33187;10.11.1994;1994
33188;11.11.1994;1994
33189;12.11.1994;1994
33190;13.11.1994;1994
33191;14.11.1994;1994
33192;15.11.1994;1994
33193;16.11.1994;1994
33194;17.11.1994;1994
33195;18.11.1994;1994
33196;19.11.1994;1994
33197;20.11.1994;1994
33198;21.11.1994;1994
33199;22.11.1994;1994
33200;23.11.1994;1994
33201;24.11.1994;1994
33202;25.11.1994;1994
33203;26.11.1994;1994
33204;27.11.1994;1994
33205;28.11.1994;1994
33206;29.11.1994;1994
33207;30.11.1994;1994
33208;01.12.1994;1994
33209;02.12.1994;1994
33210;03.12.1994;1994
33211;04.12.1994;1994
33212;05.12.1994;1994
33213;06.12.1994;1994
33214;07.12.1994;1994
33215;08.12.1994;1994
33216;09.12.1994;1994
33217;10.12.1994;1994
33218;11.12.1994;1994
33219;12.12.1994;1994
33220;13.12.1994;1994
33221;14.12.1994;1994
33222;15.12.1994;1994
33223;16.12.1994;1994
33224;17.12.1994;1994
33225;18.12.1994;1994
33226;19.12.1994;1994
33227;20.12.1994;1994
33228;21.12.1994;1994
33229;22.12.1994;1994
33230;23.12.1994;1994
33231;24.12.1994;1994
33232;25.12.1994;1994
33233;26.12.1994;1994
33234;27.12.1994;1994
33235;28.12.1994;1994
33236;29.12.1994;1994
33237;30.12.1994;1994
33238;31.12.1994;1994
33239;01.01.1995;1995
33240;02.01.1995;1995
33241;03.01.1995;1995
33242;04.01.1995;1995
33243;05.01.1995;1995
33244;06.01.1995;1995
33245;07.01.1995;1995
33246;08.01.1995;1995
33247;09.01.1995;1995
33248;10.01.1995;1995
33249;11.01.1995;1995
33250;12.01.1995;1995
33251;13.01.1995;1995
33252;14.01.1995;1995
33253;15.01.1995;1995
33254;16.01.1995;1995
33255;17.01.1995;1995
33256;18.01.1995;1995
33257;19.01.1995;1995
33258;20.01.1995;1995
33259;21.01.1995;1995
33260;22.01.1995;1995
33261;23.01.1995;1995
33262;24.01.1995;1995
33263;25.01.1995;1995
33264;26.01.1995;1995
33265;27.01.1995;1995
33266;28.01.1995;1995
33267;29.01.1995;1995
33268;30.01.1995;1995
33269;31.01.1995;1995
33270;01.02.1995;1995
33271;02.02.1995;1995
33272;03.02.1995;1995
33273;04.02.1995;1995
33274;05.02.1995;1995
33275;06.02.1995;1995
33276;07.02.1995;1995
33277;08.02.1995;1995
33278;09.02.1995;1995
33279;10.02.1995;1995
33280;11.02.1995;1995
33281;12.02.1995;1995
33282;13.02.1995;1995
33283;14.02.1995;1995
33284;15.02.1995;1995
33285;16.02.1995;1995
33286;17.02.1995;1995
33287;18.02.1995;1995
33288;19.02.1995;1995
33289;20.02.1995;1995
33290;21.02.1995;1995
33291;22.02.1995;1995
33292;23.02.1995;1995
33293;24.02.1995;1995
33294;25.02.1995;1995
33295;26.02.1995;1995
33296;27.02.1995;1995
33297;28.02.1995;1995
33298;01.03.1995;1995
33299;02.03.1995;1995
33300;03.03.1995;1995
33301;04.03.1995;1995
33302;05.03.1995;1995
33303;06.03.1995;1995
33304;07.03.1995;1995
33305;08.03.1995;1995
33306;09.03.1995;1995
33307;10.03.1995;1995
33308;11.03.1995;1995
33309;12.03.1995;1995
33310;13.03.1995;1995
33311;14.03.1995;1995
33312;15.03.1995;1995
33313;16.03.1995;1995
33314;17.03.1995;1995
33315;18.03.1995;1995
33316;19.03.1995;1995
33317;20.03.1995;1995
33318;21.03.1995;1995
33319;22.03.1995;1995
33320;23.03.1995;1995
33321;24.03.1995;1995
33322;25.03.1995;1995
33323;26.03.1995;1995
33324;27.03.1995;1995
33325;28.03.1995;1995
33326;29.03.1995;1995
33327;30.03.1995;1995
33328;31.03.1995;1995
33329;01.04.1995;1995
33330;02.04.1995;1995
33331;03.04.1995;1995
33332;04.04.1995;1995
33333;05.04.1995;1995
33334;06.04.1995;1995
33335;07.04.1995;1995
33336;08.04.1995;1995
33337;09.04.1995;1995
33338;10.04.1995;1995
33339;11.04.1995;1995
33340;12.04.1995;1995
33341;13.04.1995;1995
33342;14.04.1995;1995
33343;15.04.1995;1995
33344;16.04.1995;1995
33345;17.04.1995;1995
33346;18.04.1995;1995
33347;19.04.1995;1995
33348;20.04.1995;1995
33349;21.04.1995;1995
33350;22.04.1995;1995
33351;23.04.1995;1995
33352;24.04.1995;1995
33353;25.04.1995;1995
33354;26.04.1995;1995
33355;27.04.1995;1995
33356;28.04.1995;1995
33357;29.04.1995;1995
33358;30.04.1995;1995
33359;01.05.1995;1995
33360;02.05.1995;1995
33361;03.05.1995;1995
33362;04.05.1995;1995
33363;05.05.1995;1995
33364;06.05.1995;1995
33365;07.05.1995;1995
33366;08.05.1995;1995
33367;09.05.1995;1995
33368;10.05.1995;1995
33369;11.05.1995;1995
33370;12.05.1995;1995
33371;13.05.1995;1995
33372;14.05.1995;1995
33373;15.05.1995;1995
33374;16.05.1995;1995
33375;17.05.1995;1995
33376;18.05.1995;1995
33377;19.05.1995;1995
33378;20.05.1995;1995
33379;21.05.1995;1995
33380;22.05.1995;1995
33381;23.05.1995;1995
33382;24.05.1995;1995
33383;25.05.1995;1995
33384;26.05.1995;1995
33385;27.05.1995;1995
33386;28.05.1995;1995
33387;29.05.1995;1995
33388;30.05.1995;1995
33389;31.05.1995;1995
33390;01.06.1995;1995
33391;02.06.1995;1995
33392;03.06.1995;1995
33393;04.06.1995;1995
33394;05.06.1995;1995
33395;06.06.1995;1995
33396;07.06.1995;1995
33397;08.06.1995;1995
33398;09.06.1995;1995
33399;10.06.1995;1995
33400;11.06.1995;1995
33401;12.06.1995;1995
33402;13.06.1995;1995
33403;14.06.1995;1995
33404;15.06.1995;1995
33405;16.06.1995;1995
33406;17.06.1995;1995
33407;18.06.1995;1995
33408;19.06.1995;1995
33409;20.06.1995;1995
33410;21.06.1995;1995
33411;22.06.1995;1995
33412;23.06.1995;1995
33413;24.06.1995;1995
33414;25.06.1995;1995
33415;26.06.1995;1995
33416;27.06.1995;1995
33417;28.06.1995;1995
33418;29.06.1995;1995
33419;30.06.1995;1995
33420;01.07.1995;1995
33421;02.07.1995;1995
33422;03.07.1995;1995
33423;04.07.1995;1995
33424;05.07.1995;1995
33425;06.07.1995;1995
33426;07.07.1995;1995
33427;08.07.1995;1995
33428;09.07.1995;1995
33429;10.07.1995;1995
33430;11.07.1995;1995
33431;12.07.1995;1995
33432;13.07.1995;1995
33433;14.07.1995;1995
33434;15.07.1995;1995
33435;16.07.1995;1995
33436;17.07.1995;1995
33437;18.07.1995;1995
33438;19.07.1995;1995
33439;20.07.1995;1995
33440;21.07.1995;1995
33441;22.07.1995;1995
33442;23.07.1995;1995
33443;24.07.1995;1995
33444;25.07.1995;1995
33445;26.07.1995;1995
33446;27.07.1995;1995
33447;28.07.1995;1995
33448;29.07.1995;1995
33449;30.07.1995;1995
33450;31.07.1995;1995
33451;01.08.1995;1995
33452;02.08.1995;1995
33453;03.08.1995;1995
33454;04.08.1995;1995
33455;05.08.1995;1995
33456;06.08.1995;1995
33457;07.08.1995;1995
33458;08.08.1995;1995
33459;09.08.1995;1995
33460;10.08.1995;1995
33461;11.08.1995;1995
33462;12.08.1995;1995
33463;13.08.1995;1995
33464;14.08.1995;1995
33465;15.08.1995;1995
33466;16.08.1995;1995
33467;17.08.1995;1995
33468;18.08.1995;1995
33469;19.08.1995;1995
33470;20.08.1995;1995
33471;21.08.1995;1995
33472;22.08.1995;1995
33473;23.08.1995;1995
33474;24.08.1995;1995
33475;25.08.1995;1995
33476;26.08.1995;1995
33477;27.08.1995;1995
33478;28.08.1995;1995
33479;29.08.1995;1995
33480;30.08.1995;1995
33481;31.08.1995;1995
33482;01.09.1995;1995
33483;02.09.1995;1995
33484;03.09.1995;1995
33485;04.09.1995;1995
33486;05.09.1995;1995
33487;06.09.1995;1995
33488;07.09.1995;1995
33489;08.09.1995;1995
33490;09.09.1995;1995
33491;10.09.1995;1995
33492;11.09.1995;1995
33493;12.09.1995;1995
33494;13.09.1995;1995
33495;14.09.1995;1995
33496;15.09.1995;1995
33497;16.09.1995;1995
33498;17.09.1995;1995
33499;18.09.1995;1995
33500;19.09.1995;1995
33501;20.09.1995;1995
33502;21.09.1995;1995
33503;22.09.1995;1995
33504;23.09.1995;1995
33505;24.09.1995;1995
33506;25.09.1995;1995
33507;26.09.1995;1995
33508;27.09.1995;1995
33509;28.09.1995;1995
33510;29.09.1995;1995
33511;30.09.1995;1995
33512;01.10.1995;1995
33513;02.10.1995;1995
33514;03.10.1995;1995
33515;04.10.1995;1995
33516;05.10.1995;1995
33517;06.10.1995;1995
33518;07.10.1995;1995
33519;08.10.1995;1995
33520;09.10.1995;1995
33521;10.10.1995;1995
33522;11.10.1995;1995
33523;12.10.1995;1995
33524;13.10.1995;1995
33525;14.10.1995;1995
33526;15.10.1995;1995
33527;16.10.1995;1995
33528;17.10.1995;1995
33529;18.10.1995;1995
33530;19.10.1995;1995
33531;20.10.1995;1995
33532;21.10.1995;1995
33533;22.10.1995;1995
33534;23.10.1995;1995
33535;24.10.1995;1995
33536;25.10.1995;1995
33537;26.10.1995;1995
33538;27.10.1995;1995
33539;28.10.1995;1995
33540;29.10.1995;1995
33541;30.10.1995;1995
33542;31.10.1995;1995
33543;01.11.1995;1995
33544;02.11.1995;1995
33545;03.11.1995;1995
33546;04.11.1995;1995
33547;05.11.1995;1995
33548;06.11.1995;1995
33549;07.11.1995;1995
33550;08.11.1995;1995
33551;09.11.1995;1995
33552;10.11.1995;1995
33553;11.11.1995;1995
33554;12.11.1995;1995
33555;13.11.1995;1995
33556;14.11.1995;1995
33557;15.11.1995;1995
33558;16.11.1995;1995
33559;17.11.1995;1995
33560;18.11.1995;1995
33561;19.11.1995;1995
33562;20.11.1995;1995
33563;21.11.1995;1995
33564;22.11.1995;1995
33565;23.11.1995;1995
33566;24.11.1995;1995
33567;25.11.1995;1995
33568;26.11.1995;1995
33569;27.11.1995;1995
33570;28.11.1995;1995
33571;29.11.1995;1995
33572;30.11.1995;1995
33573;01.12.1995;1995
33574;02.12.1995;1995
33575;03.12.1995;1995
33576;04.12.1995;1995
33577;05.12.1995;1995
33578;06.12.1995;1995
33579;07.12.1995;1995
33580;08.12.1995;1995
33581;09.12.1995;1995
33582;10.12.1995;1995
33583;11.12.1995;1995
33584;12.12.1995;1995
33585;13.12.1995;1995
33586;14.12.1995;1995
33587;15.12.1995;1995
33588;16.12.1995;1995
33589;17.12.1995;1995
33590;18.12.1995;1995
33591;19.12.1995;1995
33592;20.12.1995;1995
33593;21.12.1995;1995
33594;22.12.1995;1995
33595;23.12.1995;1995
33596;24.12.1995;1995
33597;25.12.1995;1995
33598;26.12.1995;1995
33599;27.12.1995;1995
33600;28.12.1995;1995
33601;29.12.1995;1995
33602;30.12.1995;1995
33603;31.12.1995;1995
33970;01.01.1997;1997
33971;02.01.1997;1997
33972;03.01.1997;1997
33973;04.01.1997;1997
33974;05.01.1997;1997
33975;06.01.1997;1997
33976;07.01.1997;1997
33977;08.01.1997;1997
33978;09.01.1997;1997
33979;10.01.1997;1997
33980;11.01.1997;1997
33981;12.01.1997;1997
33982;13.01.1997;1997
33983;14.01.1997;1997
33984;15.01.1997;1997
33985;16.01.1997;1997
33986;17.01.1997;1997
33987;18.01.1997;1997
33988;19.01.1997;1997
33989;20.01.1997;1997
33990;21.01.1997;1997
33991;22.01.1997;1997
33992;23.01.1997;1997
33993;24.01.1997;1997
33994;25.01.1997;1997
33995;26.01.1997;1997
33996;27.01.1997;1997
33997;28.01.1997;1997
33998;29.01.1997;1997
33999;30.01.1997;1997
34000;31.01.1997;1997
34001;01.02.1997;1997
34002;02.02.1997;1997
34003;03.02.1997;1997
34004;04.02.1997;1997
34005;05.02.1997;1997
34006;06.02.1997;1997
34007;07.02.1997;1997
34008;08.02.1997;1997
34009;09.02.1997;1997
34010;10.02.1997;1997
34011;11.02.1997;1997
34012;12.02.1997;1997
34013;13.02.1997;1997
34014;14.02.1997;1997
34015;15.02.1997;1997
34016;16.02.1997;1997
34017;17.02.1997;1997
34018;18.02.1997;1997
34019;19.02.1997;1997
34020;20.02.1997;1997
34021;21.02.1997;1997
34022;22.02.1997;1997
34023;23.02.1997;1997
34024;24.02.1997;1997
34025;25.02.1997;1997
34026;26.02.1997;1997
34027;27.02.1997;1997
34028;28.02.1997;1997
34029;01.03.1997;1997
34030;02.03.1997;1997
34031;03.03.1997;1997
34032;04.03.1997;1997
34033;05.03.1997;1997
34034;06.03.1997;1997
34035;07.03.1997;1997
34036;08.03.1997;1997
34037;09.03.1997;1997
34038;10.03.1997;1997
34039;11.03.1997;1997
34040;12.03.1997;1997
34041;13.03.1997;1997
34042;14.03.1997;1997
34043;15.03.1997;1997
34044;16.03.1997;1997
34045;17.03.1997;1997
34046;18.03.1997;1997
34047;19.03.1997;1997
34048;20.03.1997;1997
34049;21.03.1997;1997
34050;22.03.1997;1997
34051;23.03.1997;1997
34052;24.03.1997;1997
34053;25.03.1997;1997
34054;26.03.1997;1997
34055;27.03.1997;1997
34056;28.03.1997;1997
34057;29.03.1997;1997
34058;30.03.1997;1997
34059;31.03.1997;1997
34060;01.04.1997;1997
34061;02.04.1997;1997
34062;03.04.1997;1997
34063;04.04.1997;1997
34064;05.04.1997;1997
34065;06.04.1997;1997
34066;07.04.1997;1997
34067;08.04.1997;1997
34068;09.04.1997;1997
34069;10.04.1997;1997
34070;11.04.1997;1997
34071;12.04.1997;1997
34072;13.04.1997;1997
34073;14.04.1997;1997
34074;15.04.1997;1997
34075;16.04.1997;1997
34076;17.04.1997;1997
34077;18.04.1997;1997
34078;19.04.1997;1997
34079;20.04.1997;1997
34080;21.04.1997;1997
34081;22.04.1997;1997
34082;23.04.1997;1997
34083;24.04.1997;1997
34084;25.04.1997;1997
34085;26.04.1997;1997
34086;27.04.1997;1997
34087;28.04.1997;1997
34088;29.04.1997;1997
34089;30.04.1997;1997
34090;01.05.1997;1997
34091;02.05.1997;1997
34092;03.05.1997;1997
34093;04.05.1997;1997
34094;05.05.1997;1997
34095;06.05.1997;1997
34096;07.05.1997;1997
34097;08.05.1997;1997
34098;09.05.1997;1997
34099;10.05.1997;1997
34100;11.05.1997;1997
34101;12.05.1997;1997
34102;13.05.1997;1997
34103;14.05.1997;1997
34104;15.05.1997;1997
34105;16.05.1997;1997
34106;17.05.1997;1997
34107;18.05.1997;1997
34108;19.05.1997;1997
34109;20.05.1997;1997
34110;21.05.1997;1997
34111;22.05.1997;1997
34112;23.05.1997;1997
34113;24.05.1997;1997
34114;25.05.1997;1997
34115;26.05.1997;1997
34116;27.05.1997;1997
34117;28.05.1997;1997
34118;29.05.1997;1997
34119;30.05.1997;1997
34120;31.05.1997;1997
34121;01.06.1997;1997
34122;02.06.1997;1997
34123;03.06.1997;1997
34124;04.06.1997;1997
34125;05.06.1997;1997
34126;06.06.1997;1997
34127;07.06.1997;1997
34128;08.06.1997;1997
34129;09.06.1997;1997
34130;10.06.1997;1997
34131;11.06.1997;1997
34132;12.06.1997;1997
34133;13.06.1997;1997
34134;14.06.1997;1997
34135;15.06.1997;1997
34136;16.06.1997;1997
34137;17.06.1997;1997
34138;18.06.1997;1997
34139;19.06.1997;1997
34140;20.06.1997;1997
34141;21.06.1997;1997
34142;22.06.1997;1997
34143;23.06.1997;1997
34144;24.06.1997;1997
34145;25.06.1997;1997
34146;26.06.1997;1997
34147;27.06.1997;1997
34148;28.06.1997;1997
34149;29.06.1997;1997
34150;30.06.1997;1997
34151;01.07.1997;1997
34152;02.07.1997;1997
34153;03.07.1997;1997
34154;04.07.1997;1997
34155;05.07.1997;1997
34156;06.07.1997;1997
34157;07.07.1997;1997
34158;08.07.1997;1997
34159;09.07.1997;1997
34160;10.07.1997;1997
34161;11.07.1997;1997
34162;12.07.1997;1997
34163;13.07.1997;1997
34164;14.07.1997;1997
34165;15.07.1997;1997
34166;16.07.1997;1997
34167;17.07.1997;1997
34168;18.07.1997;1997
34169;19.07.1997;1997
34170;20.07.1997;1997
34171;21.07.1997;1997
34172;22.07.1997;1997
34173;23.07.1997;1997
34174;24.07.1997;1997
34175;25.07.1997;1997
34176;26.07.1997;1997
34177;27.07.1997;1997
34178;28.07.1997;1997
34179;29.07.1997;1997
34180;30.07.1997;1997
34181;31.07.1997;1997
34182;01.08.1997;1997
34183;02.08.1997;1997
34184;03.08.1997;1997
34185;04.08.1997;1997
34186;05.08.1997;1997
34187;06.08.1997;1997
34188;07.08.1997;1997
34189;08.08.1997;1997
34190;09.08.1997;1997
34191;10.08.1997;1997
34192;11.08.1997;1997
34193;12.08.1997;1997
34194;13.08.1997;1997
34195;14.08.1997;1997
34196;15.08.1997;1997
34197;16.08.1997;1997
34198;17.08.1997;1997
34199;18.08.1997;1997
34200;19.08.1997;1997
34201;20.08.1997;1997
34202;21.08.1997;1997
34203;22.08.1997;1997
34204;23.08.1997;1997
34205;24.08.1997;1997
34206;25.08.1997;1997
34207;26.08.1997;1997
34208;27.08.1997;1997
34209;28.08.1997;1997
34210;29.08.1997;1997
34211;30.08.1997;1997
34212;31.08.1997;1997
34213;01.09.1997;1997
34214;02.09.1997;1997
34215;03.09.1997;1997
34216;04.09.1997;1997
34217;05.09.1997;1997
34218;06.09.1997;1997
34219;07.09.1997;1997
34220;08.09.1997;1997
34221;09.09.1997;1997
34222;10.09.1997;1997
34223;11.09.1997;1997
34224;12.09.1997;1997
34225;13.09.1997;1997
34226;14.09.1997;1997
34227;15.09.1997;1997
34228;16.09.1997;1997
34229;17.09.1997;1997
34230;18.09.1997;1997
34231;19.09.1997;1997
34232;20.09.1997;1997
34233;21.09.1997;1997
34234;22.09.1997;1997
34235;23.09.1997;1997
34236;24.09.1997;1997
34237;25.09.1997;1997
34238;26.09.1997;1997
34239;27.09.1997;1997
34240;28.09.1997;1997
34241;29.09.1997;1997
34242;30.09.1997;1997
34243;01.10.1997;1997
34244;02.10.1997;1997
34245;03.10.1997;1997
34246;04.10.1997;1997
34247;05.10.1997;1997
34248;06.10.1997;1997
34249;07.10.1997;1997
34250;08.10.1997;1997
34251;09.10.1997;1997
34252;10.10.1997;1997
34253;11.10.1997;1997
34254;12.10.1997;1997
34255;13.10.1997;1997
34256;14.10.1997;1997
34257;15.10.1997;1997
34258;16.10.1997;1997
34259;17.10.1997;1997
34260;18.10.1997;1997
34261;19.10.1997;1997
34262;20.10.1997;1997
34263;21.10.1997;1997
34264;22.10.1997;1997
34265;23.10.1997;1997
34266;24.10.1997;1997
34267;25.10.1997;1997
34268;26.10.1997;1997
34269;27.10.1997;1997
34270;28.10.1997;1997
34271;29.10.1997;1997
34272;30.10.1997;1997
34273;31.10.1997;1997
34274;01.11.1997;1997
34275;02.11.1997;1997
34276;03.11.1997;1997
34277;04.11.1997;1997
34278;05.11.1997;1997
34279;06.11.1997;1997
34280;07.11.1997;1997
34281;08.11.1997;1997
34282;09.11.1997;1997
34283;10.11.1997;1997
34284;11.11.1997;1997
34285;12.11.1997;1997
34286;13.11.1997;1997
34287;14.11.1997;1997
34288;15.11.1997;1997
34289;16.11.1997;1997
34290;17.11.1997;1997
34291;18.11.1997;1997
34292;19.11.1997;1997
34293;20.11.1997;1997
34294;21.11.1997;1997
34295;22.11.1997;1997
34296;23.11.1997;1997
34297;24.11.1997;1997
34298;25.11.1997;1997
34299;26.11.1997;1997
34300;27.11.1997;1997
34301;28.11.1997;1997
34302;29.11.1997;1997
34303;30.11.1997;1997
34304;01.12.1997;1997
34305;02.12.1997;1997
34306;03.12.1997;1997
34307;04.12.1997;1997
34308;05.12.1997;1997
34309;06.12.1997;1997
34310;07.12.1997;1997
34311;08.12.1997;1997
34312;09.12.1997;1997
34313;10.12.1997;1997
34314;11.12.1997;1997
34315;12.12.1997;1997
34316;13.12.1997;1997
34317;14.12.1997;1997
34318;15.12.1997;1997
34319;16.12.1997;1997
34320;17.12.1997;1997
34321;18.12.1997;1997
34322;19.12.1997;1997
34323;20.12.1997;1997
34324;21.12.1997;1997
34325;22.12.1997;1997
34326;23.12.1997;1997
34327;24.12.1997;1997
34328;25.12.1997;1997
34329;26.12.1997;1997
34330;27.12.1997;1997
34331;28.12.1997;1997
34332;29.12.1997;1997
34333;30.12.1997;1997
34334;31.12.1997;1997
34335;01.01.1998;1998
34336;02.01.1998;1998
34337;03.01.1998;1998
34338;04.01.1998;1998
34339;05.01.1998;1998
34340;06.01.1998;1998
34341;07.01.1998;1998
34342;08.01.1998;1998
34343;09.01.1998;1998
34344;10.01.1998;1998
34345;11.01.1998;1998
34346;12.01.1998;1998
34347;13.01.1998;1998
34348;14.01.1998;1998
34349;15.01.1998;1998
34350;16.01.1998;1998
34351;17.01.1998;1998
34352;18.01.1998;1998
34353;19.01.1998;1998
34354;20.01.1998;1998
34355;21.01.1998;1998
34356;22.01.1998;1998
34357;23.01.1998;1998
34358;24.01.1998;1998
34359;25.01.1998;1998
34360;26.01.1998;1998
34361;27.01.1998;1998
34362;28.01.1998;1998
34363;29.01.1998;1998
34364;30.01.1998;1998
34365;31.01.1998;1998
34366;01.02.1998;1998
34367;02.02.1998;1998
34368;03.02.1998;1998
34369;04.02.1998;1998
34370;05.02.1998;1998
34371;06.02.1998;1998
34372;07.02.1998;1998
34373;08.02.1998;1998
34374;09.02.1998;1998
34375;10.02.1998;1998
34376;11.02.1998;1998
34377;12.02.1998;1998
34378;13.02.1998;1998
34379;14.02.1998;1998
34380;15.02.1998;1998
34381;16.02.1998;1998
34382;17.02.1998;1998
34383;18.02.1998;1998
34384;19.02.1998;1998
34385;20.02.1998;1998
34386;21.02.1998;1998
34387;22.02.1998;1998
34388;23.02.1998;1998
34389;24.02.1998;1998
34390;25.02.1998;1998
34391;26.02.1998;1998
34392;27.02.1998;1998
34393;28.02.1998;1998
34394;01.03.1998;1998
34395;02.03.1998;1998
34396;03.03.1998;1998
34397;04.03.1998;1998
34398;05.03.1998;1998
34399;06.03.1998;1998
34400;07.03.1998;1998
34401;08.03.1998;1998
34402;09.03.1998;1998
34403;10.03.1998;1998
34404;11.03.1998;1998
34405;12.03.1998;1998
34406;13.03.1998;1998
34407;14.03.1998;1998
34408;15.03.1998;1998
34409;16.03.1998;1998
34410;17.03.1998;1998
34411;18.03.1998;1998
34412;19.03.1998;1998
34413;20.03.1998;1998
34414;21.03.1998;1998
34415;22.03.1998;1998
34416;23.03.1998;1998
34417;24.03.1998;1998
34418;25.03.1998;1998
34419;26.03.1998;1998
34420;27.03.1998;1998
34421;28.03.1998;1998
34422;29.03.1998;1998
34423;30.03.1998;1998
34424;31.03.1998;1998
34425;01.04.1998;1998
34426;02.04.1998;1998
34427;03.04.1998;1998
34428;04.04.1998;1998
34429;05.04.1998;1998
34430;06.04.1998;1998
34431;07.04.1998;1998
34432;08.04.1998;1998
34433;09.04.1998;1998
34434;10.04.1998;1998
34435;11.04.1998;1998
34436;12.04.1998;1998
34437;13.04.1998;1998
34438;14.04.1998;1998
34439;15.04.1998;1998
34440;16.04.1998;1998
34441;17.04.1998;1998
34442;18.04.1998;1998
34443;19.04.1998;1998
34444;20.04.1998;1998
34445;21.04.1998;1998
34446;22.04.1998;1998
34447;23.04.1998;1998
34448;24.04.1998;1998
34449;25.04.1998;1998
34450;26.04.1998;1998
34451;27.04.1998;1998
34452;28.04.1998;1998
34453;29.04.1998;1998
34454;30.04.1998;1998
34455;01.05.1998;1998
34456;02.05.1998;1998
34457;03.05.1998;1998
34458;04.05.1998;1998
34459;05.05.1998;1998
34460;06.05.1998;1998
34461;07.05.1998;1998
34462;08.05.1998;1998
34463;09.05.1998;1998
34464;10.05.1998;1998
34465;11.05.1998;1998
34466;12.05.1998;1998
34467;13.05.1998;1998
34468;14.05.1998;1998
34469;15.05.1998;1998
34470;16.05.1998;1998
34471;17.05.1998;1998
34472;18.05.1998;1998
34473;19.05.1998;1998
34474;20.05.1998;1998
34475;21.05.1998;1998
34476;22.05.1998;1998
34477;23.05.1998;1998
34478;24.05.1998;1998
34479;25.05.1998;1998
34480;26.05.1998;1998
34481;27.05.1998;1998
34482;28.05.1998;1998
34483;29.05.1998;1998
34484;30.05.1998;1998
34485;31.05.1998;1998
34486;01.06.1998;1998
34487;02.06.1998;1998
34488;03.06.1998;1998
34489;04.06.1998;1998
34490;05.06.1998;1998
34491;06.06.1998;1998
34492;07.06.1998;1998
34493;08.06.1998;1998
34494;09.06.1998;1998
34495;10.06.1998;1998
34496;11.06.1998;1998
34497;12.06.1998;1998
34498;13.06.1998;1998
34499;14.06.1998;1998
34500;15.06.1998;1998
34501;16.06.1998;1998
34502;17.06.1998;1998
34503;18.06.1998;1998
34504;19.06.1998;1998
34505;20.06.1998;1998
34506;21.06.1998;1998
34507;22.06.1998;1998
34508;23.06.1998;1998
34509;24.06.1998;1998
34510;25.06.1998;1998
34511;26.06.1998;1998
34512;27.06.1998;1998
34513;28.06.1998;1998
34514;29.06.1998;1998
34515;30.06.1998;1998
34516;01.07.1998;1998
34517;02.07.1998;1998
34518;03.07.1998;1998
34519;04.07.1998;1998
34520;05.07.1998;1998
34521;06.07.1998;1998
34522;07.07.1998;1998
34523;08.07.1998;1998
34524;09.07.1998;1998
34525;10.07.1998;1998
34526;11.07.1998;1998
34527;12.07.1998;1998
34528;13.07.1998;1998
34529;14.07.1998;1998
34530;15.07.1998;1998
34531;16.07.1998;1998
34532;17.07.1998;1998
34533;18.07.1998;1998
34534;19.07.1998;1998
34535;20.07.1998;1998
34536;21.07.1998;1998
34537;22.07.1998;1998
34538;23.07.1998;1998
34539;24.07.1998;1998
34540;25.07.1998;1998
34541;26.07.1998;1998
34542;27.07.1998;1998
34543;28.07.1998;1998
34544;29.07.1998;1998
34545;30.07.1998;1998
34546;31.07.1998;1998
34547;01.08.1998;1998
34548;02.08.1998;1998
34549;03.08.1998;1998
34550;04.08.1998;1998
34551;05.08.1998;1998
34552;06.08.1998;1998
34553;07.08.1998;1998
34554;08.08.1998;1998
34555;09.08.1998;1998
34556;10.08.1998;1998
34557;11.08.1998;1998
34558;12.08.1998;1998
34559;13.08.1998;1998
34560;14.08.1998;1998
34561;15.08.1998;1998
34562;16.08.1998;1998
34563;17.08.1998;1998
34564;18.08.1998;1998
34565;19.08.1998;1998
34566;20.08.1998;1998
34567;21.08.1998;1998
34568;22.08.1998;1998
34569;23.08.1998;1998
34570;24.08.1998;1998
34571;25.08.1998;1998
34572;26.08.1998;1998
34573;27.08.1998;1998
34574;28.08.1998;1998
34575;29.08.1998;1998
34576;30.08.1998;1998
34577;31.08.1998;1998
34578;01.09.1998;1998
34579;02.09.1998;1998
34580;03.09.1998;1998
34581;04.09.1998;1998
34582;05.09.1998;1998
34583;06.09.1998;1998
34584;07.09.1998;1998
34585;08.09.1998;1998
34586;09.09.1998;1998
34587;10.09.1998;1998
34588;11.09.1998;1998
34589;12.09.1998;1998
34590;13.09.1998;1998
34591;14.09.1998;1998
34592;15.09.1998;1998
34593;16.09.1998;1998
34594;17.09.1998;1998
34595;18.09.1998;1998
34596;19.09.1998;1998
34597;20.09.1998;1998
34598;21.09.1998;1998
34599;22.09.1998;1998
34600;23.09.1998;1998
34601;24.09.1998;1998
34602;25.09.1998;1998
34603;26.09.1998;1998
34604;27.09.1998;1998
34605;28.09.1998;1998
34606;29.09.1998;1998
34607;30.09.1998;1998
34608;01.10.1998;1998
34609;02.10.1998;1998
34610;03.10.1998;1998
34611;04.10.1998;1998
34612;05.10.1998;1998
34613;06.10.1998;1998
34614;07.10.1998;1998
34615;08.10.1998;1998
34616;09.10.1998;1998
34617;10.10.1998;1998
34618;11.10.1998;1998
34619;12.10.1998;1998
34620;13.10.1998;1998
34621;14.10.1998;1998
34622;15.10.1998;1998
34623;16.10.1998;1998
34624;17.10.1998;1998
34625;18.10.1998;1998
34626;19.10.1998;1998
34627;20.10.1998;1998
34628;21.10.1998;1998
34629;22.10.1998;1998
34630;23.10.1998;1998
34631;24.10.1998;1998
34632;25.10.1998;1998
34633;26.10.1998;1998
34634;27.10.1998;1998
34635;28.10.1998;1998
34636;29.10.1998;1998
34637;30.10.1998;1998
34638;31.10.1998;1998
34639;01.11.1998;1998
34640;02.11.1998;1998
34641;03.11.1998;1998
34642;04.11.1998;1998
34643;05.11.1998;1998
34644;06.11.1998;1998
34645;07.11.1998;1998
34646;08.11.1998;1998
34647;09.11.1998;1998
34648;10.11.1998;1998
34649;11.11.1998;1998
34650;12.11.1998;1998
34651;13.11.1998;1998
34652;14.11.1998;1998
34653;15.11.1998;1998
34654;16.11.1998;1998
34655;17.11.1998;1998
34656;18.11.1998;1998
34657;19.11.1998;1998
34658;20.11.1998;1998
34659;21.11.1998;1998
34660;22.11.1998;1998
34661;23.11.1998;1998
34662;24.11.1998;1998
34663;25.11.1998;1998
34664;26.11.1998;1998
34665;27.11.1998;1998
34666;28.11.1998;1998
34667;29.11.1998;1998
34668;30.11.1998;1998
34669;01.12.1998;1998
34670;02.12.1998;1998
34671;03.12.1998;1998
34672;04.12.1998;1998
34673;05.12.1998;1998
34674;06.12.1998;1998
34675;07.12.1998;1998
34676;08.12.1998;1998
34677;09.12.1998;1998
34678;10.12.1998;1998
34679;11.12.1998;1998
34680;12.12.1998;1998
34681;13.12.1998;1998
34682;14.12.1998;1998
34683;15.12.1998;1998
34684;16.12.1998;1998
34685;17.12.1998;1998
34686;18.12.1998;1998
34687;19.12.1998;1998
34688;20.12.1998;1998
34689;21.12.1998;1998
34690;22.12.1998;1998
34691;23.12.1998;1998
34692;24.12.1998;1998
34693;25.12.1998;1998
34694;26.12.1998;1998
34695;27.12.1998;1998
34696;28.12.1998;1998
34697;29.12.1998;1998
34698;30.12.1998;1998
34699;31.12.1998;1998
34700;01.01.1999;1999
34701;02.01.1999;1999
34702;03.01.1999;1999
34703;04.01.1999;1999
34704;05.01.1999;1999
34705;06.01.1999;1999
34706;07.01.1999;1999
34707;08.01.1999;1999
34708;09.01.1999;1999
34709;10.01.1999;1999
34710;11.01.1999;1999
34711;12.01.1999;1999
34712;13.01.1999;1999
34713;14.01.1999;1999
34714;15.01.1999;1999
34715;16.01.1999;1999
34716;17.01.1999;1999
34717;18.01.1999;1999
34718;19.01.1999;1999
34719;20.01.1999;1999
34720;21.01.1999;1999
34721;22.01.1999;1999
34722;23.01.1999;1999
34723;24.01.1999;1999
34724;25.01.1999;1999
34725;26.01.1999;1999
34726;27.01.1999;1999
34727;28.01.1999;1999
34728;29.01.1999;1999
34729;30.01.1999;1999
34730;31.01.1999;1999
34731;01.02.1999;1999
34732;02.02.1999;1999
34733;03.02.1999;1999
34734;04.02.1999;1999
34735;05.02.1999;1999
34736;06.02.1999;1999
34737;07.02.1999;1999
34738;08.02.1999;1999
34739;09.02.1999;1999
34740;10.02.1999;1999
34741;11.02.1999;1999
34742;12.02.1999;1999
34743;13.02.1999;1999
34744;14.02.1999;1999
34745;15.02.1999;1999
34746;16.02.1999;1999
34747;17.02.1999;1999
34748;18.02.1999;1999
34749;19.02.1999;1999
34750;20.02.1999;1999
34751;21.02.1999;1999
34752;22.02.1999;1999
34753;23.02.1999;1999
34754;24.02.1999;1999
34755;25.02.1999;1999
34756;26.02.1999;1999
34757;27.02.1999;1999
34758;28.02.1999;1999
34759;01.03.1999;1999
34760;02.03.1999;1999
34761;03.03.1999;1999
34762;04.03.1999;1999
34763;05.03.1999;1999
34764;06.03.1999;1999
34765;07.03.1999;1999
34766;08.03.1999;1999
34767;09.03.1999;1999
34768;10.03.1999;1999
34769;11.03.1999;1999
34770;12.03.1999;1999
34771;13.03.1999;1999
34772;14.03.1999;1999
34773;15.03.1999;1999
34774;16.03.1999;1999
34775;17.03.1999;1999
34776;18.03.1999;1999
34777;19.03.1999;1999
34778;20.03.1999;1999
34779;21.03.1999;1999
34780;22.03.1999;1999
34781;23.03.1999;1999
34782;24.03.1999;1999
34783;25.03.1999;1999
34784;26.03.1999;1999
34785;27.03.1999;1999
34786;28.03.1999;1999
34787;29.03.1999;1999
34788;30.03.1999;1999
34789;31.03.1999;1999
34790;01.04.1999;1999
34791;02.04.1999;1999
34792;03.04.1999;1999
34793;04.04.1999;1999
34794;05.04.1999;1999
34795;06.04.1999;1999
34796;07.04.1999;1999
34797;08.04.1999;1999
34798;09.04.1999;1999
34799;10.04.1999;1999
34800;11.04.1999;1999
34801;12.04.1999;1999
34802;13.04.1999;1999
34803;14.04.1999;1999
34804;15.04.1999;1999
34805;16.04.1999;1999
34806;17.04.1999;1999
34807;18.04.1999;1999
34808;19.04.1999;1999
34809;20.04.1999;1999
34810;21.04.1999;1999
34811;22.04.1999;1999
34812;23.04.1999;1999
34813;24.04.1999;1999
34814;25.04.1999;1999
34815;26.04.1999;1999
34816;27.04.1999;1999
34817;28.04.1999;1999
34818;29.04.1999;1999
34819;30.04.1999;1999
34820;01.05.1999;1999
34821;02.05.1999;1999
34822;03.05.1999;1999
34823;04.05.1999;1999
34824;05.05.1999;1999
34825;06.05.1999;1999
34826;07.05.1999;1999
34827;08.05.1999;1999
34828;09.05.1999;1999
34829;10.05.1999;1999
34830;11.05.1999;1999
34831;12.05.1999;1999
34832;13.05.1999;1999
34833;14.05.1999;1999
34834;15.05.1999;1999
34835;16.05.1999;1999
34836;17.05.1999;1999
34837;18.05.1999;1999
34838;19.05.1999;1999
34839;20.05.1999;1999
34840;21.05.1999;1999
34841;22.05.1999;1999
34842;23.05.1999;1999
34843;24.05.1999;1999
34844;25.05.1999;1999
34845;26.05.1999;1999
34846;27.05.1999;1999
34847;28.05.1999;1999
34848;29.05.1999;1999
34849;30.05.1999;1999
34850;31.05.1999;1999
34851;01.06.1999;1999
34852;02.06.1999;1999
34853;03.06.1999;1999
34854;04.06.1999;1999
34855;05.06.1999;1999
34856;06.06.1999;1999
34857;07.06.1999;1999
34858;08.06.1999;1999
34859;09.06.1999;1999
34860;10.06.1999;1999
34861;11.06.1999;1999
34862;12.06.1999;1999
34863;13.06.1999;1999
34864;14.06.1999;1999
34865;15.06.1999;1999
34866;16.06.1999;1999
34867;17.06.1999;1999
34868;18.06.1999;1999
34869;19.06.1999;1999
34870;20.06.1999;1999
34871;21.06.1999;1999
34872;22.06.1999;1999
34873;23.06.1999;1999
34874;24.06.1999;1999
34875;25.06.1999;1999
34876;26.06.1999;1999
34877;27.06.1999;1999
34878;28.06.1999;1999
34879;29.06.1999;1999
34880;30.06.1999;1999
34881;01.07.1999;1999
34882;02.07.1999;1999
34883;03.07.1999;1999
34884;04.07.1999;1999
34885;05.07.1999;1999
34886;06.07.1999;1999
34887;07.07.1999;1999
34888;08.07.1999;1999
34889;09.07.1999;1999
34890;10.07.1999;1999
34891;11.07.1999;1999
34892;12.07.1999;1999
34893;13.07.1999;1999
34894;14.07.1999;1999
34895;15.07.1999;1999
34896;16.07.1999;1999
34897;17.07.1999;1999
34898;18.07.1999;1999
34899;19.07.1999;1999
34900;20.07.1999;1999
34901;21.07.1999;1999
34902;22.07.1999;1999
34903;23.07.1999;1999
34904;24.07.1999;1999
34905;25.07.1999;1999
34906;26.07.1999;1999
34907;27.07.1999;1999
34908;28.07.1999;1999
34909;29.07.1999;1999
34910;30.07.1999;1999
34911;31.07.1999;1999
34912;01.08.1999;1999
34913;02.08.1999;1999
34914;03.08.1999;1999
34915;04.08.1999;1999
34916;05.08.1999;1999
34917;06.08.1999;1999
34918;07.08.1999;1999
34919;08.08.1999;1999
34920;09.08.1999;1999
34921;10.08.1999;1999
34922;11.08.1999;1999
34923;12.08.1999;1999
34924;13.08.1999;1999
34925;14.08.1999;1999
34926;15.08.1999;1999
34927;16.08.1999;1999
34928;17.08.1999;1999
34929;18.08.1999;1999
34930;19.08.1999;1999
34931;20.08.1999;1999
34932;21.08.1999;1999
34933;22.08.1999;1999
34934;23.08.1999;1999
34935;24.08.1999;1999
34936;25.08.1999;1999
34937;26.08.1999;1999
34938;27.08.1999;1999
34939;28.08.1999;1999
34940;29.08.1999;1999
34941;30.08.1999;1999
34942;31.08.1999;1999
34943;01.09.1999;1999
34944;02.09.1999;1999
34945;03.09.1999;1999
34946;04.09.1999;1999
34947;05.09.1999;1999
34948;06.09.1999;1999
34949;07.09.1999;1999
34950;08.09.1999;1999
34951;09.09.1999;1999
34952;10.09.1999;1999
34953;11.09.1999;1999
34954;12.09.1999;1999
34955;13.09.1999;1999
34956;14.09.1999;1999
34957;15.09.1999;1999
34958;16.09.1999;1999
34959;17.09.1999;1999
34960;18.09.1999;1999
34961;19.09.1999;1999
34962;20.09.1999;1999
34963;21.09.1999;1999
34964;22.09.1999;1999
34965;23.09.1999;1999
34966;24.09.1999;1999
34967;25.09.1999;1999
34968;26.09.1999;1999
34969;27.09.1999;1999
34970;28.09.1999;1999
34971;29.09.1999;1999
34972;30.09.1999;1999
34973;01.10.1999;1999
34974;02.10.1999;1999
34975;03.10.1999;1999
34976;04.10.1999;1999
34977;05.10.1999;1999
34978;06.10.1999;1999
34979;07.10.1999;1999
34980;08.10.1999;1999
34981;09.10.1999;1999
34982;10.10.1999;1999
34983;11.10.1999;1999
34984;12.10.1999;1999
34985;13.10.1999;1999
34986;14.10.1999;1999
34987;15.10.1999;1999
34988;16.10.1999;1999
34989;17.10.1999;1999
34990;18.10.1999;1999
34991;19.10.1999;1999
34992;20.10.1999;1999
34993;21.10.1999;1999
34994;22.10.1999;1999
34995;23.10.1999;1999
34996;24.10.1999;1999
34997;25.10.1999;1999
34998;26.10.1999;1999
34999;27.10.1999;1999
35000;28.10.1999;1999
35001;29.10.1999;1999
35002;30.10.1999;1999
35003;31.10.1999;1999
35004;01.11.1999;1999
35005;02.11.1999;1999
35006;03.11.1999;1999
35007;04.11.1999;1999
35008;05.11.1999;1999
35009;06.11.1999;1999
35010;07.11.1999;1999
35011;08.11.1999;1999
35012;09.11.1999;1999
35013;10.11.1999;1999
35014;11.11.1999;1999
35015;12.11.1999;1999
35016;13.11.1999;1999
35017;14.11.1999;1999
35018;15.11.1999;1999
35019;16.11.1999;1999
35020;17.11.1999;1999
35021;18.11.1999;1999
35022;19.11.1999;1999
35023;20.11.1999;1999
35024;21.11.1999;1999
35025;22.11.1999;1999
35026;23.11.1999;1999
35027;24.11.1999;1999
35028;25.11.1999;1999
35029;26.11.1999;1999
35030;27.11.1999;1999
35031;28.11.1999;1999
35032;29.11.1999;1999
35033;30.11.1999;1999
35034;01.12.1999;1999
35035;02.12.1999;1999
35036;03.12.1999;1999
35037;04.12.1999;1999
35038;05.12.1999;1999
35039;06.12.1999;1999
35040;07.12.1999;1999
35041;08.12.1999;1999
35042;09.12.1999;1999
35043;10.12.1999;1999
35044;11.12.1999;1999
35045;12.12.1999;1999
35046;13.12.1999;1999
35047;14.12.1999;1999
35048;15.12.1999;1999
35049;16.12.1999;1999
35050;17.12.1999;1999
35051;18.12.1999;1999
35052;19.12.1999;1999
35053;20.12.1999;1999
35054;21.12.1999;1999
35055;22.12.1999;1999
35056;23.12.1999;1999
35057;24.12.1999;1999
35058;25.12.1999;1999
35059;26.12.1999;1999
35060;27.12.1999;1999
35061;28.12.1999;1999
35062;29.12.1999;1999
35063;30.12.1999;1999
35064;31.12.1999;1999
35431;01.01.2001;2001
35432;02.01.2001;2001
35433;03.01.2001;2001
35434;04.01.2001;2001
35435;05.01.2001;2001
35436;06.01.2001;2001
35437;07.01.2001;2001
35438;08.01.2001;2001
35439;09.01.2001;2001
35440;10.01.2001;2001
35441;11.01.2001;2001
35442;12.01.2001;2001
35443;13.01.2001;2001
35444;14.01.2001;2001
35445;15.01.2001;2001
35446;16.01.2001;2001
35447;17.01.2001;2001
35448;18.01.2001;2001
35449;19.01.2001;2001
35450;20.01.2001;2001
35451;21.01.2001;2001
35452;22.01.2001;2001
35453;23.01.2001;2001
35454;24.01.2001;2001
35455;25.01.2001;2001
35456;26.01.2001;2001
35457;27.01.2001;2001
35458;28.01.2001;2001
35459;29.01.2001;2001
35460;30.01.2001;2001
35461;31.01.2001;2001
35462;01.02.2001;2001
35463;02.02.2001;2001
35464;03.02.2001;2001
35465;04.02.2001;2001
35466;05.02.2001;2001
35467;06.02.2001;2001
35468;07.02.2001;2001
35469;08.02.2001;2001
35470;09.02.2001;2001
35471;10.02.2001;2001
35472;11.02.2001;2001
35473;12.02.2001;2001
35474;13.02.2001;2001
35475;14.02.2001;2001
35476;15.02.2001;2001
35477;16.02.2001;2001
35478;17.02.2001;2001
35479;18.02.2001;2001
35480;19.02.2001;2001
35481;20.02.2001;2001
35482;21.02.2001;2001
35483;22.02.2001;2001
35484;23.02.2001;2001
35485;24.02.2001;2001
35486;25.02.2001;2001
35487;26.02.2001;2001
35488;27.02.2001;2001
35489;28.02.2001;2001
35490;01.03.2001;2001
35491;02.03.2001;2001
35492;03.03.2001;2001
35493;04.03.2001;2001
35494;05.03.2001;2001
35495;06.03.2001;2001
35496;07.03.2001;2001
35497;08.03.2001;2001
35498;09.03.2001;2001
35499;10.03.2001;2001
35500;11.03.2001;2001
35501;12.03.2001;2001
35502;13.03.2001;2001
35503;14.03.2001;2001
35504;15.03.2001;2001
35505;16.03.2001;2001
35506;17.03.2001;2001
35507;18.03.2001;2001
35508;19.03.2001;2001
35509;20.03.2001;2001
35510;21.03.2001;2001
35511;22.03.2001;2001
35512;23.03.2001;2001
35513;24.03.2001;2001
35514;25.03.2001;2001
35515;26.03.2001;2001
35516;27.03.2001;2001
35517;28.03.2001;2001
35518;29.03.2001;2001
35519;30.03.2001;2001
35520;31.03.2001;2001
35521;01.04.2001;2001
35522;02.04.2001;2001
35523;03.04.2001;2001
35524;04.04.2001;2001
35525;05.04.2001;2001
35526;06.04.2001;2001
35527;07.04.2001;2001
35528;08.04.2001;2001
35529;09.04.2001;2001
35530;10.04.2001;2001
35531;11.04.2001;2001
35532;12.04.2001;2001
35533;13.04.2001;2001
35534;14.04.2001;2001
35535;15.04.2001;2001
35536;16.04.2001;2001
35537;17.04.2001;2001
35538;18.04.2001;2001
35539;19.04.2001;2001
35540;20.04.2001;2001
35541;21.04.2001;2001
35542;22.04.2001;2001
35543;23.04.2001;2001
35544;24.04.2001;2001
35545;25.04.2001;2001
35546;26.04.2001;2001
35547;27.04.2001;2001
35548;28.04.2001;2001
35549;29.04.2001;2001
35550;30.04.2001;2001
35551;01.05.2001;2001
35552;02.05.2001;2001
35553;03.05.2001;2001
35554;04.05.2001;2001
35555;05.05.2001;2001
35556;06.05.2001;2001
35557;07.05.2001;2001
35558;08.05.2001;2001
35559;09.05.2001;2001
35560;10.05.2001;2001
35561;11.05.2001;2001
35562;12.05.2001;2001
35563;13.05.2001;2001
35564;14.05.2001;2001
35565;15.05.2001;2001
35566;16.05.2001;2001
35567;17.05.2001;2001
35568;18.05.2001;2001
35569;19.05.2001;2001
35570;20.05.2001;2001
35571;21.05.2001;2001
35572;22.05.2001;2001
35573;23.05.2001;2001
35574;24.05.2001;2001
35575;25.05.2001;2001
35576;26.05.2001;2001
35577;27.05.2001;2001
35578;28.05.2001;2001
35579;29.05.2001;2001
35580;30.05.2001;2001
35581;31.05.2001;2001
35582;01.06.2001;2001
35583;02.06.2001;2001
35584;03.06.2001;2001
35585;04.06.2001;2001
35586;05.06.2001;2001
35587;06.06.2001;2001
35588;07.06.2001;2001
35589;08.06.2001;2001
35590;09.06.2001;2001
35591;10.06.2001;2001
35592;11.06.2001;2001
35593;12.06.2001;2001
35594;13.06.2001;2001
35595;14.06.2001;2001
35596;15.06.2001;2001
35597;16.06.2001;2001
35598;17.06.2001;2001
35599;18.06.2001;2001
35600;19.06.2001;2001
35601;20.06.2001;2001
35602;21.06.2001;2001
35603;22.06.2001;2001
35604;23.06.2001;2001
35605;24.06.2001;2001
35606;25.06.2001;2001
35607;26.06.2001;2001
35608;27.06.2001;2001
35609;28.06.2001;2001
35610;29.06.2001;2001
35611;30.06.2001;2001
35612;01.07.2001;2001
35613;02.07.2001;2001
35614;03.07.2001;2001
35615;04.07.2001;2001
35616;05.07.2001;2001
35617;06.07.2001;2001
35618;07.07.2001;2001
35619;08.07.2001;2001
35620;09.07.2001;2001
35621;10.07.2001;2001
35622;11.07.2001;2001
35623;12.07.2001;2001
35624;13.07.2001;2001
35625;14.07.2001;2001
35626;15.07.2001;2001
35627;16.07.2001;2001
35628;17.07.2001;2001
35629;18.07.2001;2001
35630;19.07.2001;2001
35631;20.07.2001;2001
35632;21.07.2001;2001
35633;22.07.2001;2001
35634;23.07.2001;2001
35635;24.07.2001;2001
35636;25.07.2001;2001
35637;26.07.2001;2001
35638;27.07.2001;2001
35639;28.07.2001;2001
35640;29.07.2001;2001
35641;30.07.2001;2001
35642;31.07.2001;2001
35643;01.08.2001;2001
35644;02.08.2001;2001
35645;03.08.2001;2001
35646;04.08.2001;2001
35647;05.08.2001;2001
35648;06.08.2001;2001
35649;07.08.2001;2001
35650;08.08.2001;2001
35651;09.08.2001;2001
35652;10.08.2001;2001
35653;11.08.2001;2001
35654;12.08.2001;2001
35655;13.08.2001;2001
35656;14.08.2001;2001
35657;15.08.2001;2001
35658;16.08.2001;2001
35659;17.08.2001;2001
35660;18.08.2001;2001
35661;19.08.2001;2001
35662;20.08.2001;2001
35663;21.08.2001;2001
35664;22.08.2001;2001
35665;23.08.2001;2001
35666;24.08.2001;2001
35667;25.08.2001;2001
35668;26.08.2001;2001
35669;27.08.2001;2001
35670;28.08.2001;2001
35671;29.08.2001;2001
35672;30.08.2001;2001
35673;31.08.2001;2001
35674;01.09.2001;2001
35675;02.09.2001;2001
35676;03.09.2001;2001
35677;04.09.2001;2001
35678;05.09.2001;2001
35679;06.09.2001;2001
35680;07.09.2001;2001
35681;08.09.2001;2001
35682;09.09.2001;2001
35683;10.09.2001;2001
35684;11.09.2001;2001
35685;12.09.2001;2001
35686;13.09.2001;2001
35687;14.09.2001;2001
35688;15.09.2001;2001
35689;16.09.2001;2001
35690;17.09.2001;2001
35691;18.09.2001;2001
35692;19.09.2001;2001
35693;20.09.2001;2001
35694;21.09.2001;2001
35695;22.09.2001;2001
35696;23.09.2001;2001
35697;24.09.2001;2001
35698;25.09.2001;2001
35699;26.09.2001;2001
35700;27.09.2001;2001
35701;28.09.2001;2001
35702;29.09.2001;2001
35703;30.09.2001;2001
35704;01.10.2001;2001
35705;02.10.2001;2001
35706;03.10.2001;2001
35707;04.10.2001;2001
35708;05.10.2001;2001
35709;06.10.2001;2001
35710;07.10.2001;2001
35711;08.10.2001;2001
35712;09.10.2001;2001
35713;10.10.2001;2001
35714;11.10.2001;2001
35715;12.10.2001;2001
35716;13.10.2001;2001
35717;14.10.2001;2001
35718;15.10.2001;2001
35719;16.10.2001;2001
35720;17.10.2001;2001
35721;18.10.2001;2001
35722;19.10.2001;2001
35723;20.10.2001;2001
35724;21.10.2001;2001
35725;22.10.2001;2001
35726;23.10.2001;2001
35727;24.10.2001;2001
35728;25.10.2001;2001
35729;26.10.2001;2001
35730;27.10.2001;2001
35731;28.10.2001;2001
35732;29.10.2001;2001
35733;30.10.2001;2001
35734;31.10.2001;2001
35735;01.11.2001;2001
35736;02.11.2001;2001
35737;03.11.2001;2001
35738;04.11.2001;2001
35739;05.11.2001;2001
35740;06.11.2001;2001
35741;07.11.2001;2001
35742;08.11.2001;2001
35743;09.11.2001;2001
35744;10.11.2001;2001
35745;11.11.2001;2001
35746;12.11.2001;2001
35747;13.11.2001;2001
35748;14.11.2001;2001
35749;15.11.2001;2001
35750;16.11.2001;2001
35751;17.11.2001;2001
35752;18.11.2001;2001
35753;19.11.2001;2001
35754;20.11.2001;2001
35755;21.11.2001;2001
35756;22.11.2001;2001
35757;23.11.2001;2001
35758;24.11.2001;2001
35759;25.11.2001;2001
35760;26.11.2001;2001
35761;27.11.2001;2001
35762;28.11.2001;2001
35763;29.11.2001;2001
35764;30.11.2001;2001
35765;01.12.2001;2001
35766;02.12.2001;2001
35767;03.12.2001;2001
35768;04.12.2001;2001
35769;05.12.2001;2001
35770;06.12.2001;2001
35771;07.12.2001;2001
35772;08.12.2001;2001
35773;09.12.2001;2001
35774;10.12.2001;2001
35775;11.12.2001;2001
35776;12.12.2001;2001
35777;13.12.2001;2001
35778;14.12.2001;2001
35779;15.12.2001;2001
35780;16.12.2001;2001
35781;17.12.2001;2001
35782;18.12.2001;2001
35783;19.12.2001;2001
35784;20.12.2001;2001
35785;21.12.2001;2001
35786;22.12.2001;2001
35787;23.12.2001;2001
35788;24.12.2001;2001
35789;25.12.2001;2001
35790;26.12.2001;2001
35791;27.12.2001;2001
35792;28.12.2001;2001
35793;29.12.2001;2001
35794;30.12.2001;2001
35795;31.12.2001;2001
35796;01.01.2002;2002
35797;02.01.2002;2002
35798;03.01.2002;2002
35799;04.01.2002;2002
35800;05.01.2002;2002
35801;06.01.2002;2002
35802;07.01.2002;2002
35803;08.01.2002;2002
35804;09.01.2002;2002
35805;10.01.2002;2002
35806;11.01.2002;2002
35807;12.01.2002;2002
35808;13.01.2002;2002
35809;14.01.2002;2002
35810;15.01.2002;2002
35811;16.01.2002;2002
35812;17.01.2002;2002
35813;18.01.2002;2002
35814;19.01.2002;2002
35815;20.01.2002;2002
35816;21.01.2002;2002
35817;22.01.2002;2002
35818;23.01.2002;2002
35819;24.01.2002;2002
35820;25.01.2002;2002
35821;26.01.2002;2002
35822;27.01.2002;2002
35823;28.01.2002;2002
35824;29.01.2002;2002
35825;30.01.2002;2002
35826;31.01.2002;2002
35827;01.02.2002;2002
35828;02.02.2002;2002
35829;03.02.2002;2002
35830;04.02.2002;2002
35831;05.02.2002;2002
35832;06.02.2002;2002
35833;07.02.2002;2002
35834;08.02.2002;2002
35835;09.02.2002;2002
35836;10.02.2002;2002
35837;11.02.2002;2002
35838;12.02.2002;2002
35839;13.02.2002;2002
35840;14.02.2002;2002
35841;15.02.2002;2002
35842;16.02.2002;2002
35843;17.02.2002;2002
35844;18.02.2002;2002
35845;19.02.2002;2002
35846;20.02.2002;2002
35847;21.02.2002;2002
35848;22.02.2002;2002
35849;23.02.2002;2002
35850;24.02.2002;2002
35851;25.02.2002;2002
35852;26.02.2002;2002
35853;27.02.2002;2002
35854;28.02.2002;2002
35855;01.03.2002;2002
35856;02.03.2002;2002
35857;03.03.2002;2002
35858;04.03.2002;2002
35859;05.03.2002;2002
35860;06.03.2002;2002
35861;07.03.2002;2002
35862;08.03.2002;2002
35863;09.03.2002;2002
35864;10.03.2002;2002
35865;11.03.2002;2002
35866;12.03.2002;2002
35867;13.03.2002;2002
35868;14.03.2002;2002
35869;15.03.2002;2002
35870;16.03.2002;2002
35871;17.03.2002;2002
35872;18.03.2002;2002
35873;19.03.2002;2002
35874;20.03.2002;2002
35875;21.03.2002;2002
35876;22.03.2002;2002
35877;23.03.2002;2002
35878;24.03.2002;2002
35879;25.03.2002;2002
35880;26.03.2002;2002
35881;27.03.2002;2002
35882;28.03.2002;2002
35883;29.03.2002;2002
35884;30.03.2002;2002
35885;31.03.2002;2002
35886;01.04.2002;2002
35887;02.04.2002;2002
35888;03.04.2002;2002
35889;04.04.2002;2002
35890;05.04.2002;2002
35891;06.04.2002;2002
35892;07.04.2002;2002
35893;08.04.2002;2002
35894;09.04.2002;2002
35895;10.04.2002;2002
35896;11.04.2002;2002
35897;12.04.2002;2002
35898;13.04.2002;2002
35899;14.04.2002;2002
35900;15.04.2002;2002
35901;16.04.2002;2002
35902;17.04.2002;2002
35903;18.04.2002;2002
35904;19.04.2002;2002
35905;20.04.2002;2002
35906;21.04.2002;2002
35907;22.04.2002;2002
35908;23.04.2002;2002
35909;24.04.2002;2002
35910;25.04.2002;2002
35911;26.04.2002;2002
35912;27.04.2002;2002
35913;28.04.2002;2002
35914;29.04.2002;2002
35915;30.04.2002;2002
35916;01.05.2002;2002
35917;02.05.2002;2002
35918;03.05.2002;2002
35919;04.05.2002;2002
35920;05.05.2002;2002
35921;06.05.2002;2002
35922;07.05.2002;2002
35923;08.05.2002;2002
35924;09.05.2002;2002
35925;10.05.2002;2002
35926;11.05.2002;2002
35927;12.05.2002;2002
35928;13.05.2002;2002
35929;14.05.2002;2002
35930;15.05.2002;2002
35931;16.05.2002;2002
35932;17.05.2002;2002
35933;18.05.2002;2002
35934;19.05.2002;2002
35935;20.05.2002;2002
35936;21.05.2002;2002
35937;22.05.2002;2002
35938;23.05.2002;2002
35939;24.05.2002;2002
35940;25.05.2002;2002
35941;26.05.2002;2002
35942;27.05.2002;2002
35943;28.05.2002;2002
35944;29.05.2002;2002
35945;30.05.2002;2002
35946;31.05.2002;2002
35947;01.06.2002;2002
35948;02.06.2002;2002
35949;03.06.2002;2002
35950;04.06.2002;2002
35951;05.06.2002;2002
35952;06.06.2002;2002
35953;07.06.2002;2002
35954;08.06.2002;2002
35955;09.06.2002;2002
35956;10.06.2002;2002
35957;11.06.2002;2002
35958;12.06.2002;2002
35959;13.06.2002;2002
35960;14.06.2002;2002
35961;15.06.2002;2002
35962;16.06.2002;2002
35963;17.06.2002;2002
35964;18.06.2002;2002
35965;19.06.2002;2002
35966;20.06.2002;2002
35967;21.06.2002;2002
35968;22.06.2002;2002
35969;23.06.2002;2002
35970;24.06.2002;2002
35971;25.06.2002;2002
35972;26.06.2002;2002
35973;27.06.2002;2002
35974;28.06.2002;2002
35975;29.06.2002;2002
35976;30.06.2002;2002
35977;01.07.2002;2002
35978;02.07.2002;2002
35979;03.07.2002;2002
35980;04.07.2002;2002
35981;05.07.2002;2002
35982;06.07.2002;2002
35983;07.07.2002;2002
35984;08.07.2002;2002
35985;09.07.2002;2002
35986;10.07.2002;2002
35987;11.07.2002;2002
35988;12.07.2002;2002
35989;13.07.2002;2002
35990;14.07.2002;2002
35991;15.07.2002;2002
35992;16.07.2002;2002
35993;17.07.2002;2002
35994;18.07.2002;2002
35995;19.07.2002;2002
35996;20.07.2002;2002
35997;21.07.2002;2002
35998;22.07.2002;2002
35999;23.07.2002;2002
36000;24.07.2002;2002
36001;25.07.2002;2002
36002;26.07.2002;2002
36003;27.07.2002;2002
36004;28.07.2002;2002
36005;29.07.2002;2002
36006;30.07.2002;2002
36007;31.07.2002;2002
36008;01.08.2002;2002
36009;02.08.2002;2002
36010;03.08.2002;2002
36011;04.08.2002;2002
36012;05.08.2002;2002
36013;06.08.2002;2002
36014;07.08.2002;2002
36015;08.08.2002;2002
36016;09.08.2002;2002
36017;10.08.2002;2002
36018;11.08.2002;2002
36019;12.08.2002;2002
36020;13.08.2002;2002
36021;14.08.2002;2002
36022;15.08.2002;2002
36023;16.08.2002;2002
36024;17.08.2002;2002
36025;18.08.2002;2002
36026;19.08.2002;2002
36027;20.08.2002;2002
36028;21.08.2002;2002
36029;22.08.2002;2002
36030;23.08.2002;2002
36031;24.08.2002;2002
36032;25.08.2002;2002
36033;26.08.2002;2002
36034;27.08.2002;2002
36035;28.08.2002;2002
36036;29.08.2002;2002
36037;30.08.2002;2002
36038;31.08.2002;2002
36039;01.09.2002;2002
36040;02.09.2002;2002
36041;03.09.2002;2002
36042;04.09.2002;2002
36043;05.09.2002;2002
36044;06.09.2002;2002
36045;07.09.2002;2002
36046;08.09.2002;2002
36047;09.09.2002;2002
36048;10.09.2002;2002
36049;11.09.2002;2002
36050;12.09.2002;2002
36051;13.09.2002;2002
36052;14.09.2002;2002
36053;15.09.2002;2002
36054;16.09.2002;2002
36055;17.09.2002;2002
36056;18.09.2002;2002
36057;19.09.2002;2002
36058;20.09.2002;2002
36059;21.09.2002;2002
36060;22.09.2002;2002
36061;23.09.2002;2002
36062;24.09.2002;2002
36063;25.09.2002;2002
36064;26.09.2002;2002
36065;27.09.2002;2002
36066;28.09.2002;2002
36067;29.09.2002;2002
36068;30.09.2002;2002
36069;01.10.2002;2002
36070;02.10.2002;2002
36071;03.10.2002;2002
36072;04.10.2002;2002
36073;05.10.2002;2002
36074;06.10.2002;2002
36075;07.10.2002;2002
36076;08.10.2002;2002
36077;09.10.2002;2002
36078;10.10.2002;2002
36079;11.10.2002;2002
36080;12.10.2002;2002
36081;13.10.2002;2002
36082;14.10.2002;2002
36083;15.10.2002;2002
36084;16.10.2002;2002
36085;17.10.2002;2002
36086;18.10.2002;2002
36087;19.10.2002;2002
36088;20.10.2002;2002
36089;21.10.2002;2002
36090;22.10.2002;2002
36091;23.10.2002;2002
36092;24.10.2002;2002
36093;25.10.2002;2002
36094;26.10.2002;2002
36095;27.10.2002;2002
36096;28.10.2002;2002
36097;29.10.2002;2002
36098;30.10.2002;2002
36099;31.10.2002;2002
36100;01.11.2002;2002
36101;02.11.2002;2002
36102;03.11.2002;2002
36103;04.11.2002;2002
36104;05.11.2002;2002
36105;06.11.2002;2002
36106;07.11.2002;2002
36107;08.11.2002;2002
36108;09.11.2002;2002
36109;10.11.2002;2002
36110;11.11.2002;2002
36111;12.11.2002;2002
36112;13.11.2002;2002
36113;14.11.2002;2002
36114;15.11.2002;2002
36115;16.11.2002;2002
36116;17.11.2002;2002
36117;18.11.2002;2002
36118;19.11.2002;2002
36119;20.11.2002;2002
36120;21.11.2002;2002
36121;22.11.2002;2002
36122;23.11.2002;2002
36123;24.11.2002;2002
36124;25.11.2002;2002
36125;26.11.2002;2002
36126;27.11.2002;2002
36127;28.11.2002;2002
36128;29.11.2002;2002
36129;30.11.2002;2002
36130;01.12.2002;2002
36131;02.12.2002;2002
36132;03.12.2002;2002
36133;04.12.2002;2002
36134;05.12.2002;2002
36135;06.12.2002;2002
36136;07.12.2002;2002
36137;08.12.2002;2002
36138;09.12.2002;2002
36139;10.12.2002;2002
36140;11.12.2002;2002
36141;12.12.2002;2002
36142;13.12.2002;2002
36143;14.12.2002;2002
36144;15.12.2002;2002
36145;16.12.2002;2002
36146;17.12.2002;2002
36147;18.12.2002;2002
36148;19.12.2002;2002
36149;20.12.2002;2002
36150;21.12.2002;2002
36151;22.12.2002;2002
36152;23.12.2002;2002
36153;24.12.2002;2002
36154;25.12.2002;2002
36155;26.12.2002;2002
36156;27.12.2002;2002
36157;28.12.2002;2002
36158;29.12.2002;2002
36159;30.12.2002;2002
36160;31.12.2002;2002
36161;01.01.2003;2003
36162;02.01.2003;2003
36163;03.01.2003;2003
36164;04.01.2003;2003
36165;05.01.2003;2003
36166;06.01.2003;2003
36167;07.01.2003;2003
36168;08.01.2003;2003
36169;09.01.2003;2003
36170;10.01.2003;2003
36171;11.01.2003;2003
36172;12.01.2003;2003
36173;13.01.2003;2003
36174;14.01.2003;2003
36175;15.01.2003;2003
36176;16.01.2003;2003
36177;17.01.2003;2003
36178;18.01.2003;2003
36179;19.01.2003;2003
36180;20.01.2003;2003
36181;21.01.2003;2003
36182;22.01.2003;2003
36183;23.01.2003;2003
36184;24.01.2003;2003
36185;25.01.2003;2003
36186;26.01.2003;2003
36187;27.01.2003;2003
36188;28.01.2003;2003
36189;29.01.2003;2003
36190;30.01.2003;2003
36191;31.01.2003;2003
36192;01.02.2003;2003
36193;02.02.2003;2003
36194;03.02.2003;2003
36195;04.02.2003;2003
36196;05.02.2003;2003
36197;06.02.2003;2003
36198;07.02.2003;2003
36199;08.02.2003;2003
36200;09.02.2003;2003
36201;10.02.2003;2003
36202;11.02.2003;2003
36203;12.02.2003;2003
36204;13.02.2003;2003
36205;14.02.2003;2003
36206;15.02.2003;2003
36207;16.02.2003;2003
36208;17.02.2003;2003
36209;18.02.2003;2003
36210;19.02.2003;2003
36211;20.02.2003;2003
36212;21.02.2003;2003
36213;22.02.2003;2003
36214;23.02.2003;2003
36215;24.02.2003;2003
36216;25.02.2003;2003
36217;26.02.2003;2003
36218;27.02.2003;2003
36219;28.02.2003;2003
36220;01.03.2003;2003
36221;02.03.2003;2003
36222;03.03.2003;2003
36223;04.03.2003;2003
36224;05.03.2003;2003
36225;06.03.2003;2003
36226;07.03.2003;2003
36227;08.03.2003;2003
36228;09.03.2003;2003
36229;10.03.2003;2003
36230;11.03.2003;2003
36231;12.03.2003;2003
36232;13.03.2003;2003
36233;14.03.2003;2003
36234;15.03.2003;2003
36235;16.03.2003;2003
36236;17.03.2003;2003
36237;18.03.2003;2003
36238;19.03.2003;2003
36239;20.03.2003;2003
36240;21.03.2003;2003
36241;22.03.2003;2003
36242;23.03.2003;2003
36243;24.03.2003;2003
36244;25.03.2003;2003
36245;26.03.2003;2003
36246;27.03.2003;2003
36247;28.03.2003;2003
36248;29.03.2003;2003
36249;30.03.2003;2003
36250;31.03.2003;2003
36251;01.04.2003;2003
36252;02.04.2003;2003
36253;03.04.2003;2003
36254;04.04.2003;2003
36255;05.04.2003;2003
36256;06.04.2003;2003
36257;07.04.2003;2003
36258;08.04.2003;2003
36259;09.04.2003;2003
36260;10.04.2003;2003
36261;11.04.2003;2003
36262;12.04.2003;2003
36263;13.04.2003;2003
36264;14.04.2003;2003
36265;15.04.2003;2003
36266;16.04.2003;2003
36267;17.04.2003;2003
36268;18.04.2003;2003
36269;19.04.2003;2003
36270;20.04.2003;2003
36271;21.04.2003;2003
36272;22.04.2003;2003
36273;23.04.2003;2003
36274;24.04.2003;2003
36275;25.04.2003;2003
36276;26.04.2003;2003
36277;27.04.2003;2003
36278;28.04.2003;2003
36279;29.04.2003;2003
36280;30.04.2003;2003
36281;01.05.2003;2003
36282;02.05.2003;2003
36283;03.05.2003;2003
36284;04.05.2003;2003
36285;05.05.2003;2003
36286;06.05.2003;2003
36287;07.05.2003;2003
36288;08.05.2003;2003
36289;09.05.2003;2003
36290;10.05.2003;2003
36291;11.05.2003;2003
36292;12.05.2003;2003
36293;13.05.2003;2003
36294;14.05.2003;2003
36295;15.05.2003;2003
36296;16.05.2003;2003
36297;17.05.2003;2003
36298;18.05.2003;2003
36299;19.05.2003;2003
36300;20.05.2003;2003
36301;21.05.2003;2003
36302;22.05.2003;2003
36303;23.05.2003;2003
36304;24.05.2003;2003
36305;25.05.2003;2003
36306;26.05.2003;2003
36307;27.05.2003;2003
36308;28.05.2003;2003
36309;29.05.2003;2003
36310;30.05.2003;2003
36311;31.05.2003;2003
36312;01.06.2003;2003
36313;02.06.2003;2003
36314;03.06.2003;2003
36315;04.06.2003;2003
36316;05.06.2003;2003
36317;06.06.2003;2003
36318;07.06.2003;2003
36319;08.06.2003;2003
36320;09.06.2003;2003
36321;10.06.2003;2003
36322;11.06.2003;2003
36323;12.06.2003;2003
36324;13.06.2003;2003
36325;14.06.2003;2003
36326;15.06.2003;2003
36327;16.06.2003;2003
36328;17.06.2003;2003
36329;18.06.2003;2003
36330;19.06.2003;2003
36331;20.06.2003;2003
36332;21.06.2003;2003
36333;22.06.2003;2003
36334;23.06.2003;2003
36335;24.06.2003;2003
36336;25.06.2003;2003
36337;26.06.2003;2003
36338;27.06.2003;2003
36339;28.06.2003;2003
36340;29.06.2003;2003
36341;30.06.2003;2003
36342;01.07.2003;2003
36343;02.07.2003;2003
36344;03.07.2003;2003
36345;04.07.2003;2003
36346;05.07.2003;2003
36347;06.07.2003;2003
36348;07.07.2003;2003
36349;08.07.2003;2003
36350;09.07.2003;2003
36351;10.07.2003;2003
36352;11.07.2003;2003
36353;12.07.2003;2003
36354;13.07.2003;2003
36355;14.07.2003;2003
36356;15.07.2003;2003
36357;16.07.2003;2003
36358;17.07.2003;2003
36359;18.07.2003;2003
36360;19.07.2003;2003
36361;20.07.2003;2003
36362;21.07.2003;2003
36363;22.07.2003;2003
36364;23.07.2003;2003
36365;24.07.2003;2003
36366;25.07.2003;2003
36367;26.07.2003;2003
36368;27.07.2003;2003
36369;28.07.2003;2003
36370;29.07.2003;2003
36371;30.07.2003;2003
36372;31.07.2003;2003
36373;01.08.2003;2003
36374;02.08.2003;2003
36375;03.08.2003;2003
36376;04.08.2003;2003
36377;05.08.2003;2003
36378;06.08.2003;2003
36379;07.08.2003;2003
36380;08.08.2003;2003
36381;09.08.2003;2003
36382;10.08.2003;2003
36383;11.08.2003;2003
36384;12.08.2003;2003
36385;13.08.2003;2003
36386;14.08.2003;2003
36387;15.08.2003;2003
36388;16.08.2003;2003
36389;17.08.2003;2003
36390;18.08.2003;2003
36391;19.08.2003;2003
36392;20.08.2003;2003
36393;21.08.2003;2003
36394;22.08.2003;2003
36395;23.08.2003;2003
36396;24.08.2003;2003
36397;25.08.2003;2003
36398;26.08.2003;2003
36399;27.08.2003;2003
36400;28.08.2003;2003
36401;29.08.2003;2003
36402;30.08.2003;2003
36403;31.08.2003;2003
36404;01.09.2003;2003
36405;02.09.2003;2003
36406;03.09.2003;2003
36407;04.09.2003;2003
36408;05.09.2003;2003
36409;06.09.2003;2003
36410;07.09.2003;2003
36411;08.09.2003;2003
36412;09.09.2003;2003
36413;10.09.2003;2003
36414;11.09.2003;2003
36415;12.09.2003;2003
36416;13.09.2003;2003
36417;14.09.2003;2003
36418;15.09.2003;2003
36419;16.09.2003;2003
36420;17.09.2003;2003
36421;18.09.2003;2003
36422;19.09.2003;2003
36423;20.09.2003;2003
36424;21.09.2003;2003
36425;22.09.2003;2003
36426;23.09.2003;2003
36427;24.09.2003;2003
36428;25.09.2003;2003
36429;26.09.2003;2003
36430;27.09.2003;2003
36431;28.09.2003;2003
36432;29.09.2003;2003
36433;30.09.2003;2003
36434;01.10.2003;2003
36435;02.10.2003;2003
36436;03.10.2003;2003
36437;04.10.2003;2003
36438;05.10.2003;2003
36439;06.10.2003;2003
36440;07.10.2003;2003
36441;08.10.2003;2003
36442;09.10.2003;2003
36443;10.10.2003;2003
36444;11.10.2003;2003
36445;12.10.2003;2003
36446;13.10.2003;2003
36447;14.10.2003;2003
36448;15.10.2003;2003
36449;16.10.2003;2003
36450;17.10.2003;2003
36451;18.10.2003;2003
36452;19.10.2003;2003
36453;20.10.2003;2003
36454;21.10.2003;2003
36455;22.10.2003;2003
36456;23.10.2003;2003
36457;24.10.2003;2003
36458;25.10.2003;2003
36459;26.10.2003;2003
36460;27.10.2003;2003
36461;28.10.2003;2003
36462;29.10.2003;2003
36463;30.10.2003;2003
36464;31.10.2003;2003
36465;01.11.2003;2003
36466;02.11.2003;2003
36467;03.11.2003;2003
36468;04.11.2003;2003
36469;05.11.2003;2003
36470;06.11.2003;2003
36471;07.11.2003;2003
36472;08.11.2003;2003
36473;09.11.2003;2003
36474;10.11.2003;2003
36475;11.11.2003;2003
36476;12.11.2003;2003
36477;13.11.2003;2003
36478;14.11.2003;2003
36479;15.11.2003;2003
36480;16.11.2003;2003
36481;17.11.2003;2003
36482;18.11.2003;2003
36483;19.11.2003;2003
36484;20.11.2003;2003
36485;21.11.2003;2003
36486;22.11.2003;2003
36487;23.11.2003;2003
36488;24.11.2003;2003
36489;25.11.2003;2003
36490;26.11.2003;2003
36491;27.11.2003;2003
36492;28.11.2003;2003
36493;29.11.2003;2003
36494;30.11.2003;2003
36495;01.12.2003;2003
36496;02.12.2003;2003
36497;03.12.2003;2003
36498;04.12.2003;2003
36499;05.12.2003;2003
36500;06.12.2003;2003
36501;07.12.2003;2003
36502;08.12.2003;2003
36503;09.12.2003;2003
36504;10.12.2003;2003
36505;11.12.2003;2003
36506;12.12.2003;2003
36507;13.12.2003;2003
36508;14.12.2003;2003
36509;15.12.2003;2003
36510;16.12.2003;2003
36511;17.12.2003;2003
36512;18.12.2003;2003
36513;19.12.2003;2003
36514;20.12.2003;2003
36515;21.12.2003;2003
36516;22.12.2003;2003
36517;23.12.2003;2003
36518;24.12.2003;2003
36519;25.12.2003;2003
36520;26.12.2003;2003
36521;27.12.2003;2003
36522;28.12.2003;2003
36523;29.12.2003;2003
36524;30.12.2003;2003
36525;31.12.2003;2003
36892;01.01.2005;2005
36893;02.01.2005;2005
36894;03.01.2005;2005
36895;04.01.2005;2005
36896;05.01.2005;2005
36897;06.01.2005;2005
36898;07.01.2005;2005
36899;08.01.2005;2005
36900;09.01.2005;2005
36901;10.01.2005;2005
36902;11.01.2005;2005
36903;12.01.2005;2005
36904;13.01.2005;2005
36905;14.01.2005;2005
36906;15.01.2005;2005
36907;16.01.2005;2005
36908;17.01.2005;2005
36909;18.01.2005;2005
36910;19.01.2005;2005
36911;20.01.2005;2005
36912;21.01.2005;2005
36913;22.01.2005;2005
36914;23.01.2005;2005
36915;24.01.2005;2005
36916;25.01.2005;2005
36917;26.01.2005;2005
36918;27.01.2005;2005
36919;28.01.2005;2005
36920;29.01.2005;2005
36921;30.01.2005;2005
36922;31.01.2005;2005
36923;01.02.2005;2005
36924;02.02.2005;2005
36925;03.02.2005;2005
36926;04.02.2005;2005
36927;05.02.2005;2005
36928;06.02.2005;2005
36929;07.02.2005;2005
36930;08.02.2005;2005
36931;09.02.2005;2005
36932;10.02.2005;2005
36933;11.02.2005;2005
36934;12.02.2005;2005
36935;13.02.2005;2005
36936;14.02.2005;2005
36937;15.02.2005;2005
36938;16.02.2005;2005
36939;17.02.2005;2005
36940;18.02.2005;2005
36941;19.02.2005;2005
36942;20.02.2005;2005
36943;21.02.2005;2005
36944;22.02.2005;2005
36945;23.02.2005;2005
36946;24.02.2005;2005
36947;25.02.2005;2005
36948;26.02.2005;2005
36949;27.02.2005;2005
36950;28.02.2005;2005
36951;01.03.2005;2005
36952;02.03.2005;2005
36953;03.03.2005;2005
36954;04.03.2005;2005
36955;05.03.2005;2005
36956;06.03.2005;2005
36957;07.03.2005;2005
36958;08.03.2005;2005
36959;09.03.2005;2005
36960;10.03.2005;2005
36961;11.03.2005;2005
36962;12.03.2005;2005
36963;13.03.2005;2005
36964;14.03.2005;2005
36965;15.03.2005;2005
36966;16.03.2005;2005
36967;17.03.2005;2005
36968;18.03.2005;2005
36969;19.03.2005;2005
36970;20.03.2005;2005
36971;21.03.2005;2005
36972;22.03.2005;2005
36973;23.03.2005;2005
36974;24.03.2005;2005
36975;25.03.2005;2005
36976;26.03.2005;2005
36977;27.03.2005;2005
36978;28.03.2005;2005
36979;29.03.2005;2005
36980;30.03.2005;2005
36981;31.03.2005;2005
36982;01.04.2005;2005
36983;02.04.2005;2005
36984;03.04.2005;2005
36985;04.04.2005;2005
36986;05.04.2005;2005
36987;06.04.2005;2005
36988;07.04.2005;2005
36989;08.04.2005;2005
36990;09.04.2005;2005
36991;10.04.2005;2005
36992;11.04.2005;2005
36993;12.04.2005;2005
36994;13.04.2005;2005
36995;14.04.2005;2005
36996;15.04.2005;2005
36997;16.04.2005;2005
36998;17.04.2005;2005
36999;18.04.2005;2005
37000;19.04.2005;2005
37001;20.04.2005;2005
37002;21.04.2005;2005
37003;22.04.2005;2005
37004;23.04.2005;2005
37005;24.04.2005;2005
37006;25.04.2005;2005
37007;26.04.2005;2005
37008;27.04.2005;2005
37009;28.04.2005;2005
37010;29.04.2005;2005
37011;30.04.2005;2005
37012;01.05.2005;2005
37013;02.05.2005;2005
37014;03.05.2005;2005
37015;04.05.2005;2005
37016;05.05.2005;2005
37017;06.05.2005;2005
37018;07.05.2005;2005
37019;08.05.2005;2005
37020;09.05.2005;2005
37021;10.05.2005;2005
37022;11.05.2005;2005
37023;12.05.2005;2005
37024;13.05.2005;2005
37025;14.05.2005;2005
37026;15.05.2005;2005
37027;16.05.2005;2005
37028;17.05.2005;2005
37029;18.05.2005;2005
37030;19.05.2005;2005
37031;20.05.2005;2005
37032;21.05.2005;2005
37033;22.05.2005;2005
37034;23.05.2005;2005
37035;24.05.2005;2005
37036;25.05.2005;2005
37037;26.05.2005;2005
37038;27.05.2005;2005
37039;28.05.2005;2005
37040;29.05.2005;2005
37041;30.05.2005;2005
37042;31.05.2005;2005
37043;01.06.2005;2005
37044;02.06.2005;2005
37045;03.06.2005;2005
37046;04.06.2005;2005
37047;05.06.2005;2005
37048;06.06.2005;2005
37049;07.06.2005;2005
37050;08.06.2005;2005
37051;09.06.2005;2005
37052;10.06.2005;2005
37053;11.06.2005;2005
37054;12.06.2005;2005
37055;13.06.2005;2005
37056;14.06.2005;2005
37057;15.06.2005;2005
37058;16.06.2005;2005
37059;17.06.2005;2005
37060;18.06.2005;2005
37061;19.06.2005;2005
37062;20.06.2005;2005
37063;21.06.2005;2005
37064;22.06.2005;2005
37065;23.06.2005;2005
37066;24.06.2005;2005
37067;25.06.2005;2005
37068;26.06.2005;2005
37069;27.06.2005;2005
37070;28.06.2005;2005
37071;29.06.2005;2005
37072;30.06.2005;2005
37073;01.07.2005;2005
37074;02.07.2005;2005
37075;03.07.2005;2005
37076;04.07.2005;2005
37077;05.07.2005;2005
37078;06.07.2005;2005
37079;07.07.2005;2005
37080;08.07.2005;2005
37081;09.07.2005;2005
37082;10.07.2005;2005
37083;11.07.2005;2005
37084;12.07.2005;2005
37085;13.07.2005;2005
37086;14.07.2005;2005
37087;15.07.2005;2005
37088;16.07.2005;2005
37089;17.07.2005;2005
37090;18.07.2005;2005
37091;19.07.2005;2005
37092;20.07.2005;2005
37093;21.07.2005;2005
37094;22.07.2005;2005
37095;23.07.2005;2005
37096;24.07.2005;2005
37097;25.07.2005;2005
37098;26.07.2005;2005
37099;27.07.2005;2005
37100;28.07.2005;2005
37101;29.07.2005;2005
37102;30.07.2005;2005
37103;31.07.2005;2005
37104;01.08.2005;2005
37105;02.08.2005;2005
37106;03.08.2005;2005
37107;04.08.2005;2005
37108;05.08.2005;2005
37109;06.08.2005;2005
37110;07.08.2005;2005
37111;08.08.2005;2005
37112;09.08.2005;2005
37113;10.08.2005;2005
37114;11.08.2005;2005
37115;12.08.2005;2005
37116;13.08.2005;2005
37117;14.08.2005;2005
37118;15.08.2005;2005
37119;16.08.2005;2005
37120;17.08.2005;2005
37121;18.08.2005;2005
37122;19.08.2005;2005
37123;20.08.2005;2005
37124;21.08.2005;2005
37125;22.08.2005;2005
37126;23.08.2005;2005
37127;24.08.2005;2005
37128;25.08.2005;2005
37129;26.08.2005;2005
37130;27.08.2005;2005
37131;28.08.2005;2005
37132;29.08.2005;2005
37133;30.08.2005;2005
37134;31.08.2005;2005
37135;01.09.2005;2005
37136;02.09.2005;2005
37137;03.09.2005;2005
37138;04.09.2005;2005
37139;05.09.2005;2005
37140;06.09.2005;2005
37141;07.09.2005;2005
37142;08.09.2005;2005
37143;09.09.2005;2005
37144;10.09.2005;2005
37145;11.09.2005;2005
37146;12.09.2005;2005
37147;13.09.2005;2005
37148;14.09.2005;2005
37149;15.09.2005;2005
37150;16.09.2005;2005
37151;17.09.2005;2005
37152;18.09.2005;2005
37153;19.09.2005;2005
37154;20.09.2005;2005
37155;21.09.2005;2005
37156;22.09.2005;2005
37157;23.09.2005;2005
37158;24.09.2005;2005
37159;25.09.2005;2005
37160;26.09.2005;2005
37161;27.09.2005;2005
37162;28.09.2005;2005
37163;29.09.2005;2005
37164;30.09.2005;2005
37165;01.10.2005;2005
37166;02.10.2005;2005
37167;03.10.2005;2005
37168;04.10.2005;2005
37169;05.10.2005;2005
37170;06.10.2005;2005
37171;07.10.2005;2005
37172;08.10.2005;2005
37173;09.10.2005;2005
37174;10.10.2005;2005
37175;11.10.2005;2005
37176;12.10.2005;2005
37177;13.10.2005;2005
37178;14.10.2005;2005
37179;15.10.2005;2005
37180;16.10.2005;2005
37181;17.10.2005;2005
37182;18.10.2005;2005
37183;19.10.2005;2005
37184;20.10.2005;2005
37185;21.10.2005;2005
37186;22.10.2005;2005
37187;23.10.2005;2005
37188;24.10.2005;2005
37189;25.10.2005;2005
37190;26.10.2005;2005
37191;27.10.2005;2005
37192;28.10.2005;2005
37193;29.10.2005;2005
37194;30.10.2005;2005
37195;31.10.2005;2005
37196;01.11.2005;2005
37197;02.11.2005;2005
37198;03.11.2005;2005
37199;04.11.2005;2005
37200;05.11.2005;2005
37201;06.11.2005;2005
37202;07.11.2005;2005
37203;08.11.2005;2005
37204;09.11.2005;2005
37205;10.11.2005;2005
37206;11.11.2005;2005
37207;12.11.2005;2005
37208;13.11.2005;2005
37209;14.11.2005;2005
37210;15.11.2005;2005
37211;16.11.2005;2005
37212;17.11.2005;2005
37213;18.11.2005;2005
37214;19.11.2005;2005
37215;20.11.2005;2005
37216;21.11.2005;2005
37217;22.11.2005;2005
37218;23.11.2005;2005
37219;24.11.2005;2005
37220;25.11.2005;2005
37221;26.11.2005;2005
37222;27.11.2005;2005
37223;28.11.2005;2005
37224;29.11.2005;2005
37225;30.11.2005;2005
37226;01.12.2005;2005
37227;02.12.2005;2005
37228;03.12.2005;2005
37229;04.12.2005;2005
37230;05.12.2005;2005
37231;06.12.2005;2005
37232;07.12.2005;2005
37233;08.12.2005;2005
37234;09.12.2005;2005
37235;10.12.2005;2005
37236;11.12.2005;2005
37237;12.12.2005;2005
37238;13.12.2005;2005
37239;14.12.2005;2005
37240;15.12.2005;2005
37241;16.12.2005;2005
37242;17.12.2005;2005
37243;18.12.2005;2005
37244;19.12.2005;2005
37245;20.12.2005;2005
37246;21.12.2005;2005
37247;22.12.2005;2005
37248;23.12.2005;2005
37249;24.12.2005;2005
37250;25.12.2005;2005
37251;26.12.2005;2005
37252;27.12.2005;2005
37253;28.12.2005;2005
37254;29.12.2005;2005
37255;30.12.2005;2005
37256;31.12.2005;2005
37257;01.01.2006;2006
37258;02.01.2006;2006
37259;03.01.2006;2006
37260;04.01.2006;2006
37261;05.01.2006;2006
37262;06.01.2006;2006
37263;07.01.2006;2006
37264;08.01.2006;2006
37265;09.01.2006;2006
37266;10.01.2006;2006
37267;11.01.2006;2006
37268;12.01.2006;2006
37269;13.01.2006;2006
37270;14.01.2006;2006
37271;15.01.2006;2006
37272;16.01.2006;2006
37273;17.01.2006;2006
37274;18.01.2006;2006
37275;19.01.2006;2006
37276;20.01.2006;2006
37277;21.01.2006;2006
37278;22.01.2006;2006
37279;23.01.2006;2006
37280;24.01.2006;2006
37281;25.01.2006;2006
37282;26.01.2006;2006
37283;27.01.2006;2006
37284;28.01.2006;2006
37285;29.01.2006;2006
37286;30.01.2006;2006
37287;31.01.2006;2006
37288;01.02.2006;2006
37289;02.02.2006;2006
37290;03.02.2006;2006
37291;04.02.2006;2006
37292;05.02.2006;2006
37293;06.02.2006;2006
37294;07.02.2006;2006
37295;08.02.2006;2006
37296;09.02.2006;2006
37297;10.02.2006;2006
37298;11.02.2006;2006
37299;12.02.2006;2006
37300;13.02.2006;2006
37301;14.02.2006;2006
37302;15.02.2006;2006
37303;16.02.2006;2006
37304;17.02.2006;2006
37305;18.02.2006;2006
37306;19.02.2006;2006
37307;20.02.2006;2006
37308;21.02.2006;2006
37309;22.02.2006;2006
37310;23.02.2006;2006
37311;24.02.2006;2006
37312;25.02.2006;2006
37313;26.02.2006;2006
37314;27.02.2006;2006
37315;28.02.2006;2006
37316;01.03.2006;2006
37317;02.03.2006;2006
37318;03.03.2006;2006
37319;04.03.2006;2006
37320;05.03.2006;2006
37321;06.03.2006;2006
37322;07.03.2006;2006
37323;08.03.2006;2006
37324;09.03.2006;2006
37325;10.03.2006;2006
37326;11.03.2006;2006
37327;12.03.2006;2006
37328;13.03.2006;2006
37329;14.03.2006;2006
37330;15.03.2006;2006
37331;16.03.2006;2006
37332;17.03.2006;2006
37333;18.03.2006;2006
37334;19.03.2006;2006
37335;20.03.2006;2006
37336;21.03.2006;2006
37337;22.03.2006;2006
37338;23.03.2006;2006
37339;24.03.2006;2006
37340;25.03.2006;2006
37341;26.03.2006;2006
37342;27.03.2006;2006
37343;28.03.2006;2006
37344;29.03.2006;2006
37345;30.03.2006;2006
37346;31.03.2006;2006
37347;01.04.2006;2006
37348;02.04.2006;2006
37349;03.04.2006;2006
37350;04.04.2006;2006
37351;05.04.2006;2006
37352;06.04.2006;2006
37353;07.04.2006;2006
37354;08.04.2006;2006
37355;09.04.2006;2006
37356;10.04.2006;2006
37357;11.04.2006;2006
37358;12.04.2006;2006
37359;13.04.2006;2006
37360;14.04.2006;2006
37361;15.04.2006;2006
37362;16.04.2006;2006
37363;17.04.2006;2006
37364;18.04.2006;2006
37365;19.04.2006;2006
37366;20.04.2006;2006
37367;21.04.2006;2006
37368;22.04.2006;2006
37369;23.04.2006;2006
37370;24.04.2006;2006
37371;25.04.2006;2006
37372;26.04.2006;2006
37373;27.04.2006;2006
37374;28.04.2006;2006
37375;29.04.2006;2006
37376;30.04.2006;2006
37377;01.05.2006;2006
37378;02.05.2006;2006
37379;03.05.2006;2006
37380;04.05.2006;2006
37381;05.05.2006;2006
37382;06.05.2006;2006
37383;07.05.2006;2006
37384;08.05.2006;2006
37385;09.05.2006;2006
37386;10.05.2006;2006
37387;11.05.2006;2006
37388;12.05.2006;2006
37389;13.05.2006;2006
37390;14.05.2006;2006
37391;15.05.2006;2006
37392;16.05.2006;2006
37393;17.05.2006;2006
37394;18.05.2006;2006
37395;19.05.2006;2006
37396;20.05.2006;2006
37397;21.05.2006;2006
37398;22.05.2006;2006
37399;23.05.2006;2006
37400;24.05.2006;2006
37401;25.05.2006;2006
37402;26.05.2006;2006
37403;27.05.2006;2006
37404;28.05.2006;2006
37405;29.05.2006;2006
37406;30.05.2006;2006
37407;31.05.2006;2006
37408;01.06.2006;2006
37409;02.06.2006;2006
37410;03.06.2006;2006
37411;04.06.2006;2006
37412;05.06.2006;2006
37413;06.06.2006;2006
37414;07.06.2006;2006
37415;08.06.2006;2006
37416;09.06.2006;2006
37417;10.06.2006;2006
37418;11.06.2006;2006
37419;12.06.2006;2006
37420;13.06.2006;2006
37421;14.06.2006;2006
37422;15.06.2006;2006
37423;16.06.2006;2006
37424;17.06.2006;2006
37425;18.06.2006;2006
37426;19.06.2006;2006
37427;20.06.2006;2006
37428;21.06.2006;2006
37429;22.06.2006;2006
37430;23.06.2006;2006
37431;24.06.2006;2006
37432;25.06.2006;2006
37433;26.06.2006;2006
37434;27.06.2006;2006
37435;28.06.2006;2006
37436;29.06.2006;2006
37437;30.06.2006;2006
37438;01.07.2006;2006
37439;02.07.2006;2006
37440;03.07.2006;2006
37441;04.07.2006;2006
37442;05.07.2006;2006
37443;06.07.2006;2006
37444;07.07.2006;2006
37445;08.07.2006;2006
37446;09.07.2006;2006
37447;10.07.2006;2006
37448;11.07.2006;2006
37449;12.07.2006;2006
37450;13.07.2006;2006
37451;14.07.2006;2006
37452;15.07.2006;2006
37453;16.07.2006;2006
37454;17.07.2006;2006
37455;18.07.2006;2006
37456;19.07.2006;2006
37457;20.07.2006;2006
37458;21.07.2006;2006
37459;22.07.2006;2006
37460;23.07.2006;2006
37461;24.07.2006;2006
37462;25.07.2006;2006
37463;26.07.2006;2006
37464;27.07.2006;2006
37465;28.07.2006;2006
37466;29.07.2006;2006
37467;30.07.2006;2006
37468;31.07.2006;2006
37469;01.08.2006;2006
37470;02.08.2006;2006
37471;03.08.2006;2006
37472;04.08.2006;2006
37473;05.08.2006;2006
37474;06.08.2006;2006
37475;07.08.2006;2006
37476;08.08.2006;2006
37477;09.08.2006;2006
37478;10.08.2006;2006
37479;11.08.2006;2006
37480;12.08.2006;2006
37481;13.08.2006;2006
37482;14.08.2006;2006
37483;15.08.2006;2006
37484;16.08.2006;2006
37485;17.08.2006;2006
37486;18.08.2006;2006
37487;19.08.2006;2006
37488;20.08.2006;2006
37489;21.08.2006;2006
37490;22.08.2006;2006
37491;23.08.2006;2006
37492;24.08.2006;2006
37493;25.08.2006;2006
37494;26.08.2006;2006
37495;27.08.2006;2006
37496;28.08.2006;2006
37497;29.08.2006;2006
37498;30.08.2006;2006
37499;31.08.2006;2006
37500;01.09.2006;2006
37501;02.09.2006;2006
37502;03.09.2006;2006
37503;04.09.2006;2006
37504;05.09.2006;2006
37505;06.09.2006;2006
37506;07.09.2006;2006
37507;08.09.2006;2006
37508;09.09.2006;2006
37509;10.09.2006;2006
37510;11.09.2006;2006
37511;12.09.2006;2006
37512;13.09.2006;2006
37513;14.09.2006;2006
37514;15.09.2006;2006
37515;16.09.2006;2006
37516;17.09.2006;2006
37517;18.09.2006;2006
37518;19.09.2006;2006
37519;20.09.2006;2006
37520;21.09.2006;2006
37521;22.09.2006;2006
37522;23.09.2006;2006
37523;24.09.2006;2006
37524;25.09.2006;2006
37525;26.09.2006;2006
37526;27.09.2006;2006
37527;28.09.2006;2006
37528;29.09.2006;2006
37529;30.09.2006;2006
37530;01.10.2006;2006
37531;02.10.2006;2006
37532;03.10.2006;2006
37533;04.10.2006;2006
37534;05.10.2006;2006
37535;06.10.2006;2006
37536;07.10.2006;2006
37537;08.10.2006;2006
37538;09.10.2006;2006
37539;10.10.2006;2006
37540;11.10.2006;2006
37541;12.10.2006;2006
37542;13.10.2006;2006
37543;14.10.2006;2006
37544;15.10.2006;2006
37545;16.10.2006;2006
37546;17.10.2006;2006
37547;18.10.2006;2006
37548;19.10.2006;2006
37549;20.10.2006;2006
37550;21.10.2006;2006
37551;22.10.2006;2006
37552;23.10.2006;2006
37553;24.10.2006;2006
37554;25.10.2006;2006
37555;26.10.2006;2006
37556;27.10.2006;2006
37557;28.10.2006;2006
37558;29.10.2006;2006
37559;30.10.2006;2006
37560;31.10.2006;2006
37561;01.11.2006;2006
37562;02.11.2006;2006
37563;03.11.2006;2006
37564;04.11.2006;2006
37565;05.11.2006;2006
37566;06.11.2006;2006
37567;07.11.2006;2006
37568;08.11.2006;2006
37569;09.11.2006;2006
37570;10.11.2006;2006
37571;11.11.2006;2006
37572;12.11.2006;2006
37573;13.11.2006;2006
37574;14.11.2006;2006
37575;15.11.2006;2006
37576;16.11.2006;2006
37577;17.11.2006;2006
37578;18.11.2006;2006
37579;19.11.2006;2006
37580;20.11.2006;2006
37581;21.11.2006;2006
37582;22.11.2006;2006
37583;23.11.2006;2006
37584;24.11.2006;2006
37585;25.11.2006;2006
37586;26.11.2006;2006
37587;27.11.2006;2006
37588;28.11.2006;2006
37589;29.11.2006;2006
37590;30.11.2006;2006
37591;01.12.2006;2006
37592;02.12.2006;2006
37593;03.12.2006;2006
37594;04.12.2006;2006
37595;05.12.2006;2006
37596;06.12.2006;2006
37597;07.12.2006;2006
37598;08.12.2006;2006
37599;09.12.2006;2006
37600;10.12.2006;2006
37601;11.12.2006;2006
37602;12.12.2006;2006
37603;13.12.2006;2006
37604;14.12.2006;2006
37605;15.12.2006;2006
37606;16.12.2006;2006
37607;17.12.2006;2006
37608;18.12.2006;2006
37609;19.12.2006;2006
37610;20.12.2006;2006
37611;21.12.2006;2006
37612;22.12.2006;2006
37613;23.12.2006;2006
37614;24.12.2006;2006
37615;25.12.2006;2006
37616;26.12.2006;2006
37617;27.12.2006;2006
37618;28.12.2006;2006
37619;29.12.2006;2006
37620;30.12.2006;2006
37621;31.12.2006;2006
37622;01.01.2007;2007
37623;02.01.2007;2007
37624;03.01.2007;2007
37625;04.01.2007;2007
37626;05.01.2007;2007
37627;06.01.2007;2007
37628;07.01.2007;2007
37629;08.01.2007;2007
37630;09.01.2007;2007
37631;10.01.2007;2007
37632;11.01.2007;2007
37633;12.01.2007;2007
37634;13.01.2007;2007
37635;14.01.2007;2007
37636;15.01.2007;2007
37637;16.01.2007;2007
37638;17.01.2007;2007
37639;18.01.2007;2007
37640;19.01.2007;2007
37641;20.01.2007;2007
37642;21.01.2007;2007
37643;22.01.2007;2007
37644;23.01.2007;2007
37645;24.01.2007;2007
37646;25.01.2007;2007
37647;26.01.2007;2007
37648;27.01.2007;2007
37649;28.01.2007;2007
37650;29.01.2007;2007
37651;30.01.2007;2007
37652;31.01.2007;2007
37653;01.02.2007;2007
37654;02.02.2007;2007
37655;03.02.2007;2007
37656;04.02.2007;2007
37657;05.02.2007;2007
37658;06.02.2007;2007
37659;07.02.2007;2007
37660;08.02.2007;2007
37661;09.02.2007;2007
37662;10.02.2007;2007
37663;11.02.2007;2007
37664;12.02.2007;2007
37665;13.02.2007;2007
37666;14.02.2007;2007
37667;15.02.2007;2007
37668;16.02.2007;2007
37669;17.02.2007;2007
37670;18.02.2007;2007
37671;19.02.2007;2007
37672;20.02.2007;2007
37673;21.02.2007;2007
37674;22.02.2007;2007
37675;23.02.2007;2007
37676;24.02.2007;2007
37677;25.02.2007;2007
37678;26.02.2007;2007
37679;27.02.2007;2007
37680;28.02.2007;2007
37681;01.03.2007;2007
37682;02.03.2007;2007
37683;03.03.2007;2007
37684;04.03.2007;2007
37685;05.03.2007;2007
37686;06.03.2007;2007
37687;07.03.2007;2007
37688;08.03.2007;2007
37689;09.03.2007;2007
37690;10.03.2007;2007
37691;11.03.2007;2007
37692;12.03.2007;2007
37693;13.03.2007;2007
37694;14.03.2007;2007
37695;15.03.2007;2007
37696;16.03.2007;2007
37697;17.03.2007;2007
37698;18.03.2007;2007
37699;19.03.2007;2007
37700;20.03.2007;2007
37701;21.03.2007;2007
37702;22.03.2007;2007
37703;23.03.2007;2007
37704;24.03.2007;2007
37705;25.03.2007;2007
37706;26.03.2007;2007
37707;27.03.2007;2007
37708;28.03.2007;2007
37709;29.03.2007;2007
37710;30.03.2007;2007
37711;31.03.2007;2007
37712;01.04.2007;2007
37713;02.04.2007;2007
37714;03.04.2007;2007
37715;04.04.2007;2007
37716;05.04.2007;2007
37717;06.04.2007;2007
37718;07.04.2007;2007
37719;08.04.2007;2007
37720;09.04.2007;2007
37721;10.04.2007;2007
37722;11.04.2007;2007
37723;12.04.2007;2007
37724;13.04.2007;2007
37725;14.04.2007;2007
37726;15.04.2007;2007
37727;16.04.2007;2007
37728;17.04.2007;2007
37729;18.04.2007;2007
37730;19.04.2007;2007
37731;20.04.2007;2007
37732;21.04.2007;2007
37733;22.04.2007;2007
37734;23.04.2007;2007
37735;24.04.2007;2007
37736;25.04.2007;2007
37737;26.04.2007;2007
37738;27.04.2007;2007
37739;28.04.2007;2007
37740;29.04.2007;2007
37741;30.04.2007;2007
37742;01.05.2007;2007
37743;02.05.2007;2007
37744;03.05.2007;2007
37745;04.05.2007;2007
37746;05.05.2007;2007
37747;06.05.2007;2007
37748;07.05.2007;2007
37749;08.05.2007;2007
37750;09.05.2007;2007
37751;10.05.2007;2007
37752;11.05.2007;2007
37753;12.05.2007;2007
37754;13.05.2007;2007
37755;14.05.2007;2007
37756;15.05.2007;2007
37757;16.05.2007;2007
37758;17.05.2007;2007
37759;18.05.2007;2007
37760;19.05.2007;2007
37761;20.05.2007;2007
37762;21.05.2007;2007
37763;22.05.2007;2007
37764;23.05.2007;2007
37765;24.05.2007;2007
37766;25.05.2007;2007
37767;26.05.2007;2007
37768;27.05.2007;2007
37769;28.05.2007;2007
37770;29.05.2007;2007
37771;30.05.2007;2007
37772;31.05.2007;2007
37773;01.06.2007;2007
37774;02.06.2007;2007
37775;03.06.2007;2007
37776;04.06.2007;2007
37777;05.06.2007;2007
37778;06.06.2007;2007
37779;07.06.2007;2007
37780;08.06.2007;2007
37781;09.06.2007;2007
37782;10.06.2007;2007
37783;11.06.2007;2007
37784;12.06.2007;2007
37785;13.06.2007;2007
37786;14.06.2007;2007
37787;15.06.2007;2007
37788;16.06.2007;2007
37789;17.06.2007;2007
37790;18.06.2007;2007
37791;19.06.2007;2007
37792;20.06.2007;2007
37793;21.06.2007;2007
37794;22.06.2007;2007
37795;23.06.2007;2007
37796;24.06.2007;2007
37797;25.06.2007;2007
37798;26.06.2007;2007
37799;27.06.2007;2007
37800;28.06.2007;2007
37801;29.06.2007;2007
37802;30.06.2007;2007
37803;01.07.2007;2007
37804;02.07.2007;2007
37805;03.07.2007;2007
37806;04.07.2007;2007
37807;05.07.2007;2007
37808;06.07.2007;2007
37809;07.07.2007;2007
37810;08.07.2007;2007
37811;09.07.2007;2007
37812;10.07.2007;2007
37813;11.07.2007;2007
37814;12.07.2007;2007
37815;13.07.2007;2007
37816;14.07.2007;2007
37817;15.07.2007;2007
37818;16.07.2007;2007
37819;17.07.2007;2007
37820;18.07.2007;2007
37821;19.07.2007;2007
37822;20.07.2007;2007
37823;21.07.2007;2007
37824;22.07.2007;2007
37825;23.07.2007;2007
37826;24.07.2007;2007
37827;25.07.2007;2007
37828;26.07.2007;2007
37829;27.07.2007;2007
37830;28.07.2007;2007
37831;29.07.2007;2007
37832;30.07.2007;2007
37833;31.07.2007;2007
37834;01.08.2007;2007
37835;02.08.2007;2007
37836;03.08.2007;2007
37837;04.08.2007;2007
37838;05.08.2007;2007
37839;06.08.2007;2007
37840;07.08.2007;2007
37841;08.08.2007;2007
37842;09.08.2007;2007
37843;10.08.2007;2007
37844;11.08.2007;2007
37845;12.08.2007;2007
37846;13.08.2007;2007
37847;14.08.2007;2007
37848;15.08.2007;2007
37849;16.08.2007;2007
37850;17.08.2007;2007
37851;18.08.2007;2007
37852;19.08.2007;2007
37853;20.08.2007;2007
37854;21.08.2007;2007
37855;22.08.2007;2007
37856;23.08.2007;2007
37857;24.08.2007;2007
37858;25.08.2007;2007
37859;26.08.2007;2007
37860;27.08.2007;2007
37861;28.08.2007;2007
37862;29.08.2007;2007
37863;30.08.2007;2007
37864;31.08.2007;2007
37865;01.09.2007;2007
37866;02.09.2007;2007
37867;03.09.2007;2007
37868;04.09.2007;2007
37869;05.09.2007;2007
37870;06.09.2007;2007
37871;07.09.2007;2007
37872;08.09.2007;2007
37873;09.09.2007;2007
37874;10.09.2007;2007
37875;11.09.2007;2007
37876;12.09.2007;2007
37877;13.09.2007;2007
37878;14.09.2007;2007
37879;15.09.2007;2007
37880;16.09.2007;2007
37881;17.09.2007;2007
37882;18.09.2007;2007
37883;19.09.2007;2007
37884;20.09.2007;2007
37885;21.09.2007;2007
37886;22.09.2007;2007
37887;23.09.2007;2007
37888;24.09.2007;2007
37889;25.09.2007;2007
37890;26.09.2007;2007
37891;27.09.2007;2007
37892;28.09.2007;2007
37893;29.09.2007;2007
37894;30.09.2007;2007
37895;01.10.2007;2007
37896;02.10.2007;2007
37897;03.10.2007;2007
37898;04.10.2007;2007
37899;05.10.2007;2007
37900;06.10.2007;2007
37901;07.10.2007;2007
37902;08.10.2007;2007
37903;09.10.2007;2007
37904;10.10.2007;2007
37905;11.10.2007;2007
37906;12.10.2007;2007
37907;13.10.2007;2007
37908;14.10.2007;2007
37909;15.10.2007;2007
37910;16.10.2007;2007
37911;17.10.2007;2007
37912;18.10.2007;2007
37913;19.10.2007;2007
37914;20.10.2007;2007
37915;21.10.2007;2007
37916;22.10.2007;2007
37917;23.10.2007;2007
37918;24.10.2007;2007
37919;25.10.2007;2007
37920;26.10.2007;2007
37921;27.10.2007;2007
37922;28.10.2007;2007
37923;29.10.2007;2007
37924;30.10.2007;2007
37925;31.10.2007;2007
37926;01.11.2007;2007
37927;02.11.2007;2007
37928;03.11.2007;2007
37929;04.11.2007;2007
37930;05.11.2007;2007
37931;06.11.2007;2007
37932;07.11.2007;2007
37933;08.11.2007;2007
37934;09.11.2007;2007
37935;10.11.2007;2007
37936;11.11.2007;2007
37937;12.11.2007;2007
37938;13.11.2007;2007
37939;14.11.2007;2007
37940;15.11.2007;2007
37941;16.11.2007;2007
37942;17.11.2007;2007
37943;18.11.2007;2007
37944;19.11.2007;2007
37945;20.11.2007;2007
37946;21.11.2007;2007
37947;22.11.2007;2007
37948;23.11.2007;2007
37949;24.11.2007;2007
37950;25.11.2007;2007
37951;26.11.2007;2007
37952;27.11.2007;2007
37953;28.11.2007;2007
37954;29.11.2007;2007
37955;30.11.2007;2007
37956;01.12.2007;2007
37957;02.12.2007;2007
37958;03.12.2007;2007
37959;04.12.2007;2007
37960;05.12.2007;2007
37961;06.12.2007;2007
37962;07.12.2007;2007
37963;08.12.2007;2007
37964;09.12.2007;2007
37965;10.12.2007;2007
37966;11.12.2007;2007
37967;12.12.2007;2007
37968;13.12.2007;2007
37969;14.12.2007;2007
37970;15.12.2007;2007
37971;16.12.2007;2007
37972;17.12.2007;2007
37973;18.12.2007;2007
37974;19.12.2007;2007
37975;20.12.2007;2007
37976;21.12.2007;2007
37977;22.12.2007;2007
37978;23.12.2007;2007
37979;24.12.2007;2007
37980;25.12.2007;2007
37981;26.12.2007;2007
37982;27.12.2007;2007
37983;28.12.2007;2007
37984;29.12.2007;2007
37985;30.12.2007;2007
37986;31.12.2007;2007
38353;01.01.2009;2009
38354;02.01.2009;2009
38355;03.01.2009;2009
38356;04.01.2009;2009
38357;05.01.2009;2009
38358;06.01.2009;2009
38359;07.01.2009;2009
38360;08.01.2009;2009
38361;09.01.2009;2009
38362;10.01.2009;2009
38363;11.01.2009;2009
38364;12.01.2009;2009
38365;13.01.2009;2009
38366;14.01.2009;2009
38367;15.01.2009;2009
38368;16.01.2009;2009
38369;17.01.2009;2009
38370;18.01.2009;2009
38371;19.01.2009;2009
38372;20.01.2009;2009
38373;21.01.2009;2009
38374;22.01.2009;2009
38375;23.01.2009;2009
38376;24.01.2009;2009
38377;25.01.2009;2009
38378;26.01.2009;2009
38379;27.01.2009;2009
38380;28.01.2009;2009
38381;29.01.2009;2009
38382;30.01.2009;2009
38383;31.01.2009;2009
38384;01.02.2009;2009
38385;02.02.2009;2009
38386;03.02.2009;2009
38387;04.02.2009;2009
38388;05.02.2009;2009
38389;06.02.2009;2009
38390;07.02.2009;2009
38391;08.02.2009;2009
38392;09.02.2009;2009
38393;10.02.2009;2009
38394;11.02.2009;2009
38395;12.02.2009;2009
38396;13.02.2009;2009
38397;14.02.2009;2009
38398;15.02.2009;2009
38399;16.02.2009;2009
38400;17.02.2009;2009
38401;18.02.2009;2009
38402;19.02.2009;2009
38403;20.02.2009;2009
38404;21.02.2009;2009
38405;22.02.2009;2009
38406;23.02.2009;2009
38407;24.02.2009;2009
38408;25.02.2009;2009
38409;26.02.2009;2009
38410;27.02.2009;2009
38411;28.02.2009;2009
38412;01.03.2009;2009
38413;02.03.2009;2009
38414;03.03.2009;2009
38415;04.03.2009;2009
38416;05.03.2009;2009
38417;06.03.2009;2009
38418;07.03.2009;2009
38419;08.03.2009;2009
38420;09.03.2009;2009
38421;10.03.2009;2009
38422;11.03.2009;2009
38423;12.03.2009;2009
38424;13.03.2009;2009
38425;14.03.2009;2009
38426;15.03.2009;2009
38427;16.03.2009;2009
38428;17.03.2009;2009
38429;18.03.2009;2009
38430;19.03.2009;2009
38431;20.03.2009;2009
38432;21.03.2009;2009
38433;22.03.2009;2009
38434;23.03.2009;2009
38435;24.03.2009;2009
38436;25.03.2009;2009
38437;26.03.2009;2009
38438;27.03.2009;2009
38439;28.03.2009;2009
38440;29.03.2009;2009
38441;30.03.2009;2009
38442;31.03.2009;2009
38443;01.04.2009;2009
38444;02.04.2009;2009
38445;03.04.2009;2009
38446;04.04.2009;2009
38447;05.04.2009;2009
38448;06.04.2009;2009
38449;07.04.2009;2009
38450;08.04.2009;2009
38451;09.04.2009;2009
38452;10.04.2009;2009
38453;11.04.2009;2009
38454;12.04.2009;2009
38455;13.04.2009;2009
38456;14.04.2009;2009
38457;15.04.2009;2009
38458;16.04.2009;2009
38459;17.04.2009;2009
38460;18.04.2009;2009
38461;19.04.2009;2009
38462;20.04.2009;2009
38463;21.04.2009;2009
38464;22.04.2009;2009
38465;23.04.2009;2009
38466;24.04.2009;2009
38467;25.04.2009;2009
38468;26.04.2009;2009
38469;27.04.2009;2009
38470;28.04.2009;2009
38471;29.04.2009;2009
38472;30.04.2009;2009
38473;01.05.2009;2009
38474;02.05.2009;2009
38475;03.05.2009;2009
38476;04.05.2009;2009
38477;05.05.2009;2009
38478;06.05.2009;2009
38479;07.05.2009;2009
38480;08.05.2009;2009
38481;09.05.2009;2009
38482;10.05.2009;2009
38483;11.05.2009;2009
38484;12.05.2009;2009
38485;13.05.2009;2009
38486;14.05.2009;2009
38487;15.05.2009;2009
38488;16.05.2009;2009
38489;17.05.2009;2009
38490;18.05.2009;2009
38491;19.05.2009;2009
38492;20.05.2009;2009
38493;21.05.2009;2009
38494;22.05.2009;2009
38495;23.05.2009;2009
38496;24.05.2009;2009
38497;25.05.2009;2009
38498;26.05.2009;2009
38499;27.05.2009;2009
38500;28.05.2009;2009
38501;29.05.2009;2009
38502;30.05.2009;2009
38503;31.05.2009;2009
38504;01.06.2009;2009
38505;02.06.2009;2009
38506;03.06.2009;2009
38507;04.06.2009;2009
38508;05.06.2009;2009
38509;06.06.2009;2009
38510;07.06.2009;2009
38511;08.06.2009;2009
38512;09.06.2009;2009
38513;10.06.2009;2009
38514;11.06.2009;2009
38515;12.06.2009;2009
38516;13.06.2009;2009
38517;14.06.2009;2009
38518;15.06.2009;2009
38519;16.06.2009;2009
38520;17.06.2009;2009
38521;18.06.2009;2009
38522;19.06.2009;2009
38523;20.06.2009;2009
38524;21.06.2009;2009
38525;22.06.2009;2009
38526;23.06.2009;2009
38527;24.06.2009;2009
38528;25.06.2009;2009
38529;26.06.2009;2009
38530;27.06.2009;2009
38531;28.06.2009;2009
38532;29.06.2009;2009
38533;30.06.2009;2009
38534;01.07.2009;2009
38535;02.07.2009;2009
38536;03.07.2009;2009
38537;04.07.2009;2009
38538;05.07.2009;2009
38539;06.07.2009;2009
38540;07.07.2009;2009
38541;08.07.2009;2009
38542;09.07.2009;2009
38543;10.07.2009;2009
38544;11.07.2009;2009
38545;12.07.2009;2009
38546;13.07.2009;2009
38547;14.07.2009;2009
38548;15.07.2009;2009
38549;16.07.2009;2009
38550;17.07.2009;2009
38551;18.07.2009;2009
38552;19.07.2009;2009
38553;20.07.2009;2009
38554;21.07.2009;2009
38555;22.07.2009;2009
38556;23.07.2009;2009
38557;24.07.2009;2009
38558;25.07.2009;2009
38559;26.07.2009;2009
38560;27.07.2009;2009
38561;28.07.2009;2009
38562;29.07.2009;2009
38563;30.07.2009;2009
38564;31.07.2009;2009
38565;01.08.2009;2009
38566;02.08.2009;2009
38567;03.08.2009;2009
38568;04.08.2009;2009
38569;05.08.2009;2009
38570;06.08.2009;2009
38571;07.08.2009;2009
38572;08.08.2009;2009
38573;09.08.2009;2009
38574;10.08.2009;2009
38575;11.08.2009;2009
38576;12.08.2009;2009
38577;13.08.2009;2009
38578;14.08.2009;2009
38579;15.08.2009;2009
38580;16.08.2009;2009
38581;17.08.2009;2009
38582;18.08.2009;2009
38583;19.08.2009;2009
38584;20.08.2009;2009
38585;21.08.2009;2009
38586;22.08.2009;2009
38587;23.08.2009;2009
38588;24.08.2009;2009
38589;25.08.2009;2009
38590;26.08.2009;2009
38591;27.08.2009;2009
38592;28.08.2009;2009
38593;29.08.2009;2009
38594;30.08.2009;2009
38595;31.08.2009;2009
38596;01.09.2009;2009
38597;02.09.2009;2009
38598;03.09.2009;2009
38599;04.09.2009;2009
38600;05.09.2009;2009
38601;06.09.2009;2009
38602;07.09.2009;2009
38603;08.09.2009;2009
38604;09.09.2009;2009
38605;10.09.2009;2009
38606;11.09.2009;2009
38607;12.09.2009;2009
38608;13.09.2009;2009
38609;14.09.2009;2009
38610;15.09.2009;2009
38611;16.09.2009;2009
38612;17.09.2009;2009
38613;18.09.2009;2009
38614;19.09.2009;2009
38615;20.09.2009;2009
38616;21.09.2009;2009
38617;22.09.2009;2009
38618;23.09.2009;2009
38619;24.09.2009;2009
38620;25.09.2009;2009
38621;26.09.2009;2009
38622;27.09.2009;2009
38623;28.09.2009;2009
38624;29.09.2009;2009
38625;30.09.2009;2009
38626;01.10.2009;2009
38627;02.10.2009;2009
38628;03.10.2009;2009
38629;04.10.2009;2009
38630;05.10.2009;2009
38631;06.10.2009;2009
38632;07.10.2009;2009
38633;08.10.2009;2009
38634;09.10.2009;2009
38635;10.10.2009;2009
38636;11.10.2009;2009
38637;12.10.2009;2009
38638;13.10.2009;2009
38639;14.10.2009;2009
38640;15.10.2009;2009
38641;16.10.2009;2009
38642;17.10.2009;2009
38643;18.10.2009;2009
38644;19.10.2009;2009
38645;20.10.2009;2009
38646;21.10.2009;2009
38647;22.10.2009;2009
38648;23.10.2009;2009
38649;24.10.2009;2009
38650;25.10.2009;2009
38651;26.10.2009;2009
38652;27.10.2009;2009
38653;28.10.2009;2009
38654;29.10.2009;2009
38655;30.10.2009;2009
38656;31.10.2009;2009
38657;01.11.2009;2009
38658;02.11.2009;2009
38659;03.11.2009;2009
38660;04.11.2009;2009
38661;05.11.2009;2009
38662;06.11.2009;2009
38663;07.11.2009;2009
38664;08.11.2009;2009
38665;09.11.2009;2009
38666;10.11.2009;2009
38667;11.11.2009;2009
38668;12.11.2009;2009
38669;13.11.2009;2009
38670;14.11.2009;2009
38671;15.11.2009;2009
38672;16.11.2009;2009
38673;17.11.2009;2009
38674;18.11.2009;2009
38675;19.11.2009;2009
38676;20.11.2009;2009
38677;21.11.2009;2009
38678;22.11.2009;2009
38679;23.11.2009;2009
38680;24.11.2009;2009
38681;25.11.2009;2009
38682;26.11.2009;2009
38683;27.11.2009;2009
38684;28.11.2009;2009
38685;29.11.2009;2009
38686;30.11.2009;2009
38687;01.12.2009;2009
38688;02.12.2009;2009
38689;03.12.2009;2009
38690;04.12.2009;2009
38691;05.12.2009;2009
38692;06.12.2009;2009
38693;07.12.2009;2009
38694;08.12.2009;2009
38695;09.12.2009;2009
38696;10.12.2009;2009
38697;11.12.2009;2009
38698;12.12.2009;2009
38699;13.12.2009;2009
38700;14.12.2009;2009
38701;15.12.2009;2009
38702;16.12.2009;2009
38703;17.12.2009;2009
38704;18.12.2009;2009
38705;19.12.2009;2009
38706;20.12.2009;2009
38707;21.12.2009;2009
38708;22.12.2009;2009
38709;23.12.2009;2009
38710;24.12.2009;2009
38711;25.12.2009;2009
38712;26.12.2009;2009
38713;27.12.2009;2009
38714;28.12.2009;2009
38715;29.12.2009;2009
38716;30.12.2009;2009
38717;31.12.2009;2009
38718;01.01.2010;2010
38719;02.01.2010;2010
38720;03.01.2010;2010
38721;04.01.2010;2010
38722;05.01.2010;2010
38723;06.01.2010;2010
38724;07.01.2010;2010
38725;08.01.2010;2010
38726;09.01.2010;2010
38727;10.01.2010;2010
38728;11.01.2010;2010
38729;12.01.2010;2010
38730;13.01.2010;2010
38731;14.01.2010;2010
38732;15.01.2010;2010
38733;16.01.2010;2010
38734;17.01.2010;2010
38735;18.01.2010;2010
38736;19.01.2010;2010
38737;20.01.2010;2010
38738;21.01.2010;2010
38739;22.01.2010;2010
38740;23.01.2010;2010
38741;24.01.2010;2010
38742;25.01.2010;2010
38743;26.01.2010;2010
38744;27.01.2010;2010
38745;28.01.2010;2010
38746;29.01.2010;2010
38747;30.01.2010;2010
38748;31.01.2010;2010
38749;01.02.2010;2010
38750;02.02.2010;2010
38751;03.02.2010;2010
38752;04.02.2010;2010
38753;05.02.2010;2010
38754;06.02.2010;2010
38755;07.02.2010;2010
38756;08.02.2010;2010
38757;09.02.2010;2010
38758;10.02.2010;2010
38759;11.02.2010;2010
38760;12.02.2010;2010
38761;13.02.2010;2010
38762;14.02.2010;2010
38763;15.02.2010;2010
38764;16.02.2010;2010
38765;17.02.2010;2010
38766;18.02.2010;2010
38767;19.02.2010;2010
38768;20.02.2010;2010
38769;21.02.2010;2010
38770;22.02.2010;2010
38771;23.02.2010;2010
38772;24.02.2010;2010
38773;25.02.2010;2010
38774;26.02.2010;2010
38775;27.02.2010;2010
38776;28.02.2010;2010
38777;01.03.2010;2010
38778;02.03.2010;2010
38779;03.03.2010;2010
38780;04.03.2010;2010
38781;05.03.2010;2010
38782;06.03.2010;2010
38783;07.03.2010;2010
38784;08.03.2010;2010
38785;09.03.2010;2010
38786;10.03.2010;2010
38787;11.03.2010;2010
38788;12.03.2010;2010
38789;13.03.2010;2010
38790;14.03.2010;2010
38791;15.03.2010;2010
38792;16.03.2010;2010
38793;17.03.2010;2010
38794;18.03.2010;2010
38795;19.03.2010;2010
38796;20.03.2010;2010
38797;21.03.2010;2010
38798;22.03.2010;2010
38799;23.03.2010;2010
38800;24.03.2010;2010
38801;25.03.2010;2010
38802;26.03.2010;2010
38803;27.03.2010;2010
38804;28.03.2010;2010
38805;29.03.2010;2010
38806;30.03.2010;2010
38807;31.03.2010;2010
38808;01.04.2010;2010
38809;02.04.2010;2010
38810;03.04.2010;2010
38811;04.04.2010;2010
38812;05.04.2010;2010
38813;06.04.2010;2010
38814;07.04.2010;2010
38815;08.04.2010;2010
38816;09.04.2010;2010
38817;10.04.2010;2010
38818;11.04.2010;2010
38819;12.04.2010;2010
38820;13.04.2010;2010
38821;14.04.2010;2010
38822;15.04.2010;2010
38823;16.04.2010;2010
38824;17.04.2010;2010
38825;18.04.2010;2010
38826;19.04.2010;2010
38827;20.04.2010;2010
38828;21.04.2010;2010
38829;22.04.2010;2010
38830;23.04.2010;2010
38831;24.04.2010;2010
38832;25.04.2010;2010
38833;26.04.2010;2010
38834;27.04.2010;2010
38835;28.04.2010;2010
38836;29.04.2010;2010
38837;30.04.2010;2010
38838;01.05.2010;2010
38839;02.05.2010;2010
38840;03.05.2010;2010
38841;04.05.2010;2010
38842;05.05.2010;2010
38843;06.05.2010;2010
38844;07.05.2010;2010
38845;08.05.2010;2010
38846;09.05.2010;2010
38847;10.05.2010;2010
38848;11.05.2010;2010
38849;12.05.2010;2010
38850;13.05.2010;2010
38851;14.05.2010;2010
38852;15.05.2010;2010
38853;16.05.2010;2010
38854;17.05.2010;2010
38855;18.05.2010;2010
38856;19.05.2010;2010
38857;20.05.2010;2010
38858;21.05.2010;2010
38859;22.05.2010;2010
38860;23.05.2010;2010
38861;24.05.2010;2010
38862;25.05.2010;2010
38863;26.05.2010;2010
38864;27.05.2010;2010
38865;28.05.2010;2010
38866;29.05.2010;2010
38867;30.05.2010;2010
38868;31.05.2010;2010
38869;01.06.2010;2010
38870;02.06.2010;2010
38871;03.06.2010;2010
38872;04.06.2010;2010
38873;05.06.2010;2010
38874;06.06.2010;2010
38875;07.06.2010;2010
38876;08.06.2010;2010
38877;09.06.2010;2010
38878;10.06.2010;2010
38879;11.06.2010;2010
38880;12.06.2010;2010
38881;13.06.2010;2010
38882;14.06.2010;2010
38883;15.06.2010;2010
38884;16.06.2010;2010
38885;17.06.2010;2010
38886;18.06.2010;2010
38887;19.06.2010;2010
38888;20.06.2010;2010
38889;21.06.2010;2010
38890;22.06.2010;2010
38891;23.06.2010;2010
38892;24.06.2010;2010
38893;25.06.2010;2010
38894;26.06.2010;2010
38895;27.06.2010;2010
38896;28.06.2010;2010
38897;29.06.2010;2010
38898;30.06.2010;2010
38899;01.07.2010;2010
38900;02.07.2010;2010
38901;03.07.2010;2010
38902;04.07.2010;2010
38903;05.07.2010;2010
38904;06.07.2010;2010
38905;07.07.2010;2010
38906;08.07.2010;2010
38907;09.07.2010;2010
38908;10.07.2010;2010
38909;11.07.2010;2010
38910;12.07.2010;2010
38911;13.07.2010;2010
38912;14.07.2010;2010
38913;15.07.2010;2010
38914;16.07.2010;2010
38915;17.07.2010;2010
38916;18.07.2010;2010
38917;19.07.2010;2010
38918;20.07.2010;2010
38919;21.07.2010;2010
38920;22.07.2010;2010
38921;23.07.2010;2010
38922;24.07.2010;2010
38923;25.07.2010;2010
38924;26.07.2010;2010
38925;27.07.2010;2010
38926;28.07.2010;2010
38927;29.07.2010;2010
38928;30.07.2010;2010
38929;31.07.2010;2010
38930;01.08.2010;2010
38931;02.08.2010;2010
38932;03.08.2010;2010
38933;04.08.2010;2010
38934;05.08.2010;2010
38935;06.08.2010;2010
38936;07.08.2010;2010
38937;08.08.2010;2010
38938;09.08.2010;2010
38939;10.08.2010;2010
38940;11.08.2010;2010
38941;12.08.2010;2010
38942;13.08.2010;2010
38943;14.08.2010;2010
38944;15.08.2010;2010
38945;16.08.2010;2010
38946;17.08.2010;2010
38947;18.08.2010;2010
38948;19.08.2010;2010
38949;20.08.2010;2010
38950;21.08.2010;2010
38951;22.08.2010;2010
38952;23.08.2010;2010
38953;24.08.2010;2010
38954;25.08.2010;2010
38955;26.08.2010;2010
38956;27.08.2010;2010
38957;28.08.2010;2010
38958;29.08.2010;2010
38959;30.08.2010;2010
38960;31.08.2010;2010
38961;01.09.2010;2010
38962;02.09.2010;2010
38963;03.09.2010;2010
38964;04.09.2010;2010
38965;05.09.2010;2010
38966;06.09.2010;2010
38967;07.09.2010;2010
38968;08.09.2010;2010
38969;09.09.2010;2010
38970;10.09.2010;2010
38971;11.09.2010;2010
38972;12.09.2010;2010
38973;13.09.2010;2010
38974;14.09.2010;2010
38975;15.09.2010;2010
38976;16.09.2010;2010
38977;17.09.2010;2010
38978;18.09.2010;2010
38979;19.09.2010;2010
38980;20.09.2010;2010
38981;21.09.2010;2010
38982;22.09.2010;2010
38983;23.09.2010;2010
38984;24.09.2010;2010
38985;25.09.2010;2010
38986;26.09.2010;2010
38987;27.09.2010;2010
38988;28.09.2010;2010
38989;29.09.2010;2010
38990;30.09.2010;2010
38991;01.10.2010;2010
38992;02.10.2010;2010
38993;03.10.2010;2010
38994;04.10.2010;2010
38995;05.10.2010;2010
38996;06.10.2010;2010
38997;07.10.2010;2010
38998;08.10.2010;2010
38999;09.10.2010;2010
39000;10.10.2010;2010
39001;11.10.2010;2010
39002;12.10.2010;2010
39003;13.10.2010;2010
39004;14.10.2010;2010
39005;15.10.2010;2010
39006;16.10.2010;2010
39007;17.10.2010;2010
39008;18.10.2010;2010
39009;19.10.2010;2010
39010;20.10.2010;2010
39011;21.10.2010;2010
39012;22.10.2010;2010
39013;23.10.2010;2010
39014;24.10.2010;2010
39015;25.10.2010;2010
39016;26.10.2010;2010
39017;27.10.2010;2010
39018;28.10.2010;2010
39019;29.10.2010;2010
39020;30.10.2010;2010
39021;31.10.2010;2010
39022;01.11.2010;2010
39023;02.11.2010;2010
39024;03.11.2010;2010
39025;04.11.2010;2010
39026;05.11.2010;2010
39027;06.11.2010;2010
39028;07.11.2010;2010
39029;08.11.2010;2010
39030;09.11.2010;2010
39031;10.11.2010;2010
39032;11.11.2010;2010
39033;12.11.2010;2010
39034;13.11.2010;2010
39035;14.11.2010;2010
39036;15.11.2010;2010
39037;16.11.2010;2010
39038;17.11.2010;2010
39039;18.11.2010;2010
39040;19.11.2010;2010
39041;20.11.2010;2010
39042;21.11.2010;2010
39043;22.11.2010;2010
39044;23.11.2010;2010
39045;24.11.2010;2010
39046;25.11.2010;2010
39047;26.11.2010;2010
39048;27.11.2010;2010
39049;28.11.2010;2010
39050;29.11.2010;2010
39051;30.11.2010;2010
39052;01.12.2010;2010
39053;02.12.2010;2010
39054;03.12.2010;2010
39055;04.12.2010;2010
39056;05.12.2010;2010
39057;06.12.2010;2010
39058;07.12.2010;2010
39059;08.12.2010;2010
39060;09.12.2010;2010
39061;10.12.2010;2010
39062;11.12.2010;2010
39063;12.12.2010;2010
39064;13.12.2010;2010
39065;14.12.2010;2010
39066;15.12.2010;2010
39067;16.12.2010;2010
39068;17.12.2010;2010
39069;18.12.2010;2010
39070;19.12.2010;2010
39071;20.12.2010;2010
39072;21.12.2010;2010
39073;22.12.2010;2010
39074;23.12.2010;2010
39075;24.12.2010;2010
39076;25.12.2010;2010
39077;26.12.2010;2010
39078;27.12.2010;2010
39079;28.12.2010;2010
39080;29.12.2010;2010
39081;30.12.2010;2010
39082;31.12.2010;2010
39083;01.01.2011;2011
39084;02.01.2011;2011
39085;03.01.2011;2011
39086;04.01.2011;2011
39087;05.01.2011;2011
39088;06.01.2011;2011
39089;07.01.2011;2011
39090;08.01.2011;2011
39091;09.01.2011;2011
39092;10.01.2011;2011
39093;11.01.2011;2011
39094;12.01.2011;2011
39095;13.01.2011;2011
39096;14.01.2011;2011
39097;15.01.2011;2011
39098;16.01.2011;2011
39099;17.01.2011;2011
39100;18.01.2011;2011
39101;19.01.2011;2011
39102;20.01.2011;2011
39103;21.01.2011;2011
39104;22.01.2011;2011
39105;23.01.2011;2011
39106;24.01.2011;2011
39107;25.01.2011;2011
39108;26.01.2011;2011
39109;27.01.2011;2011
39110;28.01.2011;2011
39111;29.01.2011;2011
39112;30.01.2011;2011
39113;31.01.2011;2011
39114;01.02.2011;2011
39115;02.02.2011;2011
39116;03.02.2011;2011
39117;04.02.2011;2011
39118;05.02.2011;2011
39119;06.02.2011;2011
39120;07.02.2011;2011
39121;08.02.2011;2011
39122;09.02.2011;2011
39123;10.02.2011;2011
39124;11.02.2011;2011
39125;12.02.2011;2011
39126;13.02.2011;2011
39127;14.02.2011;2011
39128;15.02.2011;2011
39129;16.02.2011;2011
39130;17.02.2011;2011
39131;18.02.2011;2011
39132;19.02.2011;2011
39133;20.02.2011;2011
39134;21.02.2011;2011
39135;22.02.2011;2011
39136;23.02.2011;2011
39137;24.02.2011;2011
39138;25.02.2011;2011
39139;26.02.2011;2011
39140;27.02.2011;2011
39141;28.02.2011;2011
39142;01.03.2011;2011
39143;02.03.2011;2011
39144;03.03.2011;2011
39145;04.03.2011;2011
39146;05.03.2011;2011
39147;06.03.2011;2011
39148;07.03.2011;2011
39149;08.03.2011;2011
39150;09.03.2011;2011
39151;10.03.2011;2011
39152;11.03.2011;2011
39153;12.03.2011;2011
39154;13.03.2011;2011
39155;14.03.2011;2011
39156;15.03.2011;2011
39157;16.03.2011;2011
39158;17.03.2011;2011
39159;18.03.2011;2011
39160;19.03.2011;2011
39161;20.03.2011;2011
39162;21.03.2011;2011
39163;22.03.2011;2011
39164;23.03.2011;2011
39165;24.03.2011;2011
39166;25.03.2011;2011
39167;26.03.2011;2011
39168;27.03.2011;2011
39169;28.03.2011;2011
39170;29.03.2011;2011
39171;30.03.2011;2011
39172;31.03.2011;2011
39173;01.04.2011;2011
39174;02.04.2011;2011
39175;03.04.2011;2011
39176;04.04.2011;2011
39177;05.04.2011;2011
39178;06.04.2011;2011
39179;07.04.2011;2011
39180;08.04.2011;2011
39181;09.04.2011;2011
39182;10.04.2011;2011
39183;11.04.2011;2011
39184;12.04.2011;2011
39185;13.04.2011;2011
39186;14.04.2011;2011
39187;15.04.2011;2011
39188;16.04.2011;2011
39189;17.04.2011;2011
39190;18.04.2011;2011
39191;19.04.2011;2011
39192;20.04.2011;2011
39193;21.04.2011;2011
39194;22.04.2011;2011
39195;23.04.2011;2011
39196;24.04.2011;2011
39197;25.04.2011;2011
39198;26.04.2011;2011
39199;27.04.2011;2011
39200;28.04.2011;2011
39201;29.04.2011;2011
39202;30.04.2011;2011
39203;01.05.2011;2011
39204;02.05.2011;2011
39205;03.05.2011;2011
39206;04.05.2011;2011
39207;05.05.2011;2011
39208;06.05.2011;2011
39209;07.05.2011;2011
39210;08.05.2011;2011
39211;09.05.2011;2011
39212;10.05.2011;2011
39213;11.05.2011;2011
39214;12.05.2011;2011
39215;13.05.2011;2011
39216;14.05.2011;2011
39217;15.05.2011;2011
39218;16.05.2011;2011
39219;17.05.2011;2011
39220;18.05.2011;2011
39221;19.05.2011;2011
39222;20.05.2011;2011
39223;21.05.2011;2011
39224;22.05.2011;2011
39225;23.05.2011;2011
39226;24.05.2011;2011
39227;25.05.2011;2011
39228;26.05.2011;2011
39229;27.05.2011;2011
39230;28.05.2011;2011
39231;29.05.2011;2011
39232;30.05.2011;2011
39233;31.05.2011;2011
39234;01.06.2011;2011
39235;02.06.2011;2011
39236;03.06.2011;2011
39237;04.06.2011;2011
39238;05.06.2011;2011
39239;06.06.2011;2011
39240;07.06.2011;2011
39241;08.06.2011;2011
39242;09.06.2011;2011
39243;10.06.2011;2011
39244;11.06.2011;2011
39245;12.06.2011;2011
39246;13.06.2011;2011
39247;14.06.2011;2011
39248;15.06.2011;2011
39249;16.06.2011;2011
39250;17.06.2011;2011
39251;18.06.2011;2011
39252;19.06.2011;2011
39253;20.06.2011;2011
39254;21.06.2011;2011
39255;22.06.2011;2011
39256;23.06.2011;2011
39257;24.06.2011;2011
39258;25.06.2011;2011
39259;26.06.2011;2011
39260;27.06.2011;2011
39261;28.06.2011;2011
39262;29.06.2011;2011
39263;30.06.2011;2011
39264;01.07.2011;2011
39265;02.07.2011;2011
39266;03.07.2011;2011
39267;04.07.2011;2011
39268;05.07.2011;2011
39269;06.07.2011;2011
39270;07.07.2011;2011
39271;08.07.2011;2011
39272;09.07.2011;2011
39273;10.07.2011;2011
39274;11.07.2011;2011
39275;12.07.2011;2011
39276;13.07.2011;2011
39277;14.07.2011;2011
39278;15.07.2011;2011
39279;16.07.2011;2011
39280;17.07.2011;2011
39281;18.07.2011;2011
39282;19.07.2011;2011
39283;20.07.2011;2011
39284;21.07.2011;2011
39285;22.07.2011;2011
39286;23.07.2011;2011
39287;24.07.2011;2011
39288;25.07.2011;2011
39289;26.07.2011;2011
39290;27.07.2011;2011
39291;28.07.2011;2011
39292;29.07.2011;2011
39293;30.07.2011;2011
39294;31.07.2011;2011
39295;01.08.2011;2011
39296;02.08.2011;2011
39297;03.08.2011;2011
39298;04.08.2011;2011
39299;05.08.2011;2011
39300;06.08.2011;2011
39301;07.08.2011;2011
39302;08.08.2011;2011
39303;09.08.2011;2011
39304;10.08.2011;2011
39305;11.08.2011;2011
39306;12.08.2011;2011
39307;13.08.2011;2011
39308;14.08.2011;2011
39309;15.08.2011;2011
39310;16.08.2011;2011
39311;17.08.2011;2011
39312;18.08.2011;2011
39313;19.08.2011;2011
39314;20.08.2011;2011
39315;21.08.2011;2011
39316;22.08.2011;2011
39317;23.08.2011;2011
39318;24.08.2011;2011
39319;25.08.2011;2011
39320;26.08.2011;2011
39321;27.08.2011;2011
39322;28.08.2011;2011
39323;29.08.2011;2011
39324;30.08.2011;2011
39325;31.08.2011;2011
39326;01.09.2011;2011
39327;02.09.2011;2011
39328;03.09.2011;2011
39329;04.09.2011;2011
39330;05.09.2011;2011
39331;06.09.2011;2011
39332;07.09.2011;2011
39333;08.09.2011;2011
39334;09.09.2011;2011
39335;10.09.2011;2011
39336;11.09.2011;2011
39337;12.09.2011;2011
39338;13.09.2011;2011
39339;14.09.2011;2011
39340;15.09.2011;2011
39341;16.09.2011;2011
39342;17.09.2011;2011
39343;18.09.2011;2011
39344;19.09.2011;2011
39345;20.09.2011;2011
39346;21.09.2011;2011
39347;22.09.2011;2011
39348;23.09.2011;2011
39349;24.09.2011;2011
39350;25.09.2011;2011
39351;26.09.2011;2011
39352;27.09.2011;2011
39353;28.09.2011;2011
39354;29.09.2011;2011
39355;30.09.2011;2011
39356;01.10.2011;2011
39357;02.10.2011;2011
39358;03.10.2011;2011
39359;04.10.2011;2011
39360;05.10.2011;2011
39361;06.10.2011;2011
39362;07.10.2011;2011
39363;08.10.2011;2011
39364;09.10.2011;2011
39365;10.10.2011;2011
39366;11.10.2011;2011
39367;12.10.2011;2011
39368;13.10.2011;2011
39369;14.10.2011;2011
39370;15.10.2011;2011
39371;16.10.2011;2011
39372;17.10.2011;2011
39373;18.10.2011;2011
39374;19.10.2011;2011
39375;20.10.2011;2011
39376;21.10.2011;2011
39377;22.10.2011;2011
39378;23.10.2011;2011
39379;24.10.2011;2011
39380;25.10.2011;2011
39381;26.10.2011;2011
39382;27.10.2011;2011
39383;28.10.2011;2011
39384;29.10.2011;2011
39385;30.10.2011;2011
39386;31.10.2011;2011
39387;01.11.2011;2011
39388;02.11.2011;2011
39389;03.11.2011;2011
39390;04.11.2011;2011
39391;05.11.2011;2011
39392;06.11.2011;2011
39393;07.11.2011;2011
39394;08.11.2011;2011
39395;09.11.2011;2011
39396;10.11.2011;2011
39397;11.11.2011;2011
39398;12.11.2011;2011
39399;13.11.2011;2011
39400;14.11.2011;2011
39401;15.11.2011;2011
39402;16.11.2011;2011
39403;17.11.2011;2011
39404;18.11.2011;2011
39405;19.11.2011;2011
39406;20.11.2011;2011
39407;21.11.2011;2011
39408;22.11.2011;2011
39409;23.11.2011;2011
39410;24.11.2011;2011
39411;25.11.2011;2011
39412;26.11.2011;2011
39413;27.11.2011;2011
39414;28.11.2011;2011
39415;29.11.2011;2011
39416;30.11.2011;2011
39417;01.12.2011;2011
39418;02.12.2011;2011
39419;03.12.2011;2011
39420;04.12.2011;2011
39421;05.12.2011;2011
39422;06.12.2011;2011
39423;07.12.2011;2011
39424;08.12.2011;2011
39425;09.12.2011;2011
39426;10.12.2011;2011
39427;11.12.2011;2011
39428;12.12.2011;2011
39429;13.12.2011;2011
39430;14.12.2011;2011
39431;15.12.2011;2011
39432;16.12.2011;2011
39433;17.12.2011;2011
39434;18.12.2011;2011
39435;19.12.2011;2011
39436;20.12.2011;2011
39437;21.12.2011;2011
39438;22.12.2011;2011
39439;23.12.2011;2011
39440;24.12.2011;2011
39441;25.12.2011;2011
39442;26.12.2011;2011
39443;27.12.2011;2011
39444;28.12.2011;2011
39445;29.12.2011;2011
39446;30.12.2011;2011
39447;31.12.2011;2011
39814;01.01.2013;2013
39815;02.01.2013;2013
39816;03.01.2013;2013
39817;04.01.2013;2013
39818;05.01.2013;2013
39819;06.01.2013;2013
39820;07.01.2013;2013
39821;08.01.2013;2013
39822;09.01.2013;2013
39823;10.01.2013;2013
39824;11.01.2013;2013
39825;12.01.2013;2013
39826;13.01.2013;2013
39827;14.01.2013;2013
39828;15.01.2013;2013
39829;16.01.2013;2013
39830;17.01.2013;2013
39831;18.01.2013;2013
39832;19.01.2013;2013
39833;20.01.2013;2013
39834;21.01.2013;2013
39835;22.01.2013;2013
39836;23.01.2013;2013
39837;24.01.2013;2013
39838;25.01.2013;2013
39839;26.01.2013;2013
39840;27.01.2013;2013
39841;28.01.2013;2013
39842;29.01.2013;2013
39843;30.01.2013;2013
39844;31.01.2013;2013
39845;01.02.2013;2013
39846;02.02.2013;2013
39847;03.02.2013;2013
39848;04.02.2013;2013
39849;05.02.2013;2013
39850;06.02.2013;2013
39851;07.02.2013;2013
39852;08.02.2013;2013
39853;09.02.2013;2013
39854;10.02.2013;2013
39855;11.02.2013;2013
39856;12.02.2013;2013
39857;13.02.2013;2013
39858;14.02.2013;2013
39859;15.02.2013;2013
39860;16.02.2013;2013
39861;17.02.2013;2013
39862;18.02.2013;2013
39863;19.02.2013;2013
39864;20.02.2013;2013
39865;21.02.2013;2013
39866;22.02.2013;2013
39867;23.02.2013;2013
39868;24.02.2013;2013
39869;25.02.2013;2013
39870;26.02.2013;2013
39871;27.02.2013;2013
39872;28.02.2013;2013
39873;01.03.2013;2013
39874;02.03.2013;2013
39875;03.03.2013;2013
39876;04.03.2013;2013
39877;05.03.2013;2013
39878;06.03.2013;2013
39879;07.03.2013;2013
39880;08.03.2013;2013
39881;09.03.2013;2013
39882;10.03.2013;2013
39883;11.03.2013;2013
39884;12.03.2013;2013
39885;13.03.2013;2013
39886;14.03.2013;2013
39887;15.03.2013;2013
39888;16.03.2013;2013
39889;17.03.2013;2013
39890;18.03.2013;2013
39891;19.03.2013;2013
39892;20.03.2013;2013
39893;21.03.2013;2013
39894;22.03.2013;2013
39895;23.03.2013;2013
39896;24.03.2013;2013
39897;25.03.2013;2013
39898;26.03.2013;2013
39899;27.03.2013;2013
39900;28.03.2013;2013
39901;29.03.2013;2013
39902;30.03.2013;2013
39903;31.03.2013;2013
39904;01.04.2013;2013
39905;02.04.2013;2013
39906;03.04.2013;2013
39907;04.04.2013;2013
39908;05.04.2013;2013
39909;06.04.2013;2013
39910;07.04.2013;2013
39911;08.04.2013;2013
39912;09.04.2013;2013
39913;10.04.2013;2013
39914;11.04.2013;2013
39915;12.04.2013;2013
39916;13.04.2013;2013
39917;14.04.2013;2013
39918;15.04.2013;2013
39919;16.04.2013;2013
39920;17.04.2013;2013
39921;18.04.2013;2013
39922;19.04.2013;2013
39923;20.04.2013;2013
39924;21.04.2013;2013
39925;22.04.2013;2013
39926;23.04.2013;2013
39927;24.04.2013;2013
39928;25.04.2013;2013
39929;26.04.2013;2013
39930;27.04.2013;2013
39931;28.04.2013;2013
39932;29.04.2013;2013
39933;30.04.2013;2013
39934;01.05.2013;2013
39935;02.05.2013;2013
39936;03.05.2013;2013
39937;04.05.2013;2013
39938;05.05.2013;2013
39939;06.05.2013;2013
39940;07.05.2013;2013
39941;08.05.2013;2013
39942;09.05.2013;2013
39943;10.05.2013;2013
39944;11.05.2013;2013
39945;12.05.2013;2013
39946;13.05.2013;2013
39947;14.05.2013;2013
39948;15.05.2013;2013
39949;16.05.2013;2013
39950;17.05.2013;2013
39951;18.05.2013;2013
39952;19.05.2013;2013
39953;20.05.2013;2013
39954;21.05.2013;2013
39955;22.05.2013;2013
39956;23.05.2013;2013
39957;24.05.2013;2013
39958;25.05.2013;2013
39959;26.05.2013;2013
39960;27.05.2013;2013
39961;28.05.2013;2013
39962;29.05.2013;2013
39963;30.05.2013;2013
39964;31.05.2013;2013
39965;01.06.2013;2013
39966;02.06.2013;2013
39967;03.06.2013;2013
39968;04.06.2013;2013
39969;05.06.2013;2013
39970;06.06.2013;2013
39971;07.06.2013;2013
39972;08.06.2013;2013
39973;09.06.2013;2013
39974;10.06.2013;2013
39975;11.06.2013;2013
39976;12.06.2013;2013
39977;13.06.2013;2013
39978;14.06.2013;2013
39979;15.06.2013;2013
39980;16.06.2013;2013
39981;17.06.2013;2013
39982;18.06.2013;2013
39983;19.06.2013;2013
39984;20.06.2013;2013
39985;21.06.2013;2013
39986;22.06.2013;2013
39987;23.06.2013;2013
39988;24.06.2013;2013
39989;25.06.2013;2013
39990;26.06.2013;2013
39991;27.06.2013;2013
39992;28.06.2013;2013
39993;29.06.2013;2013
39994;30.06.2013;2013
39995;01.07.2013;2013
39996;02.07.2013;2013
39997;03.07.2013;2013
39998;04.07.2013;2013
39999;05.07.2013;2013
40000;06.07.2013;2013
40001;07.07.2013;2013
40002;08.07.2013;2013
40003;09.07.2013;2013
40004;10.07.2013;2013
40005;11.07.2013;2013
40006;12.07.2013;2013
40007;13.07.2013;2013
40008;14.07.2013;2013
40009;15.07.2013;2013
40010;16.07.2013;2013
40011;17.07.2013;2013
40012;18.07.2013;2013
40013;19.07.2013;2013
40014;20.07.2013;2013
40015;21.07.2013;2013
40016;22.07.2013;2013
40017;23.07.2013;2013
40018;24.07.2013;2013
40019;25.07.2013;2013
40020;26.07.2013;2013
40021;27.07.2013;2013
40022;28.07.2013;2013
40023;29.07.2013;2013
40024;30.07.2013;2013
40025;31.07.2013;2013
40026;01.08.2013;2013
40027;02.08.2013;2013
40028;03.08.2013;2013
40029;04.08.2013;2013
40030;05.08.2013;2013
40031;06.08.2013;2013
40032;07.08.2013;2013
40033;08.08.2013;2013
40034;09.08.2013;2013
40035;10.08.2013;2013
40036;11.08.2013;2013
40037;12.08.2013;2013
40038;13.08.2013;2013
40039;14.08.2013;2013
40040;15.08.2013;2013
40041;16.08.2013;2013
40042;17.08.2013;2013
40043;18.08.2013;2013
40044;19.08.2013;2013
40045;20.08.2013;2013
40046;21.08.2013;2013
40047;22.08.2013;2013
40048;23.08.2013;2013
40049;24.08.2013;2013
40050;25.08.2013;2013
40051;26.08.2013;2013
40052;27.08.2013;2013
40053;28.08.2013;2013
40054;29.08.2013;2013
40055;30.08.2013;2013
40056;31.08.2013;2013
40057;01.09.2013;2013
40058;02.09.2013;2013
40059;03.09.2013;2013
40060;04.09.2013;2013
40061;05.09.2013;2013
40062;06.09.2013;2013
40063;07.09.2013;2013
40064;08.09.2013;2013
40065;09.09.2013;2013
40066;10.09.2013;2013
40067;11.09.2013;2013
40068;12.09.2013;2013
40069;13.09.2013;2013
40070;14.09.2013;2013
40071;15.09.2013;2013
40072;16.09.2013;2013
40073;17.09.2013;2013
40074;18.09.2013;2013
40075;19.09.2013;2013
40076;20.09.2013;2013
40077;21.09.2013;2013
40078;22.09.2013;2013
40079;23.09.2013;2013
40080;24.09.2013;2013
40081;25.09.2013;2013
40082;26.09.2013;2013
40083;27.09.2013;2013
40084;28.09.2013;2013
40085;29.09.2013;2013
40086;30.09.2013;2013
40087;01.10.2013;2013
40088;02.10.2013;2013
40089;03.10.2013;2013
40090;04.10.2013;2013
40091;05.10.2013;2013
40092;06.10.2013;2013
40093;07.10.2013;2013
40094;08.10.2013;2013
40095;09.10.2013;2013
40096;10.10.2013;2013
40097;11.10.2013;2013
40098;12.10.2013;2013
40099;13.10.2013;2013
40100;14.10.2013;2013
40101;15.10.2013;2013
40102;16.10.2013;2013
40103;17.10.2013;2013
40104;18.10.2013;2013
40105;19.10.2013;2013
40106;20.10.2013;2013
40107;21.10.2013;2013
40108;22.10.2013;2013
40109;23.10.2013;2013
40110;24.10.2013;2013
40111;25.10.2013;2013
40112;26.10.2013;2013
40113;27.10.2013;2013
40114;28.10.2013;2013
40115;29.10.2013;2013
40116;30.10.2013;2013
40117;31.10.2013;2013
40118;01.11.2013;2013
40119;02.11.2013;2013
40120;03.11.2013;2013
40121;04.11.2013;2013
40122;05.11.2013;2013
40123;06.11.2013;2013
40124;07.11.2013;2013
40125;08.11.2013;2013
40126;09.11.2013;2013
40127;10.11.2013;2013
40128;11.11.2013;2013
40129;12.11.2013;2013
40130;13.11.2013;2013
40131;14.11.2013;2013
40132;15.11.2013;2013
40133;16.11.2013;2013
40134;17.11.2013;2013
40135;18.11.2013;2013
40136;19.11.2013;2013
40137;20.11.2013;2013
40138;21.11.2013;2013
40139;22.11.2013;2013
40140;23.11.2013;2013
40141;24.11.2013;2013
40142;25.11.2013;2013
40143;26.11.2013;2013
40144;27.11.2013;2013
40145;28.11.2013;2013
40146;29.11.2013;2013
40147;30.11.2013;2013
40148;01.12.2013;2013
40149;02.12.2013;2013
40150;03.12.2013;2013
40151;04.12.2013;2013
40152;05.12.2013;2013
40153;06.12.2013;2013
40154;07.12.2013;2013
40155;08.12.2013;2013
40156;09.12.2013;2013
40157;10.12.2013;2013
40158;11.12.2013;2013
40159;12.12.2013;2013
40160;13.12.2013;2013
40161;14.12.2013;2013
40162;15.12.2013;2013
40163;16.12.2013;2013
40164;17.12.2013;2013
40165;18.12.2013;2013
40166;19.12.2013;2013
40167;20.12.2013;2013
40168;21.12.2013;2013
40169;22.12.2013;2013
40170;23.12.2013;2013
40171;24.12.2013;2013
40172;25.12.2013;2013
40173;26.12.2013;2013
40174;27.12.2013;2013
40175;28.12.2013;2013
40176;29.12.2013;2013
40177;30.12.2013;2013
40178;31.12.2013;2013
40179;01.01.2014;2014
40180;02.01.2014;2014
40181;03.01.2014;2014
40182;04.01.2014;2014
40183;05.01.2014;2014
40184;06.01.2014;2014
40185;07.01.2014;2014
40186;08.01.2014;2014
40187;09.01.2014;2014
40188;10.01.2014;2014
40189;11.01.2014;2014
40190;12.01.2014;2014
40191;13.01.2014;2014
40192;14.01.2014;2014
40193;15.01.2014;2014
40194;16.01.2014;2014
40195;17.01.2014;2014
40196;18.01.2014;2014
40197;19.01.2014;2014
40198;20.01.2014;2014
40199;21.01.2014;2014
40200;22.01.2014;2014
40201;23.01.2014;2014
40202;24.01.2014;2014
40203;25.01.2014;2014
40204;26.01.2014;2014
40205;27.01.2014;2014
40206;28.01.2014;2014
40207;29.01.2014;2014
40208;30.01.2014;2014
40209;31.01.2014;2014
40210;01.02.2014;2014
40211;02.02.2014;2014
40212;03.02.2014;2014
40213;04.02.2014;2014
40214;05.02.2014;2014
40215;06.02.2014;2014
40216;07.02.2014;2014
40217;08.02.2014;2014
40218;09.02.2014;2014
40219;10.02.2014;2014
40220;11.02.2014;2014
40221;12.02.2014;2014
40222;13.02.2014;2014
40223;14.02.2014;2014
40224;15.02.2014;2014
40225;16.02.2014;2014
40226;17.02.2014;2014
40227;18.02.2014;2014
40228;19.02.2014;2014
40229;20.02.2014;2014
40230;21.02.2014;2014
40231;22.02.2014;2014
40232;23.02.2014;2014
40233;24.02.2014;2014
40234;25.02.2014;2014
40235;26.02.2014;2014
40236;27.02.2014;2014
40237;28.02.2014;2014
40238;01.03.2014;2014
40239;02.03.2014;2014
40240;03.03.2014;2014
40241;04.03.2014;2014
40242;05.03.2014;2014
40243;06.03.2014;2014
40244;07.03.2014;2014
40245;08.03.2014;2014
40246;09.03.2014;2014
40247;10.03.2014;2014
40248;11.03.2014;2014
40249;12.03.2014;2014
40250;13.03.2014;2014
40251;14.03.2014;2014
40252;15.03.2014;2014
40253;16.03.2014;2014
40254;17.03.2014;2014
40255;18.03.2014;2014
40256;19.03.2014;2014
40257;20.03.2014;2014
40258;21.03.2014;2014
40259;22.03.2014;2014
40260;23.03.2014;2014
40261;24.03.2014;2014
40262;25.03.2014;2014
40263;26.03.2014;2014
40264;27.03.2014;2014
40265;28.03.2014;2014
40266;29.03.2014;2014
40267;30.03.2014;2014
40268;31.03.2014;2014
40269;01.04.2014;2014
40270;02.04.2014;2014
40271;03.04.2014;2014
40272;04.04.2014;2014
40273;05.04.2014;2014
40274;06.04.2014;2014
40275;07.04.2014;2014
40276;08.04.2014;2014
40277;09.04.2014;2014
40278;10.04.2014;2014
40279;11.04.2014;2014
40280;12.04.2014;2014
40281;13.04.2014;2014
40282;14.04.2014;2014
40283;15.04.2014;2014
40284;16.04.2014;2014
40285;17.04.2014;2014
40286;18.04.2014;2014
40287;19.04.2014;2014
40288;20.04.2014;2014
40289;21.04.2014;2014
40290;22.04.2014;2014
40291;23.04.2014;2014
40292;24.04.2014;2014
40293;25.04.2014;2014
40294;26.04.2014;2014
40295;27.04.2014;2014
40296;28.04.2014;2014
40297;29.04.2014;2014
40298;30.04.2014;2014
40299;01.05.2014;2014
40300;02.05.2014;2014
40301;03.05.2014;2014
40302;04.05.2014;2014
40303;05.05.2014;2014
40304;06.05.2014;2014
40305;07.05.2014;2014
40306;08.05.2014;2014
40307;09.05.2014;2014
40308;10.05.2014;2014
40309;11.05.2014;2014
40310;12.05.2014;2014
40311;13.05.2014;2014
40312;14.05.2014;2014
40313;15.05.2014;2014
40314;16.05.2014;2014
40315;17.05.2014;2014
40316;18.05.2014;2014
40317;19.05.2014;2014
40318;20.05.2014;2014
40319;21.05.2014;2014
40320;22.05.2014;2014
40321;23.05.2014;2014
40322;24.05.2014;2014
40323;25.05.2014;2014
40324;26.05.2014;2014
40325;27.05.2014;2014
40326;28.05.2014;2014
40327;29.05.2014;2014
40328;30.05.2014;2014
40329;31.05.2014;2014
40330;01.06.2014;2014
40331;02.06.2014;2014
40332;03.06.2014;2014
40333;04.06.2014;2014
40334;05.06.2014;2014
40335;06.06.2014;2014
40336;07.06.2014;2014
40337;08.06.2014;2014
40338;09.06.2014;2014
40339;10.06.2014;2014
40340;11.06.2014;2014
40341;12.06.2014;2014
40342;13.06.2014;2014
40343;14.06.2014;2014
40344;15.06.2014;2014
40345;16.06.2014;2014
40346;17.06.2014;2014
40347;18.06.2014;2014
40348;19.06.2014;2014
40349;20.06.2014;2014
40350;21.06.2014;2014
40351;22.06.2014;2014
40352;23.06.2014;2014
40353;24.06.2014;2014
40354;25.06.2014;2014
40355;26.06.2014;2014
40356;27.06.2014;2014
40357;28.06.2014;2014
40358;29.06.2014;2014
40359;30.06.2014;2014
40360;01.07.2014;2014
40361;02.07.2014;2014
40362;03.07.2014;2014
40363;04.07.2014;2014
40364;05.07.2014;2014
40365;06.07.2014;2014
40366;07.07.2014;2014
40367;08.07.2014;2014
40368;09.07.2014;2014
40369;10.07.2014;2014
40370;11.07.2014;2014
40371;12.07.2014;2014
40372;13.07.2014;2014
40373;14.07.2014;2014
40374;15.07.2014;2014
40375;16.07.2014;2014
40376;17.07.2014;2014
40377;18.07.2014;2014
40378;19.07.2014;2014
40379;20.07.2014;2014
40380;21.07.2014;2014
40381;22.07.2014;2014
40382;23.07.2014;2014
40383;24.07.2014;2014
40384;25.07.2014;2014
40385;26.07.2014;2014
40386;27.07.2014;2014
40387;28.07.2014;2014
40388;29.07.2014;2014
40389;30.07.2014;2014
40390;31.07.2014;2014
40391;01.08.2014;2014
40392;02.08.2014;2014
40393;03.08.2014;2014
40394;04.08.2014;2014
40395;05.08.2014;2014
40396;06.08.2014;2014
40397;07.08.2014;2014
40398;08.08.2014;2014
40399;09.08.2014;2014
40400;10.08.2014;2014
40401;11.08.2014;2014
40402;12.08.2014;2014
40403;13.08.2014;2014
40404;14.08.2014;2014
40405;15.08.2014;2014
40406;16.08.2014;2014
40407;17.08.2014;2014
40408;18.08.2014;2014
40409;19.08.2014;2014
40410;20.08.2014;2014
40411;21.08.2014;2014
40412;22.08.2014;2014
40413;23.08.2014;2014
40414;24.08.2014;2014
40415;25.08.2014;2014
40416;26.08.2014;2014
40417;27.08.2014;2014
40418;28.08.2014;2014
40419;29.08.2014;2014
40420;30.08.2014;2014
40421;31.08.2014;2014
40422;01.09.2014;2014
40423;02.09.2014;2014
40424;03.09.2014;2014
40425;04.09.2014;2014
40426;05.09.2014;2014
40427;06.09.2014;2014
40428;07.09.2014;2014
40429;08.09.2014;2014
40430;09.09.2014;2014
40431;10.09.2014;2014
40432;11.09.2014;2014
40433;12.09.2014;2014
40434;13.09.2014;2014
40435;14.09.2014;2014
40436;15.09.2014;2014
40437;16.09.2014;2014
40438;17.09.2014;2014
40439;18.09.2014;2014
40440;19.09.2014;2014
40441;20.09.2014;2014
40442;21.09.2014;2014
40443;22.09.2014;2014
40444;23.09.2014;2014
40445;24.09.2014;2014
40446;25.09.2014;2014
40447;26.09.2014;2014
40448;27.09.2014;2014
40449;28.09.2014;2014
40450;29.09.2014;2014
40451;30.09.2014;2014
40452;01.10.2014;2014
40453;02.10.2014;2014
40454;03.10.2014;2014
40455;04.10.2014;2014
40456;05.10.2014;2014
40457;06.10.2014;2014
40458;07.10.2014;2014
40459;08.10.2014;2014
40460;09.10.2014;2014
40461;10.10.2014;2014
40462;11.10.2014;2014
40463;12.10.2014;2014
40464;13.10.2014;2014
40465;14.10.2014;2014
40466;15.10.2014;2014
40467;16.10.2014;2014
40468;17.10.2014;2014
40469;18.10.2014;2014
40470;19.10.2014;2014
40471;20.10.2014;2014
40472;21.10.2014;2014
40473;22.10.2014;2014
40474;23.10.2014;2014
40475;24.10.2014;2014
40476;25.10.2014;2014
40477;26.10.2014;2014
40478;27.10.2014;2014
40479;28.10.2014;2014
40480;29.10.2014;2014
40481;30.10.2014;2014
40482;31.10.2014;2014
40483;01.11.2014;2014
40484;02.11.2014;2014
40485;03.11.2014;2014
40486;04.11.2014;2014
40487;05.11.2014;2014
40488;06.11.2014;2014
40489;07.11.2014;2014
40490;08.11.2014;2014
40491;09.11.2014;2014
40492;10.11.2014;2014
40493;11.11.2014;2014
40494;12.11.2014;2014
40495;13.11.2014;2014
40496;14.11.2014;2014
40497;15.11.2014;2014
40498;16.11.2014;2014
40499;17.11.2014;2014
40500;18.11.2014;2014
40501;19.11.2014;2014
40502;20.11.2014;2014
40503;21.11.2014;2014
40504;22.11.2014;2014
40505;23.11.2014;2014
40506;24.11.2014;2014
40507;25.11.2014;2014
40508;26.11.2014;2014
40509;27.11.2014;2014
40510;28.11.2014;2014
40511;29.11.2014;2014
40512;30.11.2014;2014
40513;01.12.2014;2014
40514;02.12.2014;2014
40515;03.12.2014;2014
40516;04.12.2014;2014
40517;05.12.2014;2014
40518;06.12.2014;2014
40519;07.12.2014;2014
40520;08.12.2014;2014
40521;09.12.2014;2014
40522;10.12.2014;2014
40523;11.12.2014;2014
40524;12.12.2014;2014
40525;13.12.2014;2014
40526;14.12.2014;2014
40527;15.12.2014;2014
40528;16.12.2014;2014
40529;17.12.2014;2014
40530;18.12.2014;2014
40531;19.12.2014;2014
40532;20.12.2014;2014
40533;21.12.2014;2014
40534;22.12.2014;2014
40535;23.12.2014;2014
40536;24.12.2014;2014
40537;25.12.2014;2014
40538;26.12.2014;2014
40539;27.12.2014;2014
40540;28.12.2014;2014
40541;29.12.2014;2014
40542;30.12.2014;2014
40543;31.12.2014;2014
40544;01.01.2015;2015
40545;02.01.2015;2015
40546;03.01.2015;2015
40547;04.01.2015;2015
40548;05.01.2015;2015
40549;06.01.2015;2015
40550;07.01.2015;2015
40551;08.01.2015;2015
40552;09.01.2015;2015
40553;10.01.2015;2015
40554;11.01.2015;2015
40555;12.01.2015;2015
40556;13.01.2015;2015
40557;14.01.2015;2015
40558;15.01.2015;2015
40559;16.01.2015;2015
40560;17.01.2015;2015
40561;18.01.2015;2015
40562;19.01.2015;2015
40563;20.01.2015;2015
40564;21.01.2015;2015
40565;22.01.2015;2015
40566;23.01.2015;2015
40567;24.01.2015;2015
40568;25.01.2015;2015
40569;26.01.2015;2015
40570;27.01.2015;2015
40571;28.01.2015;2015
40572;29.01.2015;2015
40573;30.01.2015;2015
40574;31.01.2015;2015
40575;01.02.2015;2015
40576;02.02.2015;2015
40577;03.02.2015;2015
40578;04.02.2015;2015
40579;05.02.2015;2015
40580;06.02.2015;2015
40581;07.02.2015;2015
40582;08.02.2015;2015
40583;09.02.2015;2015
40584;10.02.2015;2015
40585;11.02.2015;2015
40586;12.02.2015;2015
40587;13.02.2015;2015
40588;14.02.2015;2015
40589;15.02.2015;2015
40590;16.02.2015;2015
40591;17.02.2015;2015
40592;18.02.2015;2015
40593;19.02.2015;2015
40594;20.02.2015;2015
40595;21.02.2015;2015
40596;22.02.2015;2015
40597;23.02.2015;2015
40598;24.02.2015;2015
40599;25.02.2015;2015
40600;26.02.2015;2015
40601;27.02.2015;2015
40602;28.02.2015;2015
40603;01.03.2015;2015
40604;02.03.2015;2015
40605;03.03.2015;2015
40606;04.03.2015;2015
40607;05.03.2015;2015
40608;06.03.2015;2015
40609;07.03.2015;2015
40610;08.03.2015;2015
40611;09.03.2015;2015
40612;10.03.2015;2015
40613;11.03.2015;2015
40614;12.03.2015;2015
40615;13.03.2015;2015
40616;14.03.2015;2015
40617;15.03.2015;2015
40618;16.03.2015;2015
40619;17.03.2015;2015
40620;18.03.2015;2015
40621;19.03.2015;2015
40622;20.03.2015;2015
40623;21.03.2015;2015
40624;22.03.2015;2015
40625;23.03.2015;2015
40626;24.03.2015;2015
40627;25.03.2015;2015
40628;26.03.2015;2015
40629;27.03.2015;2015
40630;28.03.2015;2015
40631;29.03.2015;2015
40632;30.03.2015;2015
40633;31.03.2015;2015
40634;01.04.2015;2015
40635;02.04.2015;2015
40636;03.04.2015;2015
40637;04.04.2015;2015
40638;05.04.2015;2015
40639;06.04.2015;2015
40640;07.04.2015;2015
40641;08.04.2015;2015
40642;09.04.2015;2015
40643;10.04.2015;2015
40644;11.04.2015;2015
40645;12.04.2015;2015
40646;13.04.2015;2015
40647;14.04.2015;2015
40648;15.04.2015;2015
40649;16.04.2015;2015
40650;17.04.2015;2015
40651;18.04.2015;2015
40652;19.04.2015;2015
40653;20.04.2015;2015
40654;21.04.2015;2015
40655;22.04.2015;2015
40656;23.04.2015;2015
40657;24.04.2015;2015
40658;25.04.2015;2015
40659;26.04.2015;2015
40660;27.04.2015;2015
40661;28.04.2015;2015
40662;29.04.2015;2015
40663;30.04.2015;2015
40664;01.05.2015;2015
40665;02.05.2015;2015
40666;03.05.2015;2015
40667;04.05.2015;2015
40668;05.05.2015;2015
40669;06.05.2015;2015
40670;07.05.2015;2015
40671;08.05.2015;2015
40672;09.05.2015;2015
40673;10.05.2015;2015
40674;11.05.2015;2015
40675;12.05.2015;2015
40676;13.05.2015;2015
40677;14.05.2015;2015
40678;15.05.2015;2015
40679;16.05.2015;2015
40680;17.05.2015;2015
40681;18.05.2015;2015
40682;19.05.2015;2015
40683;20.05.2015;2015
40684;21.05.2015;2015
40685;22.05.2015;2015
40686;23.05.2015;2015
40687;24.05.2015;2015
40688;25.05.2015;2015
40689;26.05.2015;2015
40690;27.05.2015;2015
40691;28.05.2015;2015
40692;29.05.2015;2015
40693;30.05.2015;2015
40694;31.05.2015;2015
40695;01.06.2015;2015
40696;02.06.2015;2015
40697;03.06.2015;2015
40698;04.06.2015;2015
40699;05.06.2015;2015
40700;06.06.2015;2015
40701;07.06.2015;2015
40702;08.06.2015;2015
40703;09.06.2015;2015
40704;10.06.2015;2015
40705;11.06.2015;2015
40706;12.06.2015;2015
40707;13.06.2015;2015
40708;14.06.2015;2015
40709;15.06.2015;2015
40710;16.06.2015;2015
40711;17.06.2015;2015
40712;18.06.2015;2015
40713;19.06.2015;2015
40714;20.06.2015;2015
40715;21.06.2015;2015
40716;22.06.2015;2015
40717;23.06.2015;2015
40718;24.06.2015;2015
40719;25.06.2015;2015
40720;26.06.2015;2015
40721;27.06.2015;2015
40722;28.06.2015;2015
40723;29.06.2015;2015
40724;30.06.2015;2015
40725;01.07.2015;2015
40726;02.07.2015;2015
40727;03.07.2015;2015
40728;04.07.2015;2015
40729;05.07.2015;2015
40730;06.07.2015;2015
40731;07.07.2015;2015
40732;08.07.2015;2015
40733;09.07.2015;2015
40734;10.07.2015;2015
40735;11.07.2015;2015
40736;12.07.2015;2015
40737;13.07.2015;2015
40738;14.07.2015;2015
40739;15.07.2015;2015
40740;16.07.2015;2015
40741;17.07.2015;2015
40742;18.07.2015;2015
40743;19.07.2015;2015
40744;20.07.2015;2015
40745;21.07.2015;2015
40746;22.07.2015;2015
40747;23.07.2015;2015
40748;24.07.2015;2015
40749;25.07.2015;2015
40750;26.07.2015;2015
40751;27.07.2015;2015
40752;28.07.2015;2015
40753;29.07.2015;2015
40754;30.07.2015;2015
40755;31.07.2015;2015
40756;01.08.2015;2015
40757;02.08.2015;2015
40758;03.08.2015;2015
40759;04.08.2015;2015
40760;05.08.2015;2015
40761;06.08.2015;2015
40762;07.08.2015;2015
40763;08.08.2015;2015
40764;09.08.2015;2015
40765;10.08.2015;2015
40766;11.08.2015;2015
40767;12.08.2015;2015
40768;13.08.2015;2015
40769;14.08.2015;2015
40770;15.08.2015;2015
40771;16.08.2015;2015
40772;17.08.2015;2015
40773;18.08.2015;2015
40774;19.08.2015;2015
40775;20.08.2015;2015
40776;21.08.2015;2015
40777;22.08.2015;2015
40778;23.08.2015;2015
40779;24.08.2015;2015
40780;25.08.2015;2015
40781;26.08.2015;2015
40782;27.08.2015;2015
40783;28.08.2015;2015
40784;29.08.2015;2015
40785;30.08.2015;2015
40786;31.08.2015;2015
40787;01.09.2015;2015
40788;02.09.2015;2015
40789;03.09.2015;2015
40790;04.09.2015;2015
40791;05.09.2015;2015
40792;06.09.2015;2015
40793;07.09.2015;2015
40794;08.09.2015;2015
40795;09.09.2015;2015
40796;10.09.2015;2015
40797;11.09.2015;2015
40798;12.09.2015;2015
40799;13.09.2015;2015
40800;14.09.2015;2015
40801;15.09.2015;2015
40802;16.09.2015;2015
40803;17.09.2015;2015
40804;18.09.2015;2015
40805;19.09.2015;2015
40806;20.09.2015;2015
40807;21.09.2015;2015
40808;22.09.2015;2015
40809;23.09.2015;2015
40810;24.09.2015;2015
40811;25.09.2015;2015
40812;26.09.2015;2015
40813;27.09.2015;2015
40814;28.09.2015;2015
40815;29.09.2015;2015
40816;30.09.2015;2015
40817;01.10.2015;2015
40818;02.10.2015;2015
40819;03.10.2015;2015
40820;04.10.2015;2015
40821;05.10.2015;2015
40822;06.10.2015;2015
40823;07.10.2015;2015
40824;08.10.2015;2015
40825;09.10.2015;2015
40826;10.10.2015;2015
40827;11.10.2015;2015
40828;12.10.2015;2015
40829;13.10.2015;2015
40830;14.10.2015;2015
40831;15.10.2015;2015
40832;16.10.2015;2015
40833;17.10.2015;2015
40834;18.10.2015;2015
40835;19.10.2015;2015
40836;20.10.2015;2015
40837;21.10.2015;2015
40838;22.10.2015;2015
40839;23.10.2015;2015
40840;24.10.2015;2015
40841;25.10.2015;2015
40842;26.10.2015;2015
40843;27.10.2015;2015
40844;28.10.2015;2015
40845;29.10.2015;2015
40846;30.10.2015;2015
40847;31.10.2015;2015
40848;01.11.2015;2015
40849;02.11.2015;2015
40850;03.11.2015;2015
40851;04.11.2015;2015
40852;05.11.2015;2015
40853;06.11.2015;2015
40854;07.11.2015;2015
40855;08.11.2015;2015
40856;09.11.2015;2015
40857;10.11.2015;2015
40858;11.11.2015;2015
40859;12.11.2015;2015
40860;13.11.2015;2015
40861;14.11.2015;2015
40862;15.11.2015;2015
40863;16.11.2015;2015
40864;17.11.2015;2015
40865;18.11.2015;2015
40866;19.11.2015;2015
40867;20.11.2015;2015
40868;21.11.2015;2015
40869;22.11.2015;2015
40870;23.11.2015;2015
40871;24.11.2015;2015
40872;25.11.2015;2015
40873;26.11.2015;2015
40874;27.11.2015;2015
40875;28.11.2015;2015
40876;29.11.2015;2015
40877;30.11.2015;2015
40878;01.12.2015;2015
40879;02.12.2015;2015
40880;03.12.2015;2015
40881;04.12.2015;2015
40882;05.12.2015;2015
40883;06.12.2015;2015
40884;07.12.2015;2015
40885;08.12.2015;2015
40886;09.12.2015;2015
40887;10.12.2015;2015
40888;11.12.2015;2015
40889;12.12.2015;2015
40890;13.12.2015;2015
40891;14.12.2015;2015
40892;15.12.2015;2015
40893;16.12.2015;2015
40894;17.12.2015;2015
40895;18.12.2015;2015
40896;19.12.2015;2015
40897;20.12.2015;2015
40898;21.12.2015;2015
40899;22.12.2015;2015
40900;23.12.2015;2015
40901;24.12.2015;2015
40902;25.12.2015;2015
40903;26.12.2015;2015
40904;27.12.2015;2015
40905;28.12.2015;2015
40906;29.12.2015;2015
40907;30.12.2015;2015
40908;31.12.2015;2015
40909;01.01.2016;2016
